velocity,vertical_rate,altitude,heading_rate,squawk
219.66528700980808,1.019375197208017,10099.384677381306,1.2025491116801492,2000
223.70438016934654,-3.540437981457596,6463.703025712429,0.10982777113714516,1200
222.8051459871977,1.6096139477250084,3051.6102681308466,0.10627670346972005,2000
193.62218917070444,-1.5865670691084632,2515.6998231204334,0.8205554796379274,2000
217.4484976525422,3.021048367697388,10454.913233670915,0.31495238240190643,1200
152.52097346802,-7.353597354701718,4143.66518880735,0.33619648166456373,1200
233.4066458668724,-2.072743293633149,7248.03813000212,0.3135726867582262,1200
256.2827127169105,-11.434294189278832,6415.3647597779955,0.07054369863165393,1200
214.9427524678072,3.5924538828580785,3248.185190868121,0.5045930391269671,1200
208.60739347766557,7.896902950247894,7751.400210569119,0.5338108731149028,1200
230.1922984627177,-5.458788132650415,304.6597329025996,15.477300085501534,1200
196.06671749910603,-6.875393740546182,2395.0172568619573,0.5827005714698433,1200
232.72151803207964,-0.31024344131577997,648.6005282717754,12.451033386857924,1200
198.8382092203808,-2.728064011915359,7558.1843298828535,0.09342083185013135,1200
209.7721486248291,-1.5580639145953483,4798.847201988479,0.5191193774128631,2000
213.43793921104188,-3.6098780612503947,6189.723176286523,0.3466436351638295,1200
171.7709292843864,-0.7552419577949706,7545.747139892363,0.29336587421267024,5678
194.7557856343002,0.5876594149112926,4888.412488803687,1.07870812834472,1200
176.8339554087793,0.7543718906995013,6916.741366794238,0.8048114093060128,2000
198.815184804491,3.966569309229578,9953.476480688354,0.15104287679197986,1200
221.62390737425673,0.8533926234842245,8007.502056711145,2.4701369629732124,1200
253.01439853023413,0.3421090705832219,3237.4314512988003,1.8393876848635338,1200
192.6775259936377,4.504778524050715,6399.128371641897,0.131530029050317,1200
186.88178523696163,-1.7683961475441334,211.63466135868094,22.504269502143977,1200
221.46553824455788,0.07089352535027359,6454.670096331122,0.491046391604556,1200
180.11478285210143,-5.1550884961788705,6326.075044878274,0.28615965557123235,1200
206.2575856366541,2.069201005078894,10747.005589332386,0.401021150854934,2000
164.37109907420236,-5.929978269660854,10439.9921449022,0.30028779287346685,1200
141.57303559696763,2.1407969495582333,10935.842585123719,0.17912079047757612,2000
201.4730364938383,8.410239892677604,3947.5924914163143,0.22142509270137412,2000
216.39128027403413,-5.517938505581326,8238.596141480793,0.0862955367742161,1200
185.94516663781087,4.992388938584426,2569.6633854238135,0.4882822206615069,1200
233.35714951759968,0.8345981230540352,8098.599463821246,0.317616181201471,1200
211.45029856787573,-0.20840865793933278,9059.047500721645,0.2941079437537508,1200
141.18265953676115,-5.165116471439376,8315.431451779754,3.1637888685296036,2000
189.31936794967214,3.084487228723366,4352.466075962551,1.90458799913702,1200
238.52366822776472,2.0404018905619834,6462.725047253779,0.13524344308837757,2000
178.76186091550906,-5.327706091171632,9761.048980226893,0.22394375388425689,2000
197.1146493719615,-0.6715172908736304,5572.564826274009,0.6750478153032663,2000
214.136048985816,-2.173159052136839,10717.405955199281,0.45588844474376106,1200
178.40130313742685,1.142799666104813,10407.033033585445,0.16826515181912213,1200
242.1246191329088,1.6263126379715158,3663.1508207148245,3.848973222535069,5678
187.5449286874784,-5.18949039361632,8953.302402199824,0.052044883030832906,1200
168.42920403142745,-2.7374427847025884,3416.8066009354025,0.6158906047899142,2000
166.87022481353046,-4.052774028878111,2731.0359948722107,1.7886270889455234,1200
208.85656785250117,-3.5608673160859663,8594.703855311152,0.10543139868877449,1200
178.55695898767274,1.606989942009518,2194.7461548815054,0.08354106287785046,4321
188.3828024719795,0.468663790818585,4019.932132907535,0.5652801894343364,1200
263.6407319977588,2.638238741880739,9880.971406799645,0.4141523185957151,2000
235.16676804893538,-0.4486996118162954,5895.622142995367,0.26983920949863627,1200
211.39751039094625,5.270556837278084,9397.577662083157,0.7253669251394279,1200
190.4339475941925,0.790017006787713,3210.4565771026946,0.17239330489024163,4321
194.73892056056872,-0.5109799187198631,5870.2324263003875,0.034563998053770896,1200
157.92766654548106,0.09287592358074112,7010.004826601409,0.02546889196945343,1200
197.73014086506222,-2.9631900984897164,4002.9947184898083,0.22953909691536478,1200
176.49544099855612,-2.6947674372283283,10685.645162449224,0.2430179587825789,1200
144.430573138271,1.9621721345336753,9161.312407316633,0.9433112847554694,1200
212.29802541896694,0.5927659222620992,4609.057338375076,0.5497643496903661,1200
229.80163888015377,7.298472487280385,3014.5346987040193,1.317224893529354,1200
181.3309404968577,6.2356281852184665,6967.549477959644,0.6667612623513496,1200
192.56022856691501,-4.44386468807272,8102.356263348495,0.5913331962339443,1200
165.22190842956473,-0.7938347472273546,6753.473353067418,1.1464766453299384,1200
199.06966972048235,4.077802011557762,10985.268679877163,0.103233667130853,1200
158.3378275627955,3.9470096206916843,9026.426925147936,0.04103010668010288,1200
183.69304834873168,56.01366287217766,4519.930347054962,0.07913678400677633,1200
231.85898296313223,1.7926247770410024,10075.088357223842,0.35348795906798547,1200
165.90770496258403,-1.6512359840196398,8201.82073800866,0.4006034766762674,2000
218.9069046716161,3.145448315776974,7216.369944643073,0.3851314829821981,2000
183.61284016325448,1.604087395705083,581.4685718769581,14.015358803051686,1200
191.0130061197558,1.415843370854033,4647.164082874771,0.12884546451004955,1200
226.27847897969843,5.877901977505181,9108.792945613379,0.11913226767503433,1200
166.7608513613606,-2.0569207344391556,7191.132048551534,0.154430915636801,1200
249.86574642483077,4.032980796300064,6006.239184595432,0.25038241969507313,2000
201.85411973456993,-11.396294842517154,8072.590313646553,0.14908422721862777,1200
228.34400737620498,1.7950179598202491,10727.16624985624,0.5321676002872617,1200
191.88411200042322,-3.423636877726145,10430.159560464403,0.14948847861198483,1200
191.22306583798672,-0.8869054716065089,6055.634756530476,0.2811049606577393,2000
178.00686540720164,-0.8046939316328408,2418.5739756064804,0.21393715104775288,1200
185.07625843731154,6.422543501733119,4319.346937843246,0.40925103608692587,1200
247.8002606067219,-1.4823099386409098,10603.936551232971,0.24843151507471328,1200
188.20343803515007,1.5813873405277727,3400.195565385227,0.4483608165255573,1200
194.07024728785095,3.1323908518285224,5000.334142003328,0.9924867287561037,5678
209.61435446984734,-3.6486126961307646,3958.6307662206473,0.16686247409429003,2000
260.67215039178444,-0.11712833351704315,10486.552432979151,0.7987262024256806,2000
186.061569759019,2.085752947866999,10715.439763344624,0.07020394886473948,1200
191.09695800392478,-0.05374475411553494,2184.22263574164,0.7052761250711252,4321
199.0562879336805,5.89497068042052,4401.716189383072,0.03200147387915923,1200
203.9470305128095,-1.1144097869534506,4806.878367895315,0.14281127621622672,1200
178.13741109307128,0.988814731284264,5370.353336965158,2.433976198918063,2000
182.65694879389895,2.9669247975631867,3803.5186254667024,1.9913008043086564,1200
215.40238219875005,-0.02732828635112711,3945.8557926778553,0.06265428198362635,1200
240.5675499504623,1.2747179800429078,7504.393782633809,0.06355111575245329,1200
274.5296943738538,0.2603248728773239,4499.836966952166,0.03468973717991027,1200
165.51412133006326,-0.7392746454027779,5605.825435343393,0.2854226790682287,1200
199.99291681632374,-4.816045739270494,4058.0886297045736,0.041915744077146946,1200
151.0719042204743,-2.5523802400120954,8322.074051072106,0.25018541561731233,4321
169.08868495360426,-2.721925222445719,2283.5154530245686,0.9591757927901133,2000
199.2535611366415,1.2996416443122463,6156.757512650159,1.149772297743465,2000
192.34537663432926,8.355680014266682,2476.118202173336,0.458468267885424,1200
169.8175592746775,3.7679863547189676,2322.678900835673,0.060570747361659766,2000
246.19600153906674,1.409651776874857,3773.363661798022,0.6311509596832444,5678
163.4230875747828,6.3246803273931125,9842.008131031556,0.14089459831832576,1200
227.50313600815372,-3.6200737838520842,7519.326509825081,0.614857172404806,1200
164.06394917282492,-2.5587349670104036,4374.261958346697,0.04619434239046108,1200
244.55038247055336,-2.104310936579908,10597.291794207817,0.8804875656808768,1200
190.61403743646824,1.2597256868135314,8402.589278343432,0.23256216252473602,1200
145.7889133689727,-3.5860766208232118,10433.838125030697,0.23876911153190805,5678
193.2206409439331,5.375468556410561,6962.097855878563,0.7691185085754094,4321
232.1402492307789,-3.1044994070201866,6900.66281312671,0.015457043471945979,2000
126.7321019889767,-5.957787367612552,4089.411944205388,0.856585407375639,1200
201.64154419844633,1.8772576389992508,8564.462305346855,0.5347091068031882,2000
240.90723166198853,-1.8123694747972698,4638.904988996577,0.42091155361429505,1200
192.32803158612415,0.6685873946667904,7812.842487573697,0.1416398656447983,1200
236.44404519906914,6.043089542053317,6936.528990623384,0.00973963306730265,1200
163.55357123176663,4.958583217315169,2850.702539620915,0.13094810368811913,2000
173.82494296531718,4.888806232909425,2072.514887641623,1.4483999653285975,1200
161.95975286394787,7.616915053747354,5467.180085563071,0.4940716123590703,1200
238.41657269782576,-0.7826188873470452,9990.116845800625,0.17833387401473885,2000
212.823281073586,-1.2278120196510272,10203.41724152294,0.2388438292046068,1200
161.4976238876549,2.2304679519240005,6720.200837504161,0.1627212810105912,1200
202.93169491930416,4.15188871917456,4802.099032382517,1.5278372887130713,1200
211.05398413004102,54.61628800827634,2672.39534001002,0.1428927231538607,1200
208.24564912062232,0.9317918274265022,5276.530338954212,0.10925516943341987,1200
198.31587029843013,-5.751955437444045,10618.945805393525,0.7281478248882304,1200
183.3848258168175,-4.387991091618711,10633.178486705421,0.17852817453423614,5678
211.33543723205403,-3.268356014983211,6081.536157403629,1.3608229522885638,2000
168.04690654201167,2.111881476932898,9119.307280316933,0.8681934217316098,1200
181.29933492905798,-4.906793238343187,7614.315007584439,0.6039549976301606,1200
248.89163252405987,3.612880223085188,6451.9465056810295,0.6412114600111807,1200
209.7205324310178,-4.676825996344896,10653.603213362549,0.4604864068614776,2000
205.1627616583873,2.458269190330349,2363.8971887293706,0.28957790634442737,1200
191.90927159726795,0.22786675428323522,2111.4281489746018,1.1693018997535207,1200
227.2739365632164,4.9004731056931785,6552.247752265181,0.2714313095198898,1200
139.08088187167536,3.4123092557210275,7789.793938319391,0.2039308149259484,1200
207.87823833090064,-3.4875056539516973,2541.984957352116,0.3319007790103229,1200
199.96318804932952,-1.7814714398065754,9111.009110086634,0.008428494521850915,4321
183.97163610479444,-2.493346368947327,9537.24134633672,1.0529829803033381,5678
172.51827333300997,0.730012282509975,5654.57509612188,0.3979997333439465,1200
205.57716698049066,4.976911029937473,7567.874225854144,0.28278841493834217,2000
219.57149616697845,-7.0634654448426195,10588.802878644576,0.5634263761070346,1200
202.0679844483147,4.896310086841019,10411.646669421461,0.07319746482451941,1200
207.1330917476642,1.08691613888176,6227.071805947785,0.5521020851352499,1200
211.90753957112037,-1.3790500955617422,3773.35170905063,1.3414679111259549,2000
258.94668528602176,-2.043063316132662,9248.661780057395,0.24097022602923165,2000
202.22067671875456,3.206840937722526,9506.764420471554,0.026652343978297324,1200
149.993641362939,1.1035044965914373,6882.141806466048,0.2180088466904816,1200
202.89587585910238,9.56276689604577,9873.888106317625,0.05791689507813275,1200
152.99705010801526,-3.4054333378350323,7434.892422339687,0.8506597825646534,1200
208.1807809323184,4.846796424027258,2208.510901874727,0.5914279174143878,1200
193.22346962894954,0.24181046034066322,6271.510149933571,0.9148984618170647,1200
191.87633925792858,-5.934958938908894,4263.862046914289,3.568072849670955,2000
221.7322857794756,1.0252185099586133,9807.105509483428,1.6588636677911852,1200
215.4068657054531,-2.2540827768969653,4191.160296970906,0.0001457116976595286,5678
242.98899076774057,3.593808724427639,2254.293224685442,0.06697732819730214,1200
179.54316883086327,6.10197040352667,10807.90850606876,0.1137186729247062,1200
196.11085423032665,-0.6720596661907376,6349.761458147121,2.231355326359554,4321
200.46291833130115,4.453273383838913,6776.307593384149,0.38237329419098176,1200
216.37317031103086,1.3355193182067076,7521.087538352559,0.20392909574124793,4321
207.35740807503336,4.9782041422088605,10132.10190338723,0.38743180356682344,1200
178.13932720523914,-7.605293812612151,3317.409187282607,0.13244320574587962,1200
195.96120246667684,3.5556833130438994,2018.3400734894508,0.7124751220208332,2000
195.67988229361117,8.568887206278724,10692.82946026358,0.0759434098574666,1200
185.4210453664034,8.531361987354375,7568.124874240885,1.225585432149981,1200
201.70936937249334,3.1944575822285532,9017.489317265303,0.05036272060502208,1200
221.8620884113746,0.8710015095774557,6722.11394674199,1.0654145784519704,2000
185.16111464278745,6.37476535875128,8483.103886397897,1.8047870889169164,1200
217.51911540358407,1.3871576854507879,6516.043074595357,0.9155757714153048,1200
192.82825521508477,-2.4582629983585678,9324.334743533469,0.05322646437975373,1200
185.27338205064873,-1.4711053692488192,2848.2327382604417,0.004746902882268048,4321
195.9886935869806,3.585691210628966,7061.825238701385,0.21083073401085783,1200
246.83106132638312,4.769410502265298,8477.298164852265,0.02468050317351826,1200
173.19658161520047,-0.7981279102266519,3164.777461556552,0.20478773157264132,2000
216.98721703308402,1.359328054590174,3026.630643711772,0.21725215886062182,1200
204.1124436993701,-1.782183386929074,9159.673784404717,0.7546740479310203,2000
214.7180465942493,6.600192261468303,6500.966102200325,0.34427472923627267,1200
210.6237239068454,-10.69499116859679,3084.8012432475803,1.3099329381660372,5678
202.92886557508996,0.6533978007193655,6878.234128612971,0.1503351930702061,1200
202.06908219583977,-4.043741168469207,3291.850596890391,0.1110159711548745,1200
170.42767536822518,5.843774917912326,3520.833182971183,0.5095480807128083,1200
188.51245603351708,-1.7976250139376972,10143.701151167046,0.7463487975529777,1200
223.5522428566325,-5.043213488769912,3100.6478726337573,0.014682926779873998,1200
212.2304216810224,0.8081233514691546,3260.3329167647044,2.492841661360043,1200
175.03765305295633,6.926195508407368,3332.6308921923883,0.6681918402119011,1200
192.86302137303508,-8.442854584705223,6849.767499993109,0.3302669397479918,2000
202.35772251935308,-2.737973931420919,7354.365240501941,1.5187593880950612,1200
218.36318841067708,3.012217307364297,3357.417880858976,0.03208031441619083,5678
169.766871308851,6.083084410808953,6044.614332892196,0.22624807981241238,1200
234.63752002510154,-0.8083213256012662,2776.5589713746967,2.931728406452638,2000
180.42168222966433,1.1950877462714913,6571.290512654256,0.5404902789472005,2000
163.5457626607162,4.689529344232202,6621.040905020017,0.010356669706481192,2000
189.5303310488317,-5.713162768489043,4390.533795030387,0.8244129747647408,1200
190.13413249494593,0.4212589521984953,4510.063326549007,0.6166320015589081,1200
176.46763274097697,0.9258565700975098,10595.753508094582,0.10496193992303582,1200
170.40835166974873,-5.406337060815889,10249.509803811263,0.26660614872415195,2000
223.33087689284656,3.296318632076419,10580.763434449425,1.1248970360486963,1200
213.9825288382463,3.583350160370274,8297.636144212629,0.6656825137611518,1200
200.1660789398474,4.72488563734085,8694.548735969835,0.30962185302495104,2000
226.9039386121551,6.059349818723983,10668.709782953769,0.3024596605057715,2000
195.55700562965603,-4.900732854244615,9397.324214496406,0.38385284288150917,1200
172.74544359147515,9.885478845927212,7367.628728874575,0.5090269093684766,1200
234.42049862192985,-6.528355936185921,10271.390896492687,1.1470550763601053,2000
193.09957047709682,3.897183431085989,2105.162856731199,0.6279087738104012,1200
219.14714765866407,-1.2450831367881752,6762.993308193145,0.7241028197427598,1200
147.50846565260207,3.733852759519727,10767.140914678723,0.8209945051631313,1200
209.96204084562376,-1.0678425712133155,7824.179076795521,1.5674000286956147,2000
231.18256108453284,-2.880204342165284,4620.737441450355,0.129971478593714,1200
142.31196829425764,-0.31191365126200915,9056.24876092821,0.002202232293630272,1200
202.44246888150718,-0.8102478073678198,7127.104302520391,0.9129190016848404,1200
148.27357263446603,-0.8560890527097562,2367.8568521532434,0.4764793755905757,2000
203.48354912101604,5.355295486482974,2371.2769579584756,0.27322046287294843,2000
237.47067983556258,-6.107600603936026,5313.993560583776,0.022565617646881676,1200
160.60884420626127,-5.433275178942777,8802.59496924321,0.28578761893025595,2000
186.4874633357216,0.22212554216463606,7927.4953362386805,0.027248611422729715,1200
254.28858346233113,-4.9444797604029995,5639.121727650185,0.990416438575448,2000
193.09644493484856,-3.4579162136458974,6320.680581121691,0.270563438608844,1200
188.26487989923825,4.674684884743184,8995.756191154971,0.44779051833815614,1200
206.38148725496583,-3.5618533338473,2042.4452873544756,0.5229193868852938,1200
158.2009747538778,3.2546874086216757,5404.347296487445,0.038037392694390965,5678
171.58698349759723,0.302585175209483,9855.77844090242,0.21424419691780064,2000
236.1212516610429,0.36110375819303353,9507.89366471361,0.617774167639116,1200
155.42434274741515,1.9426560639447445,3154.540728347168,1.0427123381367662,1200
212.56315875982278,3.829350391296063,3981.8096224711817,0.10478835024928519,4321
175.74007579801517,2.145878157482027,5418.504188222541,0.5711594863250594,1200
257.38881769549243,-5.770465037698273,6690.708351319028,0.11897997917506746,1200
210.89190046576158,0.7813883297433086,8481.454266654731,0.994605111535239,1200
167.08346609784132,0.9295393515831771,6923.723878856281,0.003381611776351816,2000
221.16290097229992,-5.273131194345592,9433.84961725486,0.009790237533390258,2000
130.3707135516346,3.1368287596740276,7035.117728958966,0.32228242070714114,2000
130.7974332560542,8.769525118532737,7963.542396563522,0.8407320488949981,1200
174.5905242142889,-4.5976997278860265,4492.210207761599,0.8762603938435098,2000
235.41959378852545,1.3708833846077242,3751.355336890352,2.0461413779715794,1200
231.7081063920469,7.485446163503711,3245.7300604261386,0.86294495878994,1200
213.32808975322934,-3.5555090706166874,6754.468005810391,0.2822776863153845,2000
232.29333335396893,-2.1743175462141013,8801.39303019594,0.7930823368221975,2000
187.72074231234387,3.273969617193568,7817.2232345719785,0.18239385300313055,2000
198.67632348360416,2.3297304742094367,8661.322408232742,0.010409148418179838,1200
209.02793419856275,2.381187560619141,3237.491505002653,0.32553366614883467,1200
210.4559754673178,1.6474075626923481,9410.375902158494,0.9752653772618525,1200
229.8066655279694,-3.701626716974474,3055.0330387943586,0.23716190518148653,1200
223.0670055858789,6.632996770775349,5294.586407574113,0.3921004847783429,1200
191.50212674732776,-0.003938322400551348,10943.008587516919,0.5820967059121122,1200
241.02536262147325,-1.01986710977294,4726.246352582759,0.3085886375003009,1200
245.84610026112938,-2.5492422787672306,7209.201569123406,0.3391826832798372,1200
195.54289063376586,4.100398999320484,9013.632591409383,2.419499144970972,2000
221.6353855565687,-0.7496199297266194,7652.663704059319,0.12317601198577773,1200
189.22924477905906,-2.6308475015549613,10024.325311842782,0.2618406124864295,2000
225.2798843704691,1.211695942887438,5085.877542616404,0.32069117921951984,1200
189.38941477419604,6.5991107333031245,3964.8339129597707,0.7554174018320373,2000
242.32653328634248,-1.980620642281282,6370.579340986987,0.4923262083188377,1200
220.68034320615322,2.215453030667274,6966.663996424598,1.4055743475298899,1200
200.80573449348086,5.989804256409179,3901.8679677051578,0.40410394205723127,1200
190.42619776230347,-0.4676178839494577,3955.025028198086,0.6384209126768844,2000
173.9490141424247,3.2728661309169884,10874.031531561546,0.523384181181744,1200
133.4755926119481,14.71276577714667,7890.705854748146,0.22726233194830225,1200
249.1516633077599,8.573504212192049,3544.6526712002933,0.003349013244434308,1200
212.93236924280984,0.34600383532355383,8723.556776450481,0.050527824293661545,2000
166.67228479249337,6.282621576772545,7200.252785609397,0.5150952970818103,2000
194.75039864826527,5.237437891928116,8622.766741973766,0.09225928285150853,1200
219.31967733887947,-5.966950136908991,2636.4180403125665,0.17739378447814452,2000
188.3867646069373,0.7718698453335759,6661.07476395027,0.6218492692405218,1200
246.97548804728353,7.739972725291966,7893.495453976797,1.0116532731736905,1200
189.82428736200035,3.699838081154482,4098.546541691141,0.2252346746105605,1200
183.58589402238908,-3.988659370290771,7393.874983651805,0.20086685286039996,1200
197.9923813282054,0.23033748598346312,6635.460700304816,0.46044401621997494,1200
215.35626485388516,-2.243208186724543,4601.842914430943,0.2709211773842875,1200
207.2268474567979,3.5420768256421,8437.745847699302,2.425321842421312,2000
214.6947046019947,-4.085832319262007,5094.023729652112,0.02360907277507653,1200
217.1003350117307,-3.7405561896080464,3498.5483887177006,0.13140064071209676,1200
181.86657764544293,-2.26791248724289,3482.6996361329907,1.108890418282793,2000
261.9229475017483,-0.8639099322641401,3539.3116280692757,0.5057222831881539,1200
229.74207424851457,-3.4151032963919725,5553.472967748545,0.18241879337769362,1200
220.04929060060738,2.0826163313098793,8081.900288897455,0.3326093608751027,1200
225.6164119586751,4.096151716605612,2299.4274764821266,0.03823926252618475,1200
232.43100808717114,2.0497181837111684,6350.209925744153,0.4863342858958595,1200
227.29232614999316,1.5072630676298233,3881.83500796508,0.48469316749988606,2000
209.83949130943586,-5.017740215021347,9886.142993976871,0.12353437190585714,4321
210.3359567109383,0.4797724065492217,6041.193985834894,0.7159152437446653,1200
206.960762862413,2.2053936199597657,6075.842082235333,0.7914883090287215,2000
174.85832488772107,2.481007793979885,4122.725583296196,0.6741536727949505,1200
186.82991078386416,1.5766630731956157,3364.753341830906,1.018368438267476,5678
257.9709367045838,-3.368725335545377,3644.1362549351506,0.16200620163440904,1200
192.177819156652,-1.503230431864981,6709.992322725794,0.08082476883981653,1200
216.60362278899413,-2.8844152619371672,8172.664422914936,0.7548758765841749,1200
144.6805662504799,1.723429640811833,4011.4244488966815,0.07287690048085688,1200
183.37963877779927,1.3338906035312983,10700.482379785202,0.6407507392306032,1200
191.35177169670544,-0.8519530799525531,9000.21662986847,0.3812986171879616,1200
221.54322497602377,8.784619205997615,5105.1741268945225,0.6849155318674681,2000
190.10153177137227,4.99045599452003,6855.937974148892,1.2378818630898427,1200
163.85344680354882,-4.195352065608365,4804.35639055962,0.6412495386476118,7500
200.51707480614442,3.0030996716383758,3528.777980689961,1.0801819515002273,1200
225.99699791919625,4.875165901088141,4548.916090648538,1.015516326822667,1200
181.39423226231492,0.16875490672224033,8790.903401904663,1.5822923060596312,1200
224.06348761869174,3.3713128393766993,10839.025231760208,0.7838533668962796,1200
193.6751991612471,9.064071941003196,8437.391068978857,0.33256137151729603,1200
221.91487043773847,1.769991690706468,4291.098223254623,0.8218857082811079,1200
136.43497126387916,-0.011375766098470824,3418.36521474826,0.6155140744091346,2000
173.15705000710977,-8.239362289020496,2168.1876952045604,0.9289804129481137,1200
246.7325190655123,-7.01422440526302,2550.78002631791,0.02960734301361256,2000
128.3323620757619,-0.9744070333047382,6715.08606409084,0.23459687692097847,1200
178.60032886272032,0.7749476175523782,9585.406082002552,0.19876539310252034,1200
217.59658028164137,-2.9376342529516557,3429.0163886520395,1.9341291339977715,2000
201.72614363090312,-7.423748299917064,3629.433503227826,0.16740399103736217,1200
198.47883656087154,7.792717556066967,10982.8812269163,0.7448756121579156,1200
189.32343198579758,-1.1926440252021302,9296.247965556395,1.0137380585846438,1200
172.5149777773451,0.4028265333766679,2446.8332038613667,0.13991520848067465,2000
221.28465674828036,-5.130122571013094,5610.962533112286,1.3436739853323074,1200
200.32272896381193,3.2427673796963816,9317.187504303234,0.979698587632568,1200
224.0241785051113,4.697194556993162,2709.46804496968,0.2805773257634752,1200
153.03783981450425,0.5468654622333012,6405.481035317933,1.351816947575115,1200
222.4749100729049,-2.132016818383846,8632.02658714597,0.5011053419254679,5678
167.167999722271,3.2658544245759535,5147.689797794317,0.5681156765328513,1200
131.05512531011072,-1.8352884193045058,6178.871183626184,0.03350992790172696,2000
169.27352363105848,7.341715948280728,7978.484119129789,0.48773313624887044,1200
223.63593105709128,1.3600716699120738,2818.4863682765485,0.5079617685998288,4321
185.7123346654317,-5.57348589484695,6430.329572527606,0.6055769511076927,1200
153.9112190905393,6.086068479230779,10688.653510544626,0.185765239608677,2000
209.9058802170431,0.970589483586453,259.08903600659227,13.419072939083975,1200
205.41417528388024,2.0894319062479747,3975.9338857552916,0.1438109063588403,1200
223.34863144937614,2.3805867475720257,10796.537389699064,0.4943856007711473,1200
195.7448887968581,2.127859890562622,8164.407403980885,0.5457355526178802,1200
206.53457134117332,-1.4684745419222434,3737.0804217086443,0.32667319938661527,2000
186.50705788327485,-6.416054278450387,2721.4857422569544,0.004583256194321038,4321
187.70655449917462,1.322986808572709,4879.999833758845,0.6025616695413724,1200
225.28726077205957,-64.9962696097595,5400.178809704335,0.016507811765506284,1200
214.78883873160996,-1.9105386335502386,196.44227395660465,14.481325090710445,1200
205.23718126808205,-2.4118449603529517,2838.3298511811163,0.6352897956698326,1200
178.9897832582851,-6.917229599451581,2079.213522738562,0.3686073699884979,2000
169.95933310233855,3.8077662270751285,4944.8383684657,0.15311836390999342,1200
198.63022856341811,1.2486254929887388,5493.383315167766,0.8434421388832148,1200
167.97792841003795,1.5025897850084486,8724.940624905033,0.008966925487237943,1200
242.021237248492,-3.0330419595948803,9734.514176598152,1.4267637406410274,1200
197.40923495556908,4.038244306097047,4132.396777493825,1.0113232777058363,1200
243.2375233030671,0.9656048053844354,8622.065938163974,0.26562379096323907,1200
239.75743122734139,3.39098617258277,7276.072510308104,0.6153923797189059,1200
211.91742191238993,1.370574708937,2808.7777398722847,1.421407453809862,2000
173.55709112067532,-1.7088430034214106,3612.2843328951003,0.3340008764874065,1200
511.2215976570742,-1.0152072297101313,3455.7724847719887,0.027742875102905046,1200
231.63293184174339,2.449315045079539,8640.59003100673,0.1871194372408135,1200
230.40907526689955,2.8581005452927526,10184.56230752886,0.5686245197563778,1200
235.72102874716145,-0.5823313666678288,2198.928227128317,0.9902726980561531,1200
196.14899002386073,6.396937897198836,5488.607181380574,0.08824804270107577,1200
162.57714071969798,-3.8269444591344315,4520.5457131881985,2.0573711457126485,2000
170.39478635055593,-2.860751537531295,6535.696314950364,0.6673495094623565,1200
215.9923969508164,-4.3204966214699505,2358.123933704655,0.2884697631066674,1200
225.28994327775607,1.4232382148125342,9767.890506430771,0.1739746681640425,2000
221.3493824209068,3.721517785846382,8404.2034797701,0.4860389104438579,1200
235.82831967986613,3.0767849891560632,9282.508110097006,0.1450689452663005,1200
227.51907691369433,0.7674562606126548,8624.187134622167,0.5046198196814841,1200
207.20876019606465,1.0312133761754532,4985.282312173733,0.01234858297557597,1200
219.1091747602984,-0.5236865256937568,10071.405495391919,0.8588041465808354,4321
203.86926800575318,4.895002571463493,8818.143225276333,0.15008589356164498,2000
171.50068780839302,0.7938570910914916,2147.675236463559,0.5148462567068632,2000
190.0133750225062,-0.7801546553897244,8897.177044780168,0.07293105720211433,2000
184.938984572614,5.160272016079537,2415.7273157773375,1.0424933942758308,1200
186.32691081488292,0.5576095341537697,8396.512729629096,0.04606196966530934,4321
276.0488115892788,-1.5782372466329049,3356.5435630097136,0.15198408671758537,1200
191.16791175151664,4.1462531095606465,4178.201865648118,0.390640905615336,1200
188.45966592353705,-4.663856976900968,2187.325952512454,0.1633918913519789,1200
176.34288580115592,1.670453009927482,7363.497337346741,0.01568787277078307,1200
217.28645847643662,-4.589423404373696,4329.161577231972,0.6971828185314205,1200
206.3591363733537,7.212690366904744,8214.381092056341,0.19465279633183125,2000
183.0117416737307,-4.180535891175328,5785.20026046609,0.5147337371133327,1200
188.5440606254534,-5.352542979922347,260.49404244043,24.32269143544608,1200
229.02012004475745,-3.8219403101363665,6115.300734864821,0.8117894582663874,2000
168.4180597827909,-0.3595508476813131,3732.870689751848,0.17906637704643033,2000
182.07364723189627,-1.7740894272622831,8076.680848278229,1.4826447214859557,1200
204.5678247641913,0.29911103239035786,5676.3853736719275,0.5458284372919305,2000
205.79076748168998,-2.044664712932764,3119.623704671004,0.06629492157395833,1200
217.04006109195294,-0.5876553318365125,7298.530663606499,1.577541795813297,2000
174.30641332107857,5.069545553124672,4980.705094402194,0.23797991085003362,4321
138.68924364400368,-0.38868028763372586,7472.429990252128,0.7008414969024511,4321
195.92534019296838,-4.416147584092463,8058.312204488128,0.08077071359909695,1200
182.16300734150062,2.005034805790495,7046.457383465326,0.05534074499088314,1200
179.948462196985,-3.0067316691004287,4645.374589287007,0.31506748441359445,2000
204.92251703596608,1.216852075280959,6912.476640488628,0.07202663920422567,1200
117.76055639643046,1.9284408089794698,8319.334524193164,0.23400621609218214,1200
186.96234621986636,5.256005405207176,9710.111385630818,1.2180704761075125,4321
207.12628094569789,4.398516429830682,619.7738610682179,12.735946247866648,1200
201.84181591858302,-2.1931484507203045,7392.3646300160835,0.002710223072994689,1200
172.42727829260716,5.170184956187536,6859.6985629308,0.027385305637440217,1200
246.88324700550595,4.510469829833386,7659.296688848841,0.09040259553754049,4321
215.14674423918612,-0.05274027186509547,9897.379292982403,0.13408231518933555,1200
211.63202037475537,-0.039375289873675896,10082.058006159883,1.3644602375037231,2000
229.6720093132153,1.7671703338756306,2619.051116670773,0.5020591990018355,2000
199.45116919521695,-3.55136255179988,5130.180288876184,0.2682373414114327,2000
220.23067447224278,-4.648474428928357,10727.15815935892,0.7684214727185166,1200
193.21837481647754,-7.744331045891848,10683.86015327307,0.23979149671766609,1200
198.58866318186185,2.6950915912084743,8529.996923126459,1.2102965237545293,2000
205.15936041665523,-0.782766291429606,6446.525771867736,0.6284334284444817,5678
219.99730902033414,6.2294278254376545,7432.931057098025,0.8400663769102792,2000
171.81837826772698,-1.0350932228359668,9571.16571825873,0.10677957953162451,1200
143.7429310536777,-3.449254122840443,10090.091760237672,0.30507755855469165,2000
173.88057632119146,1.2152883461552422,8619.636418735714,0.4259366235296546,1200
197.75290049053217,-2.381253736257401,2083.2478834621647,1.000251048844802,1200
222.2948721938362,4.378360248464037,6133.867149459024,0.17033895641305233,4321
244.44588887955004,4.937449885640426,10092.9829767381,0.4636327038128441,1200
239.24543163899384,-1.9023464251748976,4499.193212269502,0.18657049934302267,1200
211.79037796580252,3.9551572011886043,5927.752727756431,1.0682500707506355,1200
201.01936899490275,1.7016245473523348,8684.246491559108,1.0722744119203838,2000
205.12168771752337,0.9405259226316819,6140.936763845971,0.5130299451662658,4321
220.25718225518665,-4.176030166387091,6058.118585899976,0.18302450119151964,1200
206.30499262186018,-1.024001316322628,9287.236788588889,0.7744004327196626,1200
177.92274955348563,-3.0496243992669982,3863.2239620880177,1.646510218875231,1200
229.8325357513852,1.9717175307010635,6335.586153846544,0.0161327755556827,1200
220.20148421491422,-1.3097897888098282,10468.358725923235,0.20652744793946975,5678
232.499974287844,-6.49205122298429,3718.027703264689,3.418577807335028,2000
241.78423186417194,-2.7295603541319915,4043.3730304056676,0.8311327436945113,1200
197.9297922298254,-2.54444231248651,4563.9072363672985,0.4440296302517597,1200
158.6170925496488,5.160246232488529,7900.869744949856,0.9256102432592314,2000
149.34720086071792,5.47568003542739,9089.317988750241,0.1379150414867478,1200
207.73061893141877,0.10444566081098919,9361.392741331634,0.0014855027321225137,1200
239.29269088796914,2.0819511921547575,6798.707879487063,0.11660546394693913,1200
186.36735428093456,6.908359733026426,6041.552172006546,0.3163944872503547,2000
241.88953252409488,0.5848713239533567,3307.7956066175757,0.09981317917524993,1200
150.76700873790833,3.511012994658105,8717.537148096395,0.008159748228014083,2000
158.70157193568724,2.9643553743903954,10934.116397696205,0.5581212588811959,1200
118.33806793388084,-3.2584294085102905,10208.535476981653,0.3387546270781603,1200
177.23875968226682,3.7689113583239986,3264.8735755594766,0.9269538200471695,1200
196.509690819049,1.8370487413400722,2952.8254000171896,0.26868796556897334,1200
180.9352824918467,1.124011704604567,2608.0317655284,0.10549331995389023,2000
190.13023453160952,5.7419460051064135,2847.327962461949,0.45700120905928615,1200
210.91348973569848,2.021849532282888,9578.932222729503,0.24875353795862057,2000
231.20214140409956,3.4801288488990654,10097.755612221026,0.20174719926336482,2000
188.4124470207749,-2.0613556445865235,3279.7912651462493,0.9936037690092477,1200
247.65023475079613,-0.30348818372970277,2007.1360570488132,0.6639963065049257,1200
171.23248058432574,1.2293032890851414,9925.369111148306,0.7446777521240219,4321
184.27305499124805,-2.5879058822109458,6387.752400039869,0.8647593110501732,2000
544.9372855842838,1.3979921745808186,3562.4625287999997,0.09964697547247922,1200
158.92977360897152,0.9902552131087016,2257.6238945474347,0.021445353575827428,7600
209.4103217481516,-4.453217457796818,2101.7683350011257,0.8582341374186775,1200
159.17336983832223,5.663347425580079,2828.6281881826217,0.3814251077610247,1200
172.3352854708935,-2.6817736961367253,9320.75891815802,0.6448382505731168,2000
162.20047989636723,-1.172258671313575,5027.234097467661,1.0686551938139204,2000
168.8650250832739,-3.4865265365183458,8875.457876748857,0.30628615105837,2000
179.83129520754431,6.328225580174903,6218.310592244291,0.5947220186923898,2000
189.12026308584416,-4.523658023430211,4343.714491501412,0.03460906948579807,5678
193.60887482464207,3.5970502188485116,3807.7030271924386,0.648589373427432,2000
205.81200647947261,-1.4374323467870511,5120.187021538619,0.15630670854843284,1200
182.60998426501095,4.743865137648492,3016.0242727249442,0.4974360189654974,1200
210.9990761284709,-3.292099323508613,8048.887212857328,0.08719230839563984,1200
213.51848840513364,3.059381247793404,8002.213310395018,0.053839893238053646,2000
209.8940248453415,-0.5530370174824986,4132.282776551683,0.38176586895761055,1200
201.95701265863306,-2.693188493150081,8727.5876191974,0.17930617573501573,5678
205.77260611113772,-5.1681412038045895,6545.03362138543,0.07393073648644012,1200
185.83589552871365,6.230569824403892,6883.578228161104,0.8059735278310971,1200
191.40070895689442,5.006186466035382,9199.045193184425,0.5829517587982624,2000
230.66978799008152,4.169930391115248,3087.526266877376,0.18618205155586887,1200
197.70256199397875,-0.6032461279463358,3534.3886687831173,0.3233796565372643,1200
187.70789768816206,-1.4942087082158297,3669.37801384225,0.6194300305336059,1200
170.07186489361533,0.23507506080323243,8400.693233865359,0.775117095775201,2000
225.09605240031053,0.9041900727657102,7614.84108029942,0.5383714695045682,1200
221.9666054561013,5.066745946993454,10576.152807496976,0.2875892014351457,1200
216.31427799876738,1.751443096936808,3044.7577860689835,0.21896722671178082,1200
168.96902773797726,0.342643692264512,3497.230131678022,0.6294213232442748,1200
210.72378121762728,-1.3052591955246942,2593.784081882766,0.2443576287033016,2000
192.6827087198832,-2.8691479599649035,3366.1886713722056,0.16164161264348542,1200
214.32551503469617,-0.2743032476819572,5310.161221030898,0.0852339644130697,1200
229.74173677442823,2.394014703584082,2195.6211911795644,0.8253830335541766,2000
150.60540838350957,3.7641653146117124,6541.2489265071,1.0815096114271787,2000
125.06426251105532,-6.375255927192979,6317.378709723204,1.1281390144603771,7700
228.31276753542068,-1.0259355399414372,2212.974756326323,0.5547602421066644,1200
289.9092125471659,-2.400375162468402,7882.053434564982,0.022547563040632632,1200
183.12555075852572,-2.7188458725266194,2057.9341304129775,0.08516033026700967,2000
168.0617053896417,-6.510925809646278,554.1110257466196,22.108410737690715,1200
141.49094884685383,3.3177231294929057,5623.196881891805,0.09601692678081278,1200
259.0914025671191,0.020352998844924315,7213.249040865111,0.3071481933487425,2000
205.29027407103376,1.8762634244491718,8805.03806946851,0.9504181140370507,2000
160.652985427256,0.5296074700601845,5760.995792194099,0.6131075811121754,5678
223.4779219982961,6.205159949226122,7469.1556249335945,0.01452926285200811,4321
164.22890565530562,1.5412200728254302,4181.000991969005,0.1780231262341948,1200
216.36576032176566,4.7933925991317015,3854.134279649161,0.3908990451117469,1200
183.74396698026575,4.929246978647363,2395.376172085349,0.29553141968233954,1200
206.26075138680227,2.933984647711724,10566.038738618938,0.02440712423493787,1200
220.12140618316008,2.396425038496224,8776.030780835696,0.14257275226421143,5678
215.60552619254008,6.881278565334364,2312.752740976057,0.03114663519099056,1200
148.86152963935837,4.061419591746661,9474.825363212825,0.14771447334099408,1200
229.59216188553512,2.296683533514368,5376.341556789893,0.41934697673302096,1200
172.8856786436637,-1.7354822835074966,6704.326286724803,0.31494430148067,2000
165.65430573112573,-1.963740537221981,7047.474459213829,0.11692627921998651,1200
168.10275877898064,6.860725230466958,5924.435957114994,0.6928231349200853,2000
151.31879991639468,-5.356218429168188,9504.125226640896,0.4613352902525769,1200
270.1990742946666,-1.6433638327641928,7944.693039612406,0.9920298928349567,1200
185.4967838663661,2.1072069256250643,10452.836876716472,0.06946562298147224,1200
156.0017109095146,5.144771996505479,5080.788763558066,0.3547354312937072,1200
232.10955772638388,3.1335313847571284,4498.437797988393,0.25011315485690633,5678
167.0275321942451,3.2911346709228537,3135.610375666002,0.0032852388322369133,1200
191.620273531791,1.8481439813249692,10398.190603975765,0.15477345357127176,1200
221.8696773171815,-1.4744246799758438,8809.809204846832,0.09582479715407723,1200
188.53364027900648,7.904289955897166,5829.775555072612,1.1259975864767615,2000
213.25284055327785,4.080107504530502,3371.068068149997,0.30614636125860323,1200
190.40090356011592,0.2667143164131802,8078.508632222133,0.24495246585115504,1200
181.99208841437456,-0.7685446555573242,9106.742231582477,0.3228741991583221,1200
201.26936000791392,4.738751416205148,7549.536849579286,1.5389463138249921,1200
184.44890578171174,-4.394480751343524,7154.589561313523,0.5962153331063037,4321
215.03413384528687,-0.5364000445311647,9157.135132539996,1.0662331691039695,1200
184.773164617611,0.5884509442337864,6237.792920746679,0.03086848852118539,2000
163.8257991905737,-2.115456074330143,2173.491639490115,1.0437381640607373,1200
236.13124428379922,-2.1933595068018077,3838.1652845086574,0.9035579225905047,1200
214.73695370853352,2.6243341378836655,2730.457486113817,0.3671104391773635,2000
169.11735070689406,-3.9965213418650256,5050.61214562636,0.30004492197122784,2000
161.39157529598225,-4.391825296002783,2535.1465616355717,1.08830788664074,2000
210.72507418110166,-7.742209593065223,5868.187545787769,0.04587577006382372,5678
203.3004580275817,-2.8751446978268658,10313.563872577239,0.7444663838517277,5678
220.32362350652443,1.9271344802682202,9068.106272284651,1.0357860700487795,1200
117.56043795717514,2.4262847561502072,7421.0159029899505,0.15467300623617275,1200
193.21937858441487,-3.8344636959412277,7170.869227992692,0.1666002766211854,1200
251.33302641900656,5.185917655693711,9970.744450325252,1.0623375238576664,1200
152.129580678056,-5.010702205657559,10809.34004108722,1.0095408996617443,5678
159.3810904785892,-1.8334661854917669,6161.918555830344,0.24262950185328427,1200
226.1753824184069,5.0670351898559485,9065.637718022399,0.2086460483172123,1200
239.31687159151585,-2.176427319080545,3719.9014319920143,0.33129209215755123,2000
199.29215396364643,0.022258768136203175,9366.227668876763,0.7628308612551344,2000
217.10532396626945,0.3936979902504286,2962.150527563402,0.15113871976946563,1200
179.55173634206167,1.3833732197561743,7720.043508821618,0.17993132165353803,2000
208.89992504265106,-2.9544183283320664,4009.29419877282,0.10651716913484148,1200
223.23524145328705,9.60671711529021,10459.772089074282,1.0821523763378793,1200
166.22284763354003,-1.3130169351924095,4778.107671217785,0.15242568815532287,2000
153.68926361914382,0.6937833146788132,4687.027806557957,0.3903410724290479,2000
182.44726912310358,-6.815043061829647,8719.456456989656,0.9080747898695398,1200
220.12118893061808,1.7257538606383884,6726.9117190468405,0.6002013752960251,1200
222.85209472854612,-2.3748163479105178,8788.411575821778,0.022199231659754886,1200
154.6101373281167,-1.1572613075214992,10178.351602289056,0.44626475996130727,5678
251.71090207134245,1.6482780775395143,3846.4725430238327,0.3443381489408978,2000
226.46885883896203,5.710718556940914,7353.003301558346,0.2329871529471457,1200
201.1026869987875,2.2496808825678904,4701.92824846664,0.056393479075111934,1200
164.31533282923473,5.207864058794213,10762.240859065945,1.4052690248139077,1200
218.80342805114856,-1.4505322462599408,7743.490119712197,0.5610194937679864,1200
169.55472459917874,-3.416265003874692,3051.3820429008765,0.09270705984675827,4321
181.85891814541444,-1.2777503086632178,6169.862078304658,0.1392606808247052,1200
188.95375148817718,-4.784835524254702,7252.711556546831,0.08010911678485788,2000
195.2463701579183,0.7669355136461904,8416.44799618522,0.4118980998772752,5678
218.2259135719483,-1.9741508132323389,8934.171595464424,1.3320365882768332,1200
191.6298664790627,-3.4798721583365655,9423.007748255652,0.6333727066514102,1200
211.9943850502605,1.4848339919695406,3674.136294960988,0.4955408512971914,1200
144.6793970029749,-2.7063916243012516,4782.437974652021,0.2006823015510803,1200
238.65638400064043,4.4399518577008426,380.8425186095919,15.243907026217485,1200
239.145552151848,3.1455039468418384,5178.277971671778,0.16133993080448636,1200
213.4861606732616,9.037282954555176,8758.828264360161,0.16682169615332543,1200
212.72158516205377,-9.01305415295508,4674.610323570241,0.5537529033567974,1200
195.99431116324794,-0.20733942999885197,8026.1475242187,0.8075605588651523,1200
209.4484759969929,-0.18179484963916426,7948.632570221119,0.44787027082701786,2000
179.85204101975532,-7.522342988227385,2875.590119140807,1.2130231556517437,1200
194.76719171355106,-8.884030193489107,9753.196768784126,0.4408259230099153,1200
204.45685920441485,8.124947353819064,8379.747794813287,0.5380690098558144,1200
151.14778077549005,-4.565861015188466,2386.544983034534,0.11675586965432654,1200
243.38791416718956,-3.336058997819381,9590.497920671825,0.3887954290065084,1200
206.75575194180118,-1.536330946442185,8081.312424364783,0.5700656316105582,1200
220.02191863237232,0.4998617155474951,10825.518236413349,0.07295331131571717,2000
198.44302919562807,-0.3581001265156458,3434.212157377796,0.6560387836693391,1200
217.39761353737705,0.6792998699905889,5503.730304176531,0.22438441684903654,1200
156.8317977550738,4.868130206991181,10291.792833208712,0.889596674087013,5678
235.67407133687647,-0.12823670091606224,9914.286163375275,0.29518558931294664,1200
150.17114449840543,-7.2904132082094515,2958.6520484717657,0.23864460659574482,1200
179.8595460603681,-0.42881185999897053,4568.915391660896,0.09319040862665903,1200
227.58863609061143,-1.1360857129437125,9204.299985876834,0.28869420102170723,1200
249.04217343805794,5.825313865865573,7607.787027508584,0.056062629594822146,2000
251.4661309306745,-2.963817532615236,8814.804307492024,0.7811062524506039,1200
229.3364523960659,1.8935400256199706,9924.939322894654,0.07323004660693724,1200
211.118035450231,-1.6035246651522637,3209.9983754980085,0.08402687460552713,1200
272.48979727200486,-2.6274720095217066,10311.661119774484,0.08873813549411003,1200
209.44098677469538,-1.7211603836958622,3836.9001816648815,0.2642024522738438,1200
180.88656562341822,3.7497763459210645,8666.091583284342,0.2788064037636215,2000
182.7548054248125,0.5725878337030491,5352.0687013156585,0.18234699507505772,2000
178.4741514815893,-8.511455268790009,9419.567032411842,0.07008447448840797,1200
202.17474209685113,0.6824337700437428,8086.285086357153,0.5843798186834256,1200
217.6967924997673,-0.7888589492468622,6728.895008561314,0.1511774508203252,5678
170.28382696063318,-0.5218473155109907,10074.019746415215,0.2401062172087473,1200
165.8014570331287,-5.118383058023127,10549.872629556276,0.13148951646418092,5678
193.48240061046803,-4.6468112978686165,4560.894761796763,0.8571002179631234,1200
206.75336417653088,-2.650024787571573,5121.161441227288,0.6667550841641482,1200
193.71463550238335,-3.2018530688720017,7873.001231355581,0.5096608943450316,1200
179.51592792026895,0.2267641433936146,3273.8143800133207,0.11313668864186475,1200
190.13406639770483,-2.812469150616547,10778.629664281563,1.1727674525807557,1200
204.03710540589103,2.262027922155201,5798.477684829621,0.6528809987167049,2000
170.1627877096974,1.5816018649774353,9385.892271728733,1.750998601225465,1200
219.43283359188524,1.6105064761971384,5487.75113835736,0.15164767356591413,1200
228.1355270594402,1.9732295702010756,10069.478591799114,0.12505114559448668,1200
179.3881598069023,-2.618907042060982,9341.056331763004,0.0906247522191647,4321
135.74453129002595,1.3311485357590254,10943.106657334874,0.007286780238817342,1200
214.80456570373934,-1.4962126052908529,5401.451810240151,0.10358075716121011,2000
176.07360076136965,-0.7523459683897022,4771.321473241293,0.8227091730743862,1200
239.94227300238333,-4.123971059691299,3279.7768411709485,0.7816974074746176,1200
227.31536156092864,-6.779854139435421,8751.35831662497,0.0030479102006785164,1200
144.24742950596385,0.7917359038061211,3388.637696725876,0.07681474596090358,5678
196.35191102537325,0.03238491637732113,8281.30946370388,0.7868076782698117,1200
205.71651123295942,2.1795030297582967,7485.734600957319,0.38600726786199147,1200
179.91762037030182,1.0822264426721975,10845.925441285895,0.38262856494459474,1200
224.6778231495223,-3.6927838715920496,7293.8780107674,0.29606452112355686,1200
139.94897506355974,0.8067938341549622,5718.490992747858,0.28950515507273433,1200
183.01082748808457,-1.2513383212619376,6763.816457197473,0.13156751602987923,1200
195.24476893527537,-1.1554727031969998,2285.0416582383195,1.3697472577220846,1200
259.0044275011114,3.6079989159771815,4009.3216002122317,1.4746619288068439,1200
198.69144028002623,-1.5385822164773455,4529.624625035887,0.010535334205144941,1200
174.13763994591625,1.0392717233930893,10411.386205794319,0.5988376948773884,1200
230.3019676172109,0.24177889986860318,7399.340045343478,0.25042383415886516,1200
157.29756543255303,-3.158499969547432,3949.6633599095767,0.204525440566812,2000
172.39625003900437,-0.7910212509626958,3551.4394183813997,0.09041066849239211,1200
214.6555400558776,-4.4824412296904885,7597.692946195659,0.34265135761997584,1200
212.73871067645558,-3.8551800411421353,2293.2501592007284,0.001738852357659313,1200
168.02904254749205,-4.275155189836286,9293.164119401014,0.09023801022202933,1200
235.0773128104889,4.963579008179484,8461.28980353199,0.10857862983827238,1200
200.85838661013057,4.830724505764269,9218.591754116933,0.2263136957211801,1200
263.11158504088337,1.6374203492253914,2898.2505408176203,0.13727071717002173,1200
213.9947209836436,-3.7972100705247587,5121.443501555937,0.04451778956775436,4321
202.621179128823,-2.499257597070128,3794.5318753059164,0.5824924355654715,1200
246.06070140914,1.3032159319973475,9938.504882144403,0.14501277342075847,2000
198.1179340984624,2.5225796025909033,6857.874168208726,0.06709571415754637,5678
192.28772520944162,2.456371217091491,3388.39479374686,0.11529770945678945,2000
164.57687674391684,1.7488079193184982,9542.788129963557,0.1147206576660825,1200
209.4853213049106,1.8260371113036253,9668.76277583692,0.15960031823608584,2000
234.3203503160434,-51.04726628891555,4234.5878220707855,0.1337879805813614,1200
149.82704721536763,0.19082802755495246,5259.116962635444,0.4019407789656747,2000
192.57581407662258,3.35580533244294,5286.199373275846,0.04573770570811263,1200
170.1829384462307,-11.700303040725842,9062.134740929137,0.4177672179813405,4321
225.26368751329844,3.0161946776370887,4371.866706207424,0.7898092718763855,1200
228.20392775594124,8.544566818730683,7934.418739044348,1.1829725669665725,1200
213.47600493519184,-4.299437352795714,6645.231544679642,0.09362507313531503,1200
140.22384985083403,-1.260975405230796,6263.35830215145,1.4007588469829058,2000
157.6024003924114,3.804133460474756,4798.182233003969,1.1793759983545007,1200
170.78046761767072,3.019941422512949,3371.3894361828166,0.5537213711192805,2000
209.587562234936,-7.130473079135569,5638.73541893541,0.234600946353465,7600
181.16787368112122,-6.420088279607894,4550.8976762479215,0.032550653708675166,1200
213.3122241181152,2.0229935316255565,8590.35942137722,0.7810502238238074,1200
207.6917332275004,-4.65620178818813,3894.686437294161,0.2980921466938787,1200
168.93001841832822,-5.849683787547419,4314.567922986305,0.19046564344831632,5678
182.30625155491396,0.7495132897653418,7878.958338339366,0.6946249947304833,1200
219.0693655489342,4.030195142883859,6353.0865792979475,0.3708754767680155,1200
193.04803388560708,0.1910470099161404,3047.330747403051,1.959080894517706,2000
193.27437512569315,0.9251800340893075,8822.495351319209,0.13081522783068775,1200
224.28617577519316,0.1698316076119146,5660.99390197542,0.12001019407589046,1200
164.99732286644962,-0.970121423603223,4716.772270071773,0.8628327621023041,1200
236.69208613988036,7.722803884295933,5448.749086435304,0.4863787158123802,1200
209.6749833967542,0.04220726334999716,3599.379712342905,0.038011296196667384,1200
210.77524629477023,-1.985071116649963,3018.0034021870197,1.1243376584391622,1200
161.8777853032132,3.1065032916717352,7751.134577388521,0.5574638330685469,1200
220.06289281830976,1.7641951984214148,9259.131267342324,0.9227435307629562,5678
211.09177234424536,3.91127201711336,6394.662275363367,0.059112529531282286,1200
179.4486478712257,3.7706900134215298,6049.114883930573,0.32294380228082437,2000
186.3050071068553,7.063183753887154,8672.510595658345,0.5788568864806218,1200
174.1682338096182,-3.713817475545657,3104.5532064325935,0.11024770372569574,1200
160.7903119452725,0.8538144797763962,8676.095777580627,0.10801211588468793,1200
160.20272340132735,-2.5012352635641446,2145.5400564268884,0.3887745838414573,1200
154.08904681946512,-6.988412603535436,8926.896741745233,0.013815026309784584,1200
185.09149778757242,3.4763202876633295,10263.24804467523,0.12308609500606774,1200
201.90365431339885,-1.3695211893437018,6562.931246599902,0.019452633622835006,1200
204.91795292512487,6.33511591205336,6981.16495674233,0.0821208513664794,1200
223.49690042776695,-3.4495297926720467,8310.310834673806,0.8885176322156187,1200
147.8961514834458,-1.294518976577365,4863.1249568284275,0.40399844664243906,1200
223.53379098068046,3.8492113540173833,6132.446870759744,0.3510630122165269,2000
237.29370871653958,-4.068606747632201,6880.401311594052,1.048800972589083,2000
210.01176666992856,-5.439606030499664,6408.672120780934,1.8518095858478498,2000
226.8165331119563,3.0714641347255363,4767.128060114977,1.8178998842018974,1200
165.31025816960033,0.22760764440928818,5728.215800052189,0.5673656163484797,1200
208.88993325167792,-5.940065299958733,7630.402718934237,0.27818965943809393,1200
236.53268593717044,-1.9860141487102687,3815.2284392022248,0.3469596813130074,2000
250.65794835348896,-2.0085129876564363,5086.231825883664,0.00709389978126544,1200
214.5468125368155,-0.15793758124966373,3772.899043609965,0.31883847363833623,1200
152.6008956197864,-1.8834051086719208,4822.98200760205,0.09729582560327542,7700
196.93208042637295,9.287853134896027,3050.3657841307468,0.5350839835264811,2000
192.84058741263527,-0.33522353830273266,3098.60520621992,0.7461839530257581,2000
198.4983584276148,1.407562772887003,2209.048667205413,1.0273478065594353,5678
206.82091137549688,3.3291596921989384,8726.486721240199,0.37753015932245476,5678
200.71469664340233,-5.236606098407119,7110.294602595637,0.2284417220620874,2000
189.41064720276484,3.9783269811975797,4301.302365347572,0.2656248864446933,1200
201.92957635437193,-0.6104504776358365,5950.80861159375,1.3512011804608361,1200
178.49111273981657,3.256640041269885,9333.93309067336,1.7408233647034845,5678
220.11299597189105,-4.625713986027545,4905.466091905282,0.3143465278476833,2000
179.51114512510273,3.8367028599443294,10950.497288171264,0.4110873887854014,2000
162.15101646127755,1.0395269124580389,5600.093798583652,0.23000356979330586,1200
167.3440955446762,7.082395865562008,4997.344659743578,0.032843408477961966,5678
217.68524157496782,4.316806456780411,9342.723506747978,0.38381019955991214,1200
162.79786440462217,-1.0362752626912652,5902.245291808254,0.15793249932417752,1200
203.2240407814783,-1.6813259805672838,165.22115143766337,12.754292019537392,1200
233.93916163235187,-4.091787068861634,9944.009237997843,0.0014801073874200804,1200
199.6431798920095,4.055471576653481,4784.910476550269,0.01667615215726956,1200
238.30837803879766,-5.483009340721528,3849.9717358133994,0.46815336517966133,1200
196.19578093186763,-5.988521080861335,7096.811423233852,0.6799111711173013,1200
140.15942656596278,-1.513856554138705,9992.771055385445,0.708673835974342,1200
189.70130751835723,7.0891232500266295,2255.0458212873023,0.6137826020858518,1200
217.43336275614018,-3.4094043137056,4574.571179005448,0.11313228427600486,1200
235.54517483487314,4.107078973637094,2288.908184757479,0.08485627947515678,1200
202.59848476459206,0.19655074622846902,6854.5512554641455,0.0884213022619335,4321
210.60091578032672,-1.631631226256106,4469.033400304459,0.040499754638550656,2000
244.18263608130184,4.41887087456316,10938.405321163751,1.1508011138027545,1200
215.95900789970688,3.5481523940598647,5252.654863875699,0.027451482384564907,1200
144.2895888665784,-2.7019942904459593,7141.110857114433,0.7125118877218255,2000
159.69666659308672,0.24685843099833873,9442.822138035675,0.40659783250072684,1200
197.8773493648244,2.4218595276425674,10139.40401887862,0.05247271803090483,1200
204.63970312955925,4.444607735082341,9482.545612628099,0.47760111084103557,2000
262.45840802612526,-3.677548953774904,7870.390774690995,0.983654121289668,1200
239.80195670562668,-2.560121549544764,7502.568278453499,0.1801078712282527,1200
179.76485602573462,1.8718470099449458,5429.406199624983,0.01945232450846797,1200
204.45798052557728,0.06811363997525358,4269.642032700937,2.353904972092233,2000
193.62411603118107,2.3180973269325853,10829.351618561795,0.08758279801967918,2000
269.5827493384215,-8.41806978956873,3070.481743812602,0.6661693966853643,2000
155.1013960325344,2.8450987236301564,9753.135012174516,0.3286201244839103,1200
205.31323372655737,1.3758185822523301,2938.7475490303755,0.014317566200054657,1200
177.16843568175318,-6.956918888891115,9655.033310189814,0.05993587213894409,1200
176.48120866803572,-2.3892311323848108,2920.1341623273815,0.05229787269878491,1200
236.70446441259122,-2.262262783243512,4371.959960826739,0.9245740934179154,2000
159.5380379570416,3.890302643085229,10869.83957561441,0.48607771840595004,2000
182.0712150737793,-0.3210406033089954,8082.255207122867,1.076449569230247,2000
211.14991934756998,3.8546054950195154,3170.906501397947,0.17668833777099338,1200
235.19286764088235,-52.398583438940776,3211.0660055422277,1.5334926061829381,1200
237.6813911676603,-3.5216839906124133,3165.0014513608976,0.5291943504557365,1200
245.47908024891296,-1.216136161680149,6165.2532619562335,0.45826712738973907,1200
220.32153636462252,3.921433743842486,4259.510829963864,0.6277615230055915,1200
173.1307293290486,2.197004809575546,3458.515138431707,0.3747332228589854,1200
235.84560024431553,-1.3758975806608909,4121.233750648906,0.14358865665669138,1200
197.82494879835278,4.733932510475417,5517.779455945711,0.22859204327179442,1200
266.6133362635716,0.4663466868234626,4657.744288489095,0.01114418255838781,1200
225.36304458520246,-1.5286949254105282,8122.254360158114,0.37499704716594323,1200
212.66362687745377,2.833601444366274,5151.076905689636,0.164620783721118,2000
200.39984302950825,1.5216317306307,10417.96718213533,0.3732429741705291,2000
168.73954051927618,-1.8955361545029776,8274.3892465307,0.4465491997917813,1200
191.24225714842555,1.5231657260578064,7816.4329912029925,0.8096786963803624,1200
240.4139097530698,5.89720630492151,6624.67665069321,0.40534569638866896,1200
199.39361315356157,-0.3448026200942501,9881.076542014842,0.1802717838217302,1200
192.56026444270205,0.9033380577595008,5184.512217714719,0.23018970284188275,2000
177.58982770378333,2.8832685005448977,2442.1817773793587,0.09756395712792286,4321
224.88944351355582,4.028688511824658,6275.266574425984,0.6510877665434107,1200
225.51490032797562,2.367179610733846,7112.329760320734,0.0809175318056159,1200
194.44800166837197,4.166873979998026,3286.8435025572226,0.4612113648092289,2000
237.02077982380962,-0.8333914964251404,7680.82023260416,0.10212235252599369,1200
208.0497571203243,1.6177352116577979,9767.654028119712,0.15819194379416557,1200
129.83827926745118,0.9773380827642802,3616.9437101507,0.5095305950487411,1200
245.54108469756756,-1.6690806455032074,4082.263187685453,0.2737998373710919,1200
226.30543325261178,0.8600053560484059,9203.306178277144,0.2343900963903669,1200
166.0972674328346,0.24442891303155317,2425.6291482098713,0.8658044491740359,1200
175.9808703579773,-1.073408870700117,9257.065340235778,0.12032079460273098,1200
248.55987988757633,-0.9682944576480947,6613.125047928588,0.2667813317777094,1200
145.52735200951918,-0.032632445597537044,9494.508268527246,0.3429155161270594,1200
206.63232791838533,1.7539977344318243,9222.99293762989,0.32668375387131693,1200
180.87383451177294,-6.517516209171094,3650.4114479801474,0.10613989220422972,1200
242.8439165617629,1.2859195172254405,9817.774041483091,0.22468530927644773,1200
137.49164482209005,-4.239017772895622,2702.4393632628976,0.4466446599520215,1200
198.77107852874164,5.870220605132505,2485.7320499086377,0.036897203293112295,1200
217.07375924779635,-7.785857028286405,8772.679262824673,0.2842119385556519,5678
180.24624704351004,2.655602594820664,10910.482174771896,0.7528214045233999,2000
183.98654182456406,-6.813540932235058,5475.788630561608,0.9740948777321908,2000
258.31956337746175,2.8791776450444106,5007.422138201571,0.4451618345048075,1200
207.90810855313083,1.7123213163841278,6210.638041966124,0.06253338595924107,1200
232.96834453003032,-2.066608178454724,8750.882309865148,0.44653551997735375,1200
180.26149369698612,4.5705767854762325,5447.934423623162,0.09702832126440733,1200
222.49699860902888,-4.249750146941619,5274.788172033094,0.5315300527822122,2000
201.71094264753486,-2.069508021738513,8725.515435076471,0.6250539167867963,1200
223.63272958390286,1.8073268449012496,6472.013346167014,0.10847750439720895,1200
149.55134089777204,7.1661581168098145,6494.467455303725,0.991230098775084,1200
156.8739335625165,3.2490089803583326,3125.879644958417,0.9166808304414823,1200
198.44684479097273,1.3829298819616689,3903.0391673528147,0.3078373556472999,1200
225.71051830575556,3.9296088093196078,8454.4519885114,0.338486091809495,1200
200.0003828510693,56.09514036976778,10913.030515488797,0.08542198088944183,1200
182.3667018854823,2.2086329529338635,9336.882040015202,1.197908945873101,1200
194.42267537407838,0.31994041605371465,10429.117753571709,0.24221159342675702,1200
219.1639397780621,-0.14126608146759742,7781.981686655792,0.00684328567113461,1200
185.7501423295499,0.1672135493943681,9482.41039349336,0.6086587557153531,4321
243.42149825226366,-4.025904041119235,10337.372131244105,0.3258035698724394,1200
140.51427151829256,-4.25017345600554,2974.953813717404,0.11973543449233802,1200
194.28091572236656,2.0484018137041846,4184.083339003562,0.9693953306940456,1200
205.92137615697462,0.4143435575968758,3980.656155088006,0.4207298579165032,2000
172.82274041496103,-6.77756617504343,10729.556616557227,1.1313767559243288,2000
183.94959131062274,1.197552130795669,8597.5279832714,0.6474812462033025,1200
223.66885971121488,1.3520853586675756,7661.957223182589,0.05044159158901927,2000
154.50478552230908,-9.277193883200988,10756.212908953656,0.4031633281105692,1200
189.2799791506673,1.6125541709808415,7611.877495603725,1.9113477630074631,1200
199.1136813270963,5.141569721678408,6018.96151408834,0.9982319892244962,1200
214.23157505855343,-4.545130905210025,8275.05157410985,0.06455082683639345,2000
201.66094969760502,5.26632543392322,5464.891500751237,0.8234570091671317,2000
195.33003788353525,0.14963000288585862,4215.666891269775,0.29310176196607807,1200
154.3145551663669,1.7940229282431237,3424.345478017693,1.9354400412689803,1200
171.15816171833683,0.09266588863771805,6290.797184447775,0.15149309724908938,1200
225.99581325011994,-0.6035531070938457,8869.490286046861,0.05667138041368966,1200
213.3672659855571,-2.8038361931751146,8619.36780158422,0.23179000039600203,2000
177.8656104882875,2.820303402959225,8107.745254257713,0.4904133128922343,1200
239.81559566579685,1.2757615841349974,3455.0353626329725,0.4171982434399833,2000
228.25499090934557,-7.867294006916234,2805.056077032886,0.857211662123309,2000
173.61164441226666,3.565258122918541,8572.663593321526,0.5340555218602293,1200
192.64881417149783,-2.3138315762235715,4983.583324848774,0.16434543685626793,1200
154.78863565007742,1.308031423163627,4427.409443987001,0.27201692629157226,1200
184.9336309009849,3.700751771321038,9338.808789685736,0.6276179098393986,1200
237.94779843248367,-1.6017661028580361,2509.220701731365,0.795025134038053,1200
217.5206435225792,-3.169771637051601,7265.6247018887825,0.9175872860557419,1200
178.46416422769425,0.22205153368360922,8560.478857265556,0.3560049289004508,1200
231.17020369798868,3.3961558791128805,2002.5339726329253,1.4907517447310867,1200
199.69732188120508,-0.730709861053945,8570.19772334849,0.13939704014282028,1200
216.6458245405377,2.8971597466642596,4623.2280825515645,0.24018040918844574,5678
180.88169017541284,-6.284766993658712,10133.088576336355,1.7291920462942545,1200
148.91178157351607,0.16275530195962867,4345.568853245735,0.6815999285241091,1200
169.33660496517606,5.746930875772946,7180.332079279802,0.29001821583538095,2000
144.54025252390625,-3.28739531160061,8726.733458093338,0.7489434605193708,1200
229.03983688177613,-7.255006118585956,7984.414506717482,0.21484060157766266,1200
245.8779486796254,-2.7532257890999814,6480.806340540286,0.397557101516034,1200
211.31924414670547,1.9004232094227453,8665.617746904645,1.8071579508609326,1200
188.56689398154109,-2.9847748484537084,7689.1302528592905,0.5137511570001989,1200
232.97366799981612,-2.503707740135465,6748.249958239815,0.022695751486139906,1200
204.86026895403333,-2.2974505261127036,4922.429202161507,0.5926373443270193,1200
181.05484465075415,8.653196900923016,8863.80885833125,0.43707267078244333,1200
206.68455822420344,0.46143710278637606,8339.061293677134,0.09024721397387175,4321
180.01968824362274,4.316269943789127,4229.913206883525,0.24969070886204794,2000
219.8251243217776,3.1625208304669727,2827.975344321531,1.2627283753016165,1200
137.41766150372334,2.81531336146901,7314.7310782301965,0.4984928585930246,2000
200.84527237473867,2.4130430024264005,8187.758381174502,0.4648755888943321,1200
217.57527119746928,-0.45254213304737706,4883.312256190095,0.03300440577399485,5678
206.50337172693548,1.4967349360599345,9614.80388636942,0.5147852781114548,1200
202.9008594033259,4.798348624040731,10916.698374067437,0.3578228085998342,1200
132.15115424000908,3.8074682179814556,8347.254252940365,0.412641766806317,1200
163.7524922455966,-4.116577422904828,4871.822945667734,0.2055597578304403,1200
229.7485074413253,-0.40041174667173046,4085.984443761011,0.17238533702876008,2000
165.14873612300468,0.7171130485169908,5651.047052585558,0.4307823950632965,1200
253.71089522920968,-6.101470619655119,5607.034781395281,0.4226079479592616,4321
204.0825433935146,-3.09915721547005,6706.511329899372,0.033835438144350694,1200
239.70435119792185,1.0798109717831905,7048.769194855328,1.0278458384217388,4321
172.6751335702168,-8.927624650812973,8467.067522779294,0.0871657732868024,1200
151.5364154515355,-1.6874330499910108,5325.067209493634,0.3508326520222822,2000
194.53160466326932,0.126040484062437,8418.924779771987,0.7772960573606965,1200
172.5451212130523,3.5239256829870103,8425.849543426571,0.1451247805462752,1200
224.54211217707686,3.9295815299100605,6076.642584247067,0.8022260537968079,1200
234.6427982785181,-1.452647721488187,3246.440662590229,0.7518596864656598,1200
267.49298967438176,-4.270305646864336,5234.0401677738455,0.05811156808791283,1200
247.62059382473558,-4.393984838858456,4926.847228588249,0.11079388793861737,1200
190.16836973809473,5.945696552060279,2293.7220628351083,0.7662130985576768,1200
232.42053500441438,2.6085239025087517,2061.529621496314,0.20860333955172852,4321
218.62203949674614,-11.216370215661904,2183.28684509536,1.386393541720164,2000
206.81648278585268,7.221480760751721,2288.8663047730806,0.04250815059072557,1200
149.5434164263687,2.8811153895438895,8939.218469971303,0.18046456535450314,1200
195.53131602744122,0.1007056121741954,8198.114572600343,0.023725931434024676,1200
230.16869770860401,1.7526283536665215,10673.248882738611,0.724038375628133,1200
158.60025738263576,-1.6414562662877883,3940.943929287665,0.004197183746445834,1200
209.7563576059541,1.4010316963848715,4431.160822806924,0.6388941000470076,1200
168.60640869517562,-2.0207061978636545,6165.676474965928,0.16176228361614964,1200
221.4000192511254,1.738204143215315,6953.152900829385,0.05621925544425351,1200
174.2015586911832,-5.9945418852875845,8254.021985118772,0.6223763616797845,2000
204.3147102598292,-0.7201281335260897,7102.891477018884,0.3550749217175386,1200
241.42892446026394,3.804421208090381,6330.321408734377,0.9113470788031617,1200
213.74733477299782,-1.0369285224697584,8441.760643540143,2.0008882698520516,1200
242.0547903847006,-0.13596401160787605,6521.332964032646,2.590799150945314,1200
178.74900110768948,-4.351153846497574,8655.604752101652,0.45425310903295224,2000
235.9615742931045,4.428053872477054,10264.528419519806,0.12276110779640682,1200
162.4114742914535,-1.8194297798358974,4533.563119555278,1.0651376087744377,1200
235.93131346193275,2.277099731164998,3345.395203490468,0.24673862377746147,1200
236.40827164762663,-4.21220650177574,9123.268609445635,0.06239717169838506,5678
182.70180589666316,-6.789866024089908,4035.693068765148,0.12783702081262607,1200
208.55570603425215,-0.2997772445569258,3425.5130982099868,0.061166575884916904,1200
146.2892159693217,-0.24787912828764927,9286.14948303083,0.3669752024383562,1200
197.56991572044447,-6.808811154057844,4962.707372760158,0.46181154484302583,2000
231.27878762743194,-1.8997471257061354,7838.95715496292,0.27535384453739464,5678
195.53003985050438,0.32950042266095597,10273.689472953803,0.34720542756039263,4321
232.18805651032875,49.60963908167355,4580.565244870679,0.5373280843039775,1200
213.23998491937283,-0.2959199259143749,2702.4102854052458,0.012731169254198624,1200
199.40835571267527,-2.415192016570281,9986.540631166934,0.7175144813547693,1200
170.95912021087784,-3.3326059417912437,2037.0570611942592,1.2317332180207214,1200
210.7114226166792,-2.2329012131308055,2443.285999041944,0.3409309446070353,1200
175.79740945738604,-1.0418627522972574,3726.99726367945,0.2197155083302788,1200
145.55778972269223,-3.388597534419791,7130.711064697909,0.4340035503304756,2000
178.61667090246266,3.155258494301116,7457.016718164041,0.2695098569732468,1200
248.4435908582717,-5.127161478072759,10841.011929935967,0.38969921019761544,1200
179.52086928341302,1.6775343887739789,4630.058409557487,0.2961846940788921,2000
190.72917160545725,-1.2601871267214233,8189.062898808798,0.221488535124012,1200
248.73490582660864,5.140314994389496,4094.209923137854,0.8911383112733536,1200
210.25756226274592,5.010309646608824,7569.102136901311,2.0014321276735445,2000
252.99371882600698,5.951589611132591,9498.249537524222,0.4898724087333304,5678
190.1261777610185,3.607596620778622,9570.683838207442,0.6869398972109017,4321
228.33688736569366,-1.5490046433967557,8691.326130450914,1.2227017777174851,1200
192.1230293900194,-1.4984941329803183,6973.3098047347285,0.7580134656505062,1200
217.18173002533874,5.406332559514416,2332.0465175824006,1.1769258476382332,2000
175.2701963906038,-2.967360262744176,9124.8632282509,1.2330140570705395,7500
189.2252687381172,3.3404641766790566,5418.860031676455,0.8447086497027436,1200
162.00138735786143,7.7353002350737,7584.905162266949,0.1379793549374567,2000
231.66607228754833,-1.8072955458526798,5288.6245515740975,0.4795578461914853,4321
185.6561226708643,0.8671167602376623,2700.7620127054397,0.9887592413551195,1200
196.16463405584489,-4.6186886699961605,5425.101213804253,0.5218672976712265,1200
199.49960523545064,-0.5391801707364521,4777.347445073427,0.09102919734502109,1200
189.01846807784705,-5.430377276392003,8694.232385922025,0.11070919762694524,1200
140.42852230909958,-2.7816264073626193,7526.3523158902835,0.8104355715888817,1200
241.76804278467858,-0.8473956977989798,5401.866589251076,0.20692055312591365,2000
188.30175522774246,3.9045176659162473,7807.383975063128,0.49158919197466866,1200
206.37753302928047,2.765774935659243,6714.043528105023,1.9725635231554235,1200
223.82875085000657,-4.066179435228624,2128.098466988647,0.31670509379747347,5678
186.4854499566693,2.777355014949917,2920.5667699758756,0.604685059035648,1200
156.01243217348514,-6.6482221175852345,5624.6106844709475,0.06487322836564566,1200
196.69051332849696,1.2439859321068993,2994.5529970684984,1.228463567152662,1200
182.60657651370823,-13.2707714747782,3589.4600143223665,0.4283917542043154,1200
146.0775781212415,-2.0889050983294832,4753.857132048283,0.37697418118507725,1200
231.6830932714305,-0.4671604620322056,2527.9967657169623,1.5005080241243907,1200
156.41643889301668,4.757933651368198,5567.337078770284,0.13621344174722216,1200
184.3496814449736,7.3534094402705,7564.207244073027,0.7329300483693897,2000
213.2436986593238,-3.458578997412361,7532.014095251995,0.048582555293642464,5678
138.4706793343545,7.233519945982582,8110.165610965361,0.32045345827261407,1200
168.14136675711964,-0.6807687054392678,10573.4305894707,0.08762661858939566,1200
160.647275161461,-7.031333704353906,9066.83873786989,0.27199255719934784,1200
223.5374337711735,-7.9881031147616035,4431.907164167148,0.07249988881924595,2000
222.16399512436266,1.3411393079874752,7874.5487720538,0.44434322790301556,1200
228.88864180400824,2.137982304112645,2346.320017241324,0.14245184725415916,1200
183.2819962089303,4.064895893582132,2523.8149196592503,0.41606226827661347,5678
198.4085874354733,-1.8630934374834893,5245.326758516026,0.6238105669358261,1200
229.20260565459668,0.5251364895687325,2198.385462956595,0.2111059372879131,5678
182.83060472293772,-1.5602107583747111,2165.583722190768,1.3159069226671263,1200
242.00740119202783,3.163752655678222,7043.318874747534,0.04747653613391842,4321
181.7715614234666,5.91046858728687,8876.36980295795,0.9266370060584997,1200
231.35990320981415,4.349823857607955,7586.68801107534,0.6393883344481164,1200
239.7819675906675,-0.24658316168906425,6928.812735144214,0.12102105836747112,1200
230.0393851329857,1.6077540329426288,10351.73627104644,0.04816772655595444,1200
224.43734613569043,0.5952737654639961,10131.916535079617,0.17619471160813222,5678
234.7625947350031,-5.30230325648712,4277.6280149667655,0.10302347776036973,4321
212.53095556825448,-2.298854276836966,7135.015770307452,0.041763923742380804,1200
162.4510252182427,5.384093136914468,9217.21453784192,0.03349617450290472,1200
176.08080050177873,4.450426721206756,7494.875372917433,0.9256821107055938,1200
178.31957616371102,10.01937636001882,6431.359359109732,1.326312862222963,1200
208.076506490572,-2.6051132082078152,2074.966091049593,0.52492439613703,7600
177.15797058762007,-2.2307008434964577,10948.856322864433,0.14807055327036783,2000
236.5930304758048,2.6194119830711435,4152.321871852149,0.008410653881611697,1200
120.45718621948097,4.653937642016092,3839.198086605342,0.11235147155428105,7600
176.0066295120583,-1.8362282964315215,4578.299013279462,0.13353803419435298,2000
158.61474047870726,-7.01035684365544,3405.8374907327134,1.9776857762681688,1200
155.86418737924595,1.0830671152491569,8277.44732238942,0.26759493046461247,5678
207.4867961030557,-3.2385714039402886,5982.749431861175,0.4809977144276013,1200
164.43710925971686,-2.7940171668589957,10667.952173971142,0.9725326904676788,2000
203.93884275106342,2.5546024044419293,10839.548714001729,0.5498137350002709,1200
232.4663367799614,0.2866571291480248,4193.313807341328,1.1293725938616361,5678
193.889653953912,-1.6835651634371842,2525.896471309898,0.08129168550167622,2000
220.89320277067333,-6.717637396037292,6478.540703445203,0.2324568623709198,1200
213.69917525649555,-2.7736714955983848,3519.323137417481,0.05978872797420756,2000
210.56411466197045,4.128180224842107,5793.060054779618,0.15384117346422183,2000
253.828669525203,-4.82940453571492,7907.433705488653,1.1733164046548286,4321
179.14308980999078,-3.3727785862192996,4429.105763739171,0.6379519273530604,2000
166.95349004969893,4.286621989556645,5717.624607172694,1.949303951698692,1200
253.95150960427213,4.093672800725436,10345.284823714175,0.6916393527354269,1200
187.19518373507378,-3.6338257709358803,7361.572189634338,0.8791776891941433,2000
193.089750686172,0.9344919366059631,9884.020654012635,0.4051713860991188,1200
200.6370309733988,2.998683162234086,2540.0625891007016,0.9517219637544911,2000
249.0133293209694,3.4315593174018137,7293.7739164903705,0.20181859385731962,2000
194.48540724465556,-3.484243160852732,10493.977817061797,0.41234073014236855,2000
144.48117711846854,-1.3113256482698077,10387.402803333436,0.6230314304477785,1200
193.07207676270286,11.074633187989827,8996.827022394205,0.18325407338595462,2000
240.4257271667256,4.317502215203166,8889.19391482313,0.9115214383445587,1200
425.2905078031971,2.7305916875309486,5790.19811995254,0.36528595290355526,1200
226.24666138582967,6.304297851284193,8781.964349928403,0.04746560204818457,1200
241.05855802322958,3.1962469995823968,9481.934944678498,0.9153185782794955,1200
164.88698761279386,-3.4934655465229882,4431.091109237842,0.0400483281494085,1200
180.9935926735556,-4.020496165665308,7167.00910876768,0.8534841150282395,1200
193.21707347549133,-7.544297465865987,2020.870144848513,0.4489825506836342,2000
192.2004299580871,1.8017853501133123,2129.5094852326574,0.04291342182666955,1200
219.8231230040013,3.429997701996342,6202.0297529118225,0.6564108005940994,1200
187.26803340692646,-64.69527368171103,7001.907024456724,0.42514580603435903,1200
177.90160676158413,0.7568780817412686,9619.605614610313,0.9466704644758187,1200
191.6168245886915,-2.745953921272986,10286.503789555392,0.4136226007013638,1200
159.91709678587407,-2.7765583784904164,5917.353762539264,0.23461492451659738,1200
170.59987303891216,2.132570967316469,8561.105882373931,0.7228461490520794,2000
225.1462551523418,-5.044114191890162,7876.7181975356325,0.3337032235914353,2000
190.5114905866822,-4.840371604492402,8663.973646871975,0.01313623856778139,1200
226.85071766652968,1.1041093221559513,3360.9615378160406,0.0007220366171794186,1200
189.16263171479375,6.720943651203863,3221.1897578379053,0.57914921370123,1200
224.51896967792305,1.7713640423579537,7637.790995159158,0.11165398139687487,1200
231.54274264775427,-1.7827186942160649,2341.8853837771467,0.2277815477599687,1200
191.52073160907557,3.0635801849544504,4790.190947837689,0.3187424201426029,1200
254.24648064156392,0.677189983347373,8575.179005296402,0.7269447482258357,2000
220.15494617004518,3.009507243949769,10503.146115512374,0.3750225202304112,1200
205.9300529339062,-9.509566739967676,3463.9155905096272,0.046185846844219565,1200
201.04263664302545,1.7727246880118823,4549.058955207506,0.04636676383358522,1200
200.39012872223654,1.10138365332196,2488.2706241392925,0.3885696791631565,1200
204.82426232390813,11.266512630605632,2866.4751709022785,0.8470810691223586,1200
183.2508412378342,2.011158080779021,10807.92143132065,1.395518002925494,1200
110.22687430693402,1.5216643290727,6952.6756525658775,0.6459649801936322,5678
226.16663522032502,-3.540823458999628,7240.664516358873,0.3808216651556431,1200
210.70108662765392,-3.117973084124522,4156.964451385104,0.3020141383070423,1200
215.26485689870282,-7.870991376450007,3144.0036748827656,0.05534921190660925,2000
198.9425847024526,-3.291846679458348,7946.686890317033,1.4271807775169352,1200
149.4978084437687,1.8138303413982808,6588.933466373493,0.06258024072315824,1200
183.96706917724885,-0.06578292748020481,8575.649596846366,0.25223434419919494,1200
238.72050690501266,1.296508221449965,2703.6040789745275,0.024331512813868958,1200
164.2574924181533,0.5726451115840857,8481.594545496606,0.43619486004186064,1200
264.8477973825839,-7.908822155712126,3234.554999508753,0.15753729529084218,1200
146.98407100607827,6.1768608300077545,7652.391956501347,0.5666699115936157,5678
221.80807923549432,1.2079274526925845,3696.58405548789,2.1273456540868683,1200
204.23428019634565,-2.7275640885038293,5333.697888509785,0.025589668575517376,2000
203.33112675134322,-3.3080880072931205,9196.662361685338,0.09334448701152247,1200
201.00190751580948,-0.16480071131965235,5528.956881003722,0.22407327870565796,1200
192.79236191057618,-13.288503693172244,5450.075467298951,0.2873305847732111,2000
226.90596956181858,-10.656637946599385,4248.402594556939,0.49782982281207194,1200
170.3851928509929,2.5602185490264318,3253.0863872614073,0.029476647672733926,2000
213.9354259602589,1.3420896327086222,5138.831128613701,0.291714274424677,1200
183.06067087508202,-2.1620020795939023,7604.051643963757,0.8079586108780017,1200
210.82602690659087,7.605978422293356,3012.533323326936,1.2540068196308969,1200
185.5398752493553,1.0235014657853836,6885.83845913952,0.21807730519734703,1200
216.81877552295083,3.748051749580366,5195.4781235591945,0.7538329571751218,1200
165.62898786047577,5.1995223257089105,3210.3947267141557,0.007347738360113312,1200
191.5528191292429,0.8834272759378068,9435.40434608866,1.522148979656757,1200
196.70044121681528,10.434872583347335,6198.132464317969,0.6893902828974697,1200
277.14111540608104,-1.2411905970460422,4055.3077385070005,1.4163660990106868,1200
213.45375541688014,0.7119976186067125,5836.8500301495405,0.703672233331321,4321
196.72076225126057,4.808508626856917,9272.020160039114,0.032539475764187004,1200
213.96686065822627,5.474331293923818,3857.5118221774264,0.0010510173501903244,1200
181.68095235322323,1.3443401403101962,2759.4696766711368,0.3326891559731768,1200
236.21221295076467,-1.7964332831192442,3184.5544328814294,0.2551945677974861,1200
213.70164482865138,-2.898709242682362,5723.61328200607,0.047183863525196816,5678
223.37543271772466,-8.363643571764158,9330.04799875361,0.6100239756570667,1200
206.86233520853574,-1.9799256529024778,6813.892428502014,0.5181108833793179,1200
217.52725067129543,-2.3352671648549284,9575.037166315633,0.6037747748859543,1200
211.134797820861,-5.426272058552218,3513.7449365441803,0.2137764639890728,2000
190.92715914494198,-5.854327476886001,3056.706449365902,0.3409313809922272,1200
254.73797011255084,1.178597154952122,8399.22404195615,0.30647721195692007,1200
192.66113400655334,0.6200446902868403,3221.43440760315,0.46090548456860586,1200
217.69105353955104,2.887186753838816,6069.627856895459,0.1701677914699434,1200
187.71868714468036,-8.653603347503667,8919.304288778001,0.2908362266791017,1200
187.27551646004682,-6.645804482220635,6976.8518456474085,0.5927494396531438,2000
165.92376552014508,7.006307476238411,6537.9455932189885,0.7329662095273408,4321
495.07557700727966,5.1435028698608525,4454.3855900104645,0.22386473459138073,5678
160.77588821476064,-4.248271691620841,6894.264853015217,0.7050962591737655,1200
187.69041684619611,-2.9991995263491424,8154.130013957766,0.07382057034157499,1200
169.48269227876173,3.8770858633828484,2223.6644405985553,0.9545725534943705,1200
249.40172330332194,-0.16112942410973768,6472.134774751926,0.5852275708230715,1200
212.5744103152992,-6.220129017702711,10618.057080887744,0.515393207925244,2000
242.8284801983413,-5.512749105239123,9576.786959059944,0.035757122129457454,1200
210.58953909553225,-3.008951488752803,10554.429286760696,0.5998984079616279,1200
197.66926501613906,-4.905959080296104,10950.878786034842,0.4839139753472388,2000
241.85724613667395,2.3661218062163143,3214.4376774620964,0.05943909860464839,2000
218.53671158078427,-0.6069694873376907,5085.707572127636,1.5539392260631302,1200
214.0270454934929,2.1103859011573283,5658.156121524955,0.16966815694728116,1200
172.29613213549274,-0.6300196585339926,8815.650162648435,0.04510768067684864,1200
221.8751230650871,-1.517766027430481,5228.31029522386,0.3159609583941725,1200
188.95656857361018,-0.7152989239536156,10204.476628454142,0.29592259762540163,1200
155.93442037742153,-1.3726078263792307,8885.26242253708,0.0846517219652253,1200
239.33914044421869,-3.898800368665908,10948.719524017226,0.30160118318952367,1200
166.99106728529327,-3.354219896651248,9311.222590614718,0.16332379421135632,1200
184.7934339352862,7.788151059478138,8151.031258939428,1.9107743355749671,2000
194.76372108386317,-11.753986814719322,7372.441437166176,0.1707537622739047,1200
144.10059121341675,5.097649996066426,4088.503674887175,1.812599133209437,1200
194.50831285406522,1.3344129018253164,9377.9492152118,0.6132363132657993,2000
234.85705623923926,0.15297336483371213,2179.0832461032605,0.24323681903210717,1200
206.4350879698708,0.9268659326560598,5603.265221812658,0.8181989851521603,2000
212.17269371546294,8.342177916448113,6291.5391932455,0.33943710123991216,1200
126.6062187547739,2.845787989183313,9755.154918083219,0.9797477530241164,1200
181.70809996666452,0.04653838172024942,3656.677506885307,0.44134121641023494,1200
149.1936333540969,-6.908805549520749,10074.17458621162,0.6537015216760461,1200
127.17394449363766,2.0147028373936564,10273.473039917808,0.8476113763309889,1200
208.19473339852289,2.8307516233057277,2315.3297101002154,0.18082689958864137,1200
201.73995724868058,0.45058292681507034,2180.896455986845,0.22091180554426304,1200
192.65168483418682,-5.817552552888803,10349.49361973765,0.02522149424727077,1200
152.83403140239673,0.906836292781573,10665.10057933735,0.05713437846057159,1200
191.42397687615434,-6.099237063273161,10100.366383593055,0.22161431538534548,1200
177.10594411705804,-0.27999314239622036,3158.7840857278143,1.5344216635696935,2000
199.45134719217856,0.8125467782812084,4606.98778138848,0.3540629907897315,1200
204.19701057195198,-5.1833238474967205,6689.237293986058,0.6123048342115408,1200
186.54467801539474,1.3450182112183076,3703.9323460189526,0.46717422458437924,1200
222.11417078222175,-1.2632910629637368,9891.195655538768,0.40281552916443136,1200
202.8178380141061,-1.192467042018113,390.0503994890886,18.435883729913158,1200
231.7460429980212,-7.560446384960199,8566.193363978238,0.11242708739920944,1200
143.3720303307713,3.9198503293377205,8094.12201996746,0.39372453397643503,1200
182.85564059371453,4.949790156343741,3806.039646015166,0.4802631601264789,1200
240.56397563479933,7.642996108415858,4937.177026876783,1.1275840657541283,5678
181.1198635353473,3.0323494783933307,2241.0488811190057,0.22753154766409153,1200
208.6317016164218,8.074238149857514,9671.303893907349,0.23154405862390412,1200
232.24418153552327,2.6863874215933814,7836.796152591041,0.987251012841508,2000
219.09650666196615,5.378562302887748,5315.18376280001,0.003398750351674371,1200
211.30639377425575,-0.4513726217319744,2845.5061199660813,0.15367739082728898,2000
227.7379277061055,7.897310737418893,5905.095624519446,0.07502461152247943,1200
177.62848168997215,-6.6265412750781385,2679.5042488742824,0.06652253733712701,1200
144.82281003915733,-1.14584025747004,9284.333925524119,0.6856178065867036,1200
201.98705702089566,-2.8767474323631235,6759.790139023552,0.13981682508802462,1200
186.62312882090598,4.703950912115307,3661.916194084152,0.6864363324140833,1200
199.16577567594035,7.623713188743199,8541.081169248555,0.7776943207716892,1200
176.09523583332148,-3.6375263166099194,9141.515127303597,0.3119513970900487,2000
260.1865473965795,1.1353516109092818,3147.7382551460305,0.2583309797457902,2000
147.7181620673159,-5.720627506790555,6090.20276476329,0.6979520761614334,1200
186.1476449908618,2.5046608265912407,3149.19909968335,0.6126310776661688,1200
154.70630651346178,6.9185196503162265,9857.666169745307,0.02868537219113508,4321
264.4659982244915,-7.574611710918368,10198.00286344774,0.8707583183318351,4321
183.64575646459556,-5.033389683608579,5207.045334449251,1.6403563870656408,1200
249.94267965176246,3.707771442929589,9709.170566882125,1.6614157094469861,1200
244.77615435011168,3.1633896520996996,4921.864328030022,0.9799883264349438,1200
194.02651501998497,1.1909328553991259,9919.740418069523,0.05379362306524739,2000
230.3894448109452,-8.20936312076616,3459.6023707286304,0.4206313490088004,1200
222.55172306261213,1.6900702191740886,8493.182175603348,0.3820874035938786,5678
222.93594223811402,4.715401636975007,5599.649412086426,0.0279861042253874,1200
193.2944392829453,-1.9372939776655014,7040.500029579555,1.0861096441971174,1200
206.07300457169896,-1.368657375903815,10820.560457470427,2.6404006634723944,1200
247.18295813555935,-2.6399420679669956,7380.413436492496,0.2673207272172192,2000
191.76890601678735,-1.463663188146049,5746.810742477841,0.2869424226813297,1200
202.55959930139116,-2.710952551280794,7728.997710794772,0.7575023830692683,1200
187.58439571945829,-3.164250308160898,9387.04346037329,1.124874921562733,1200
164.92040049504345,-3.54237868646391,3468.5702020775016,0.0894951288589342,1200
213.09624719949505,1.70053134658114,6624.840859941095,0.377864859540151,1200
134.89465123322577,-0.8875296246789953,3277.048021701552,0.07281875796689628,1200
235.7617323601191,1.536669125290016,5439.155608824422,0.5997765808241232,1200
161.3936501010355,0.05943312774163496,5120.958726076222,1.1711375054320585,1200
180.9655828240382,-3.6226900702653193,3829.313875590946,0.1651625571042916,1200
203.13860082106194,-2.354166492831426,2022.8602486838843,0.13696224025131906,1200
188.43811715344702,2.6733796351198182,10093.218130411024,0.08751777264397526,2000
212.91459878584743,3.7456014930473196,7306.966422528207,0.5009245055292726,1200
216.54502821427414,5.269552469130462,10185.818162591997,0.039604088799507726,4321
159.9009881815825,-3.6315067187940246,8347.95870557995,0.22897074413938837,2000
198.92021401538125,4.609087367048514,7657.453028899106,0.5010980859715388,1200
175.29880774889597,1.9245996050950662,6436.892575108459,0.45712234831933407,1200
228.42520910938302,1.7960653286131163,8629.26697593775,0.39921795933339443,1200
255.34516297366605,0.32091929513616346,8687.105330975955,0.05084898190660344,5678
209.0676524476876,0.5024781994481003,9171.296160143344,0.5827748774331065,1200
137.9065308978196,5.280549892197236,9231.520696448531,0.13999697526167942,1200
203.72150407502693,-5.2313103408795225,4757.78861015324,0.525239828292344,1200
159.26913265010285,2.300116596824459,8527.826114156185,0.018781448297646584,1200
197.17341077157062,0.8564218927454518,4448.568695876344,0.011090782731439998,2000
228.7391640046417,0.24045779471956172,8497.660109197312,0.28320239555001936,1200
159.0588740546399,3.125177864265482,10730.995650604138,1.2780830684526086,1200
215.21375998509737,-4.490022734727769,10500.49957483149,0.24064310972432373,2000
221.93257072447824,1.2572403033023642,10750.177009787192,0.07851548355957932,1200
174.07953581175022,4.2986205117671625,6883.402364978769,0.1311820425965352,1200
105.5034724156979,-4.651981361224189,10941.05223677195,2.0479498349025667,5678
225.75270587514223,-3.597937349443483,7381.077705497955,0.043798292867566764,1200
185.69949859429894,3.275155536719588,2396.0228935872415,0.19382907701659507,1200
199.0469130084176,4.469497010050009,10719.902483681146,0.5878219465833634,1200
220.33271045932764,3.3507608457531615,4175.774927573136,1.3103016928922195,1200
222.92377684868234,0.6179243095414761,8483.664344046532,0.8537375852106007,1200
161.60038360901808,-2.7545229071448816,6008.937082790839,0.1254912893691569,5678
201.097112086419,-1.9265664107776244,3310.67877885662,0.11414049579164852,1200
175.61972151833496,-1.5838795374927803,5749.362319686347,0.7675927354417503,1200
214.07063170392433,4.730575022716025,7778.728781320418,0.5137641301873423,1200
227.4698020481099,1.710069222363591,9677.394174910938,0.14660248641309864,1200
211.38047604574567,1.3858098117842248,9067.761683092129,2.141335546594639,1200
213.88624272076547,3.627336789584888,4834.491469380262,0.4100845689387166,1200
177.56609713674345,-0.12369019552151586,4753.611831094515,1.3383516669244266,5678
187.62254227397872,-6.082366850341265,10743.762388087905,0.04760210654842433,2000
246.96927309392595,2.92742135783982,447.23417463012225,16.33453681519754,2000
205.51245201404868,-1.7127087094204951,5392.121030942823,0.15365117466591116,1200
215.50913821151943,2.131629344962709,5019.070541562003,0.002697895015687783,2000
213.67579031130873,-5.431516196362386,6361.202674438884,0.15530225352217877,5678
208.05936988592435,0.23180689498766016,10674.125141592798,0.4827323759201867,1200
183.2097274959266,2.3358332797280927,9563.81377440106,0.9013759445789951,1200
190.11326925308003,2.329342019847873,4489.838722608138,0.01412197119310255,2000
207.21705895633525,-1.5003630728284272,4746.218319169973,0.43061615438773054,1200
150.86655763719565,-1.437950235614923,6878.505551946203,0.3525551963225436,1200
204.8192255715974,-6.366572040859903,10214.90208595427,0.3352484855059006,1200
179.20881159878527,0.28144096948312386,5728.66814647856,0.07743924790822876,1200
220.37477288332582,-1.1192166663256526,9576.488580756159,0.5418007710750552,1200
232.4647443788001,-1.7721707162020044,8003.717649881059,0.05689179897931133,2000
259.0597042893208,-0.7011863052931083,7979.215129643323,0.2813674810910392,1200
280.6336056759144,-2.237839230908517,4172.26372385028,0.09480329200923872,1200
227.0820401153037,-3.479095304359671,8125.738375300132,0.4780035243758883,1200
180.61562869009825,-7.101937729943737,10588.746849902995,1.0346411254415335,1200
209.98811849736407,-1.053445942919203,10506.208515188215,0.4640153040117836,1200
136.16820867587546,-5.264229949404818,10722.329092946133,0.27652315358419816,1200
224.80885394613293,-0.5556221600312122,6181.284565570312,1.038086189362163,1200
160.7935121580389,4.714508134917359,2209.2880720314643,0.34970731389588205,1200
232.22949064081254,1.0700268377278763,10887.462601089192,0.7182434022944938,5678
230.9885216910889,11.149814995297728,7509.650447680827,0.11113714890560115,1200
162.3366255597904,4.288257359912458,10593.261918516668,0.15522717836229535,1200
203.79206667898757,-0.557654967173911,9906.800012122574,0.13815295072079123,1200
141.97509480199994,2.6948903531242543,7509.022716542697,0.19727762440827137,1200
157.19035604763377,-1.971319574473612,7012.140136734011,1.6363959039190072,1200
207.36566379644594,-7.678244949106851,3007.528709746036,1.0119756797918653,4321
250.11958561073365,-8.28853201752286,3843.770678386574,0.3832637122993618,2000
160.89436739867733,3.295581337620871,10208.022683088855,0.6170682323272711,1200
251.96423122458498,-0.6044222717046281,9032.479172011645,0.347800567735862,1200
219.034292581484,-0.17365094143548426,2773.904980557992,1.0687551498115992,2000
199.27972506210102,0.06121534717038976,5951.182276496985,0.041742609278323455,1200
150.03110136789047,-6.182810497898418,7063.053539887378,1.0061452011998386,1200
159.6289944102615,-2.3319452264630973,10354.534082693164,0.04981846865765062,5678
205.6668078201269,3.9585812110357055,6384.734627148035,0.3241354437830029,5678
187.1262487031219,-1.6080504465567491,7564.209383825016,0.8876426058250814,7600
171.59053297597694,-2.4241481600912462,8867.94323347096,0.16984608190946235,1200
184.40692235732283,-2.1570593171733576,3964.6539262294577,0.059905589876324515,1200
149.03220894477036,-5.204679668261751,7992.809050395778,0.2141322499186396,1200
187.9709463061789,0.7756357217771562,9332.243110561323,0.4801794679572003,1200
168.73573101869124,3.687502767649976,3978.2610291956644,0.3781947868677686,4321
224.37528001415762,2.5666719457872342,3890.434405426675,0.23722967180922003,5678
207.91689491671647,-3.3008775568920057,7059.741225045269,0.03675266499964765,1200
175.1431767513481,-8.375236484633264,8689.148749312959,0.4367815993447156,1200
233.95025193496448,3.2443132098652314,8281.502330853808,0.05061622070597582,1200
222.63707975377596,-0.1511957742263202,4683.2074455123475,0.7611197322424789,1200
189.96238473266104,4.150572712970782,6478.284232639512,0.8926585228298751,1200
144.33450513173102,-1.757427187925335,7255.879102100931,0.12706626889651243,1200
193.09080828068952,-2.5445234033064876,6218.8628146704195,0.07541563207305627,2000
218.328121791332,-7.320436557149384,2996.756607336426,1.506387810727165,1200
225.19658510498897,3.6600327695080064,5768.219125444382,0.6146290137432519,2000
184.19919075159405,0.7939508727385974,6581.731027911737,0.18495514467608173,1200
202.49028888261552,6.777334333959911,4713.722589064751,1.8224563055676328,2000
228.28851097050108,-4.0215673770086955,5821.111965704889,0.0671528852393869,1200
190.05597998154042,-0.7554426503818084,10126.396086907207,1.6160268083406597,1200
176.05347022647854,8.868379441927207,8980.965971513644,0.3674624633648761,1200
219.21935399213822,-4.4384857023131055,8127.50398765278,2.240553921874248,4321
211.92774234372138,2.0452888168099324,6853.3697073772655,0.1829442179349527,2000
191.57839251051016,4.705891521274499,3051.8598915227176,0.4510372057145422,1200
220.7587867122373,-0.7874147757757395,2742.014989946615,0.14973557609300137,2000
170.6591760242769,1.556520185115471,10674.293612353891,0.18367542236999482,1200
197.83015209533886,8.433040045770886,2074.7243036238024,0.7397452567241426,4321
175.67590887463064,-0.9905565012287478,4209.391389271255,2.161544625691789,1200
219.2028993811111,1.8213264818562498,7624.518501686386,0.12740669371891863,1200
198.6423235928249,2.689554440119016,6534.711224464332,0.9647065575077886,1200
147.9160475295512,-0.16386632776411159,7978.447430669636,0.50121382757615,1200
243.2172370774396,-1.8491258116414857,3457.784435304097,0.4538584577258181,1200
221.6344021713827,-1.9537999759454652,6839.83941361203,0.1081179894778303,1200
217.03892795442098,-0.011289647572520697,5809.634684584431,0.06065031953551475,2000
210.37372280495148,-3.087303794008387,5233.031473411858,0.576963535734378,2000
240.93913870757083,2.3357036947914014,9657.691214460468,0.2830908149698468,1200
210.75231831562465,-5.973279214769169,6159.367396447963,0.6415312884776563,2000
159.8733208540232,9.70819439655847,6110.560331031078,0.6604942068157078,1200
203.08374636403065,1.2651087851918403,6945.309660240745,0.6085372766424827,1200
191.9152739888335,-1.2990632058595797,8005.866347683915,0.9168937893209952,1200
183.8059713858437,-1.4078354649695495,5723.8648628135,1.1341668291699478,1200
238.73394352898896,4.089396399198924,6807.313496658215,0.6484280540119677,1200
259.31476498738107,-8.165286005533911,10976.399239747514,0.035022376702694216,1200
219.23001243130415,-1.693970113479314,6779.939955210345,0.7018510435205512,2000
180.8730054615086,0.34591490689207527,7602.465860078699,0.28347452475602514,1200
247.05557669948303,1.4526682868076501,3708.6294154272846,0.9797470675768366,1200
141.9211324072782,2.5507233569034446,5178.267187831808,0.6403958285523519,1200
192.92415716739254,-6.475387457553354,9450.512388507665,1.2122714017298695,1200
209.46455215646554,0.8206938735490958,3077.580482944584,0.7336041882597911,1200
157.75502999448446,0.6767111789833605,2022.5795817614553,0.8037645761661758,2000
175.03661673349282,0.25646230407887244,7148.807181451737,0.053442058891499146,2000
182.97147966952866,6.112948967831813,4779.678887481911,0.0885949458901777,5678
223.51295063893062,2.206594588044543,4512.558960015778,0.11276615156408133,4321
202.8156835240947,-1.520891761901897,2894.528575991115,0.030554945486267287,1200
199.264832550782,2.999487555955819,9382.939082904155,0.05448133188720474,1200
186.26783620646114,-3.064982579779121,9885.731917978314,0.15347968311584625,1200
213.5033341342233,3.911295943963065,9387.434186804592,0.6573154851618209,5678
233.40445937434384,0.24485178112111763,7361.407710835885,0.08089587442302311,1200
194.06272504512845,1.3803407211081207,7059.9875788016225,0.4214361096522436,2000
224.85386603142368,-9.048526115816273,10658.252240469408,0.16117078098111204,1200
227.78111671641048,-2.4317948713245165,6017.486270827599,0.027523410249318196,1200
188.59769342258642,6.897209791296375,2956.416112734925,0.9970163568795897,2000
207.38475578989738,-0.14995496392165064,3816.4511489783727,0.18018681404691422,1200
222.4243864473536,3.830841479742999,8642.900469651873,0.6609748964564389,1200
181.35844103941164,3.6782074478082643,8899.041344834273,0.3522006610830342,2000
212.53450407360265,5.370703210276747,6276.030561881765,0.017821791403239147,1200
215.66468357691718,4.196144357951201,5399.401704096714,0.5718283295420034,1200
167.3110852014354,-0.6937079154119894,3319.8197412923882,0.39220117736160026,1200
180.53621586956535,1.1861048727515124,3167.4400432965467,0.1386621939356378,1200
179.6971464967449,-2.9069311655580314,10316.52836588499,0.3154788472360274,1200
172.56517835298516,-0.13957265753981457,6443.665861890719,0.07175051802955856,1200
239.1118205914019,-7.190146316629988,9164.560169901397,0.21690595025730952,1200
206.47478310035072,-6.474629490294623,4182.294755579306,0.2039532536701186,1200
216.5773682842033,-2.3211566466274913,9326.97471455147,0.8991991255575804,1200
303.7514925335093,0.6190264418571597,8739.969314974458,0.19442981479753557,2000
161.38481879666887,0.4202253881996357,4312.563718940177,0.26988075819415164,1200
218.36812526210548,-1.028208921381102,8479.468380079323,2.487772603682019,1200
147.90148564257203,-6.356591190477726,3832.884871981778,0.03395094454957742,2000
174.86465658154557,-3.6282425254355166,6324.081946795493,0.23183687767154676,1200
221.03647039153873,2.8050580360849287,6444.025250036447,0.08656617564383054,1200
177.84905339092214,6.540561638427996,4676.862839824567,0.22962709924989544,2000
233.8436982444393,-0.40756780551360877,9396.363403457297,0.852435408705193,2000
173.86448608838458,-6.2712769098220855,4167.38609388615,0.2212205149105738,1200
228.00841481807268,8.1197689032429,10774.756776326047,0.669408779003986,1200
247.21174084701397,-2.5605483777252167,3930.3528986953806,0.5420380816422307,2000
199.79770452159494,2.933421884149564,8338.407650338086,0.30080405071031396,5678
217.6572538856454,0.8399176021005057,6630.458787701845,0.30792468221835356,1200
227.34729979742323,2.141149121459512,9947.523338530995,0.9948481078989545,2000
249.8786320448567,-2.3639156862052424,4531.818631803814,0.10882012845145281,1200
187.26483687030105,-1.3041611690590238,3009.9274661614445,0.29549551045933853,5678
211.80239198168533,0.3322248115259035,2428.397369639247,0.39921187407575526,1200
299.4156293367167,-3.87556762586507,2324.864717725658,0.028453430020626735,1200
209.0924108398945,3.1832620949375934,9624.022375068114,0.1507072078786438,2000
224.36379526641406,0.3956743667764601,8250.71864484204,0.2415438666209842,2000
225.53168729228022,3.493718571834079,3124.9713962965016,0.3225435270305573,1200
196.51840677902803,-0.7328987723829418,10202.6471036149,0.04692435511830328,1200
148.20997884435334,1.413672274541394,7712.2765977515455,0.06115445172911397,1200
222.5667060646449,-0.7109046415863862,3438.0966435770024,1.11523369826139,2000
162.00527178880358,-0.8165044902229568,5295.164488789727,0.7892169651368693,2000
225.740457254411,-5.639482730803455,4692.138660698176,0.1052911482075037,1200
192.56168036301045,2.9644857779854332,4354.271823438586,0.12617288282094682,1200
199.37941531338316,-0.47878631591726395,8165.617450407902,0.5684020949025647,1200
197.89287074234105,5.257081394596666,9564.062531258049,0.04464249538226166,1200
186.41795699921315,2.477114911024387,4828.55653208816,0.04958649705679896,1200
208.60589401664177,-4.457193952038825,7250.977247642787,0.19226193432684494,1200
164.09022608804884,-6.098355524686715,4563.420976774389,0.31691853603939474,1200
216.2671182374016,2.9661451552602958,5530.372110736344,0.11958392384441684,1200
151.35303716218166,0.6356776480816684,7794.738572065689,0.3939376892353747,1200
209.20771766753842,0.643943823206004,2642.2756373802335,0.22516690096458974,2000
160.49000288828486,8.906264552970168,4115.001929059522,0.8484985089879137,4321
159.50436029131956,2.40721998151965,9975.800701814178,0.08567384916079149,2000
162.78272546144512,3.9835607644711906,8827.718625099316,0.05035971991289787,1200
176.2887292615829,2.0409175252737275,6399.948545093601,0.12405866542967392,1200
203.93636938036,3.326284022879752,10550.198059157654,0.03446917168205563,1200
217.96658417541892,-3.036153801912403,3251.7215470417905,0.3279768235200495,1200
163.62041985759674,-2.298921648140228,7850.707720408269,0.2908551539353878,1200
174.85559737575574,7.155815249640211,2343.8345924612036,0.3689590060853039,2000
150.86772679276118,-0.9341751932254604,10654.953167664036,0.5260210139356983,1200
233.28482636293592,5.365549727831568,9392.388209071616,0.19025649428856833,1200
184.530379454493,-2.170854016254212,2101.719571291483,0.16040825002523132,1200
193.36990726132984,-2.2380743502832727,4615.860557532698,0.5021568825697746,1200
196.17003242648923,5.028322576944148,8673.574659206812,0.8891067069964829,2000
206.4567237957088,-2.1450605739919335,9869.330553523965,0.4111717074396583,1200
167.06939312891484,-1.6045750558739562,4974.220929777038,0.2201791986112142,1200
150.5849916034125,-1.3554094015087743,10835.109092806417,0.03575308091951742,1200
153.68269071379365,1.615361842235403,10023.968173255314,0.4513611076686754,1200
463.9179039612799,-2.0098596365059027,6119.213881048418,0.9806911983994019,2000
189.80933084499011,0.8407866550976834,3652.915160691131,0.09257494948412438,1200
198.9786866839745,3.286224620579365,10002.075809284383,0.5647863426436617,1200
206.63371508802192,1.0265908078477464,5902.004712711738,0.3660915986129994,1200
189.7047282472954,-0.5570122281607888,10307.620952767293,0.3656003035275932,1200
171.13255187192584,10.220283999646036,9380.27393140324,0.0896797744700209,1200
180.6961621337283,6.16600839235163,2476.336823655072,0.289901323435022,2000
174.95648080280986,1.43771079215219,2672.6990182592367,0.7089525638880139,1200
166.61237826037134,-10.504830983487215,8202.01252106632,0.10466444469608326,5678
248.07690862430962,3.2097943764215437,5145.481681685986,1.5335724926731629,1200
176.18107536758552,-0.8057352030798556,4717.927337305193,0.23123429779341706,1200
211.13418414866678,-2.5178354124615097,2721.102771871604,0.08635621447790405,1200
193.91405397061237,1.1371564583380838,9008.494784088303,0.36272566801461525,1200
138.08357665789907,1.060618781120647,4004.854638113282,1.433589868851151,2000
204.5435189588391,2.4041843047053835,4557.577780757729,1.0556628610552834,1200
212.53212811157275,1.8187270365613815,3355.3293270897793,1.1294677207048092,1200
140.4015555585338,6.983281526689761,9555.040460150885,0.48101407347946923,2000
167.42119663631624,0.011620241441476812,9973.362586730005,0.3073200325584899,1200
207.5578226346218,6.953646554505228,4163.89392005355,0.7505383371994464,1200
211.936502037394,4.397553253429073,6611.75504658463,0.9178063681016306,1200
268.38632565724055,3.8319465153991072,6612.0955852254065,0.06834935402459177,1200
178.7157176557432,2.7671611163871246,10586.301105896653,0.5903069126700139,1200
217.26569052775312,4.611702156466768,10885.141489050227,0.2942367290908246,1200
192.27831242971092,-1.5668875139563017,2020.429352765558,0.10771837215605616,1200
171.81647498940825,0.8150477670077041,3236.358484379114,0.6296972585056323,5678
155.20209073920887,-5.652591251660979,10019.839463294924,0.7024043066645155,1200
214.44019427009982,6.633775358618558,9011.06651043124,0.5069881716504028,1200
200.37505730692538,1.6588432640372912,6316.779302564057,0.8554967688770144,1200
183.76825889740462,9.397322247443629,3989.657999896812,0.18006190290169866,1200
168.4966037680706,3.978945399619356,5395.652334037428,0.024651496376615213,1200
176.1629178331741,0.034246588497790616,7968.280303218139,0.07912426250645573,1200
167.81677567941512,2.1638794890641746,5770.161312377672,0.11792494766779417,1200
204.85996686954283,1.269176279596605,3013.747856015415,0.6653339208504753,1200
202.51873742068062,4.379082804116071,9958.015180284394,0.19235042673882632,1200
182.1167149788376,-4.038950675925925,4279.971073676062,0.007401092296237219,1200
186.1043134338146,-0.4090182630317812,4929.813628304975,0.1917617572558323,2000
187.16142624270194,-0.1329872462173517,9589.801727498907,0.9459052398931691,1200
261.63269308149205,-0.6270025270771684,9237.572957452376,0.6203958974182956,1200
200.37859228377437,0.7982385177182287,2224.7042867608184,0.05522144798902587,1200
216.1261687668138,6.0806994627420625,3655.178906110289,0.5739621198904067,1200
142.096065142216,-7.426198405369963,6698.922726148356,0.7326519023349494,1200
146.92440204849697,-5.16187885305993,7608.5376731790175,0.20723849683720702,4321
129.93424160596103,3.305641894367223,5868.615761368321,0.7555248603885889,2000
184.28279795054925,-2.4413587174875184,5219.553543499249,0.02878871791521116,1200
202.11789207589933,-6.669651208816084,6194.625153461147,0.9073678400310716,1200
220.51783381435533,-2.0965605908875706,3874.4295776110557,0.266488826944071,1200
195.73707848786157,5.551811379595121,479.50186277833865,15.355202816323713,1200
167.7394497453678,-2.100549815410606,7700.626334759106,0.11191194780163535,1200
190.68846418238667,-1.1894583685533582,8855.66096431758,0.273205059197695,1200
193.1613858873499,-6.616130683851986,7457.604439827005,0.12943434687049016,1200
158.91152312097392,2.169178326270225,2130.0917924159658,0.553169097344946,1200
196.24760183988658,-0.9824550442364612,8118.504612129864,0.7291633195597012,1200
236.99917975970777,-0.12534789848008662,4343.098609848649,0.6931266567988009,1200
188.01067375045704,2.944979939793885,7236.317760359543,0.8874095284224641,1200
217.61014136479983,-2.4053508673759607,5197.253865108901,0.9807278678902125,1200
205.45567324701548,3.0769472130946913,3559.8248513904446,0.006342626713714589,1200
155.59408870518743,6.3179169047069035,8872.895570152723,0.07981225097575699,1200
231.50989281158576,0.4336816940950751,2818.5437407188642,0.4347254442231054,1200
205.49500223425792,0.8532386654026423,4356.608836899726,1.3480580392267736,1200
135.01884339690076,5.339904835035219,9395.564824752964,0.2076436416482191,1200
172.42810359723805,1.2954166210169218,6780.896407276867,0.18362402784398307,1200
204.79886805008923,-3.458340683835971,10925.15112974927,0.10083611525188829,1200
150.09091622944908,5.098165845054865,6266.036905415806,0.2320957786254183,1200
175.0103761694979,2.570361502740409,10284.716749536054,0.05628720305850411,1200
170.11188264397063,-6.727515138726583,7362.904305964615,0.5417618518994831,1200
172.91293486408549,5.829576527800692,3846.8458829505953,0.24668238977526777,1200
197.707947970884,0.45598460474841135,8620.542793188013,0.38495021422410997,2000
202.3260840715255,-2.5462392200043027,8514.84924614793,0.42918758644555716,1200
202.5069692672955,-6.041802986698108,5731.980335038979,0.12111791017326541,1200
211.51511104876948,1.197045013786353,7720.451989706974,0.08118717492527816,1200
227.9831841336542,1.4887455224395718,2514.1566933571476,0.951105181335309,1200
223.44044638648813,-0.2096514582457172,6586.439405532879,0.4083797909780335,2000
165.20776204301703,-1.8594812086770438,5783.525615679911,0.37412496203097717,1200
214.8329983776321,-3.125249057673597,5920.24142078614,1.3178588689240847,1200
143.87499029355223,7.148661430376288,8425.966411189378,1.620583321011817,1200
234.746853889914,1.4114245966666683,9853.391291445787,0.28890967871976736,1200
219.87884587572552,1.5986995348387512,4365.206048871401,0.5565215129312306,2000
195.29035855857197,6.96069912008661,3770.0898481032204,0.16200258056521072,1200
169.7272574475512,1.3072064251230124,9884.653049989874,0.11425877623741693,2000
220.93314477488877,-3.494710510256007,4977.010096027143,0.8722681394821377,2000
157.89534561220785,0.19004048558554554,3818.215819225943,0.5661329705679264,1200
223.33985836134048,-57.53073195998779,4649.832669826202,1.0594351412904404,1200
205.7868871139605,6.581070004994686,9964.627258043154,0.12388717212646659,2000
187.240134960125,-4.635414380548188,8705.748861698805,0.008769731894979009,1200
206.32703518352324,-0.4795793852519468,6404.997003111018,1.4151340027200123,1200
261.91878544916096,-0.5079016392139701,5421.965802078084,0.14038286746473308,2000
162.78221668830105,3.9358448000234034,4510.143925731343,0.24229179649040097,1200
200.78517413985728,-61.672446851375526,10518.911670259407,0.4285097709514502,1200
188.47250868246428,2.7218440341158865,5014.152049093024,1.8994835244600268,1200
203.76814123460454,-7.2644150273789645,7990.3009598857925,0.2379854350696792,1200
206.560145315842,-2.852564372685774,6612.95904326136,2.0278428484866224,1200
232.35579055612249,1.5718088730035724,2401.7973985455046,0.004295677836517527,1200
165.55489513914063,1.9610850015393984,10725.588958981632,0.5698908284258452,5678
241.38900461768816,0.5361693099522105,8091.671246689169,2.5200547406034985,2000
200.6909146319559,6.059725529223709,4363.797295092492,0.4780111281170711,1200
145.3860562231675,1.540341209100637,7235.362755066094,0.8036203761816725,1200
181.33289238345264,-5.976964987650083,5951.494531643423,0.49882698800720565,4321
208.62051040808475,1.348495706308999,9255.80141397793,0.20012337656864493,1200
215.20581363161926,-2.58060160068562,9259.438319990044,0.7981535307393415,1200
195.16604933123065,1.5189920711425473,10941.238077258502,0.6261189467032496,1200
186.41508518914225,-7.283531956914488,4193.387775493534,0.34058027538291796,1200
225.81582661772546,-3.418144935069731,2704.4420010525164,0.31927637216319255,2000
222.27140193226262,5.593507492657911,9772.541809776489,0.469015995960231,1200
188.95492050738994,2.563975466270493,6081.28326011175,0.9001450798241177,1200
175.13416867842358,5.5609454508674,4242.527842992342,1.129142488411666,4321
161.11548860902346,-0.6767850967127406,7359.861624346642,0.7589581237903288,2000
194.72251072792605,5.585929387925606,8067.403695124431,0.9792040977298678,1200
253.1500617019358,-2.5715988983732294,9433.617579831458,0.27399652008761155,4321
263.16710633493386,1.4005185865505796,9737.370625618918,0.28873441843096437,1200
163.5553464815937,1.2769715589895414,7761.756036244866,0.10556492432209795,1200
221.37178145354204,6.124519449125312,8487.655230080802,0.23495713328291526,4321
197.66186357628732,-9.310398894758366,5087.531504733254,0.3220211977411779,1200
216.50790634822346,1.3033857569478964,7096.279617666028,0.24065189189084332,1200
284.55906593049644,4.384575847215298,10629.800149042028,1.1070685654561871,1200
234.11662331884833,-4.102921503852002,8337.291641670661,0.36023214182066704,2000
247.5053435422838,-2.036314288022393,3963.766393033332,0.30506922766600425,1200
173.43928501675734,-5.910817945283399,9699.79625542343,0.5275633720285227,1200
137.00693363879006,1.9240387151232656,10767.0669483905,0.28778698669735503,1200
191.18524650068738,-1.6946944897403315,5631.2940942321275,0.6921718147573797,1200
261.7812143228686,-1.4131365546037795,2681.511344128549,0.5963531937395394,1200
241.53031992150912,5.38355923589452,8892.27256926465,0.12658605303866213,2000
189.7343970356548,0.9222453653517301,10687.679626863699,0.36585055836616265,1200
218.2922037781519,-7.515107238695901,5204.328017869361,0.4901611364273374,1200
208.98962265999063,1.1055861511497471,5601.007228252756,0.47933142657574174,2000
161.9519172750082,-3.840895727201746,9007.390980539745,1.4155816682951035,2000
210.35656909047745,-3.722961715855832,8760.770872153604,0.03371627581721587,1200
242.08485328002737,-4.771704640646394,10652.722133653288,0.030296755220008267,1200
223.5426166682229,0.32156429994466595,3516.832873992297,0.24784408511554865,1200
159.51657469298726,-2.3378300223324717,8196.293360220927,0.5693781408183272,1200
144.9852858508525,-1.8718092508353026,8368.841143150437,1.0361191754742927,1200
249.22262954284923,2.419971193031429,8276.381652603735,0.8969860066208896,1200
221.0464474835171,4.3882992307220965,4430.73221106621,0.5180970758202692,1200
240.47486963726635,-5.7603480507263765,2007.875700973594,0.3733805450926357,1200
258.3283161954806,-10.24951528471333,10383.821062030775,0.3285891536385642,2000
165.66725199954274,1.2259452438917628,5540.526404085016,0.35619266741762456,1200
215.52151808693708,-7.035587718168487,7361.215763752482,0.5997725103601022,1200
192.96684999493425,-5.5194656998211205,5695.103718664182,0.4121435479157303,1200
197.39041085780198,-2.0088351931427972,5690.472623965452,0.8229659797816191,1200
190.61045153150417,3.2677144766003376,5122.055238124292,0.05697896315796488,4321
187.35108816430264,4.983207149483852,5539.621597972975,0.4888091919326495,1200
187.63225889467066,-2.4299144791980094,8908.739320052515,0.14910656447297482,1200
210.1527911070014,-3.0427234045826057,5706.772953905691,0.06538576698407975,1200
197.1708010633478,-4.45051927940382,9071.57860531513,0.09529591976608062,1200
231.39111921071844,-0.012091115730907489,9467.929400631067,1.6574710933935872,1200
169.7387979004496,-1.040753731622925,5083.5223477774225,0.8301744802008324,1200
215.6485268973095,-3.507254272137161,7302.681607105472,0.13750171008528364,1200
162.96973462945954,5.395282964953714,3313.9778457242032,0.7337346666323915,1200
173.6679813605075,-11.225499841551589,2645.106688569191,0.6243934227073301,2000
195.8673350690641,-2.085368547387568,7765.121727444748,0.09040182980617922,1200
185.45936695476382,4.744752224764673,4975.8502330030915,0.46075652461429084,7700
210.40659911042306,-3.7300838413068496,8610.746354195853,0.959775385974314,1200
237.7307484343103,6.8509205410387555,3392.363100214621,0.8052648644009293,1200
235.21051374983665,-1.7876102850438154,4042.2964712434095,0.9255712559253177,1200
198.60972945355894,2.3566400662994194,5577.57043950387,0.9738677824714902,1200
255.15151086697324,1.4297732087923067,10198.427981173465,1.136041042686661,5678
182.47972509431366,1.5225491013013377,3087.5905966382875,0.11901884269431193,5678
200.04838279000597,0.8745982778748744,8596.888455686241,0.10940244050734595,1200
156.4558426904712,-5.466469271305586,10633.811604932158,0.012150355957176662,7500
219.15363891746887,0.40507600289586193,2529.984675944185,0.49868378041754974,4321
194.02345060825732,3.817791246340456,9639.044593513165,0.6091456776448066,2000
160.50285186950885,5.500280041194958,8914.46315810204,0.19468414238910797,7500
210.63077825612422,2.1439938479167693,6837.721057192388,0.7392801063648533,1200
242.15046561807623,-10.574909481315746,7563.17254196593,1.4695916219958896,1200
192.31558159560487,-2.161546665546795,8564.314836132899,0.35774010163450165,1200
216.29807148427554,-2.0085246485122163,3062.961650948798,0.7838261790928023,1200
192.6239786952551,-7.66989280936174,8184.202423906857,0.25745799023820426,1200
212.9621492064755,1.3556241204645945,4963.533842419965,0.3907622919701991,1200
156.3319527298707,2.0159823846794795,2955.8892068677055,2.6254284026889474,1200
233.73897918904063,3.842898994429313,5549.548193882578,0.489956406193484,1200
179.49087571532073,-1.7028367747204787,9679.158039390994,0.29049531332931766,1200
163.57838631484552,-0.44462761931845957,10419.36981294218,0.26433771193932953,2000
263.4160835679358,1.6198803803581234,3181.051245648817,0.2484235547806352,5678
227.91727558509166,-2.3377683571888657,9991.372111939618,0.31238226743354974,1200
191.6156922835414,-8.561926254056381,10452.343019055783,0.1818507718670447,1200
161.44338935711284,-1.9118369079477837,7393.768062815321,0.0787862146596687,1200
224.3237991866912,-4.410448253427744,2662.376839515287,0.3382507074274892,2000
195.7320199545782,0.31280458927976157,6092.9676946814125,0.7268324994228308,1200
220.05502142608196,3.984099724237323,2740.3912517552567,0.2449599395454251,2000
263.721997076614,-6.289650417357939,6740.601700094773,1.9095570957599717,1200
189.88759467655464,-3.9058175360197396,2111.333711231553,0.5413000906666356,2000
211.64875468387393,4.791079782081425,8271.88643389696,0.19188232727424362,1200
180.73277744793987,2.1763896488423025,9350.042862704955,0.1804573480017319,1200
174.09374070938304,2.5958793806778444,7282.016250228867,0.4358552913142514,1200
221.63945123168259,1.3306266322756477,3934.0599674913456,0.0884731600959558,1200
179.93203051989587,0.6474553854410768,10252.27910609113,0.2524538618408656,1200
208.5745643787402,-2.455993320193843,2988.506818928666,0.016699527567493776,2000
217.2721694652719,-3.403385920923545,8469.96489738025,1.8849221438086017,1200
209.77765351818746,-0.6087005289144075,8367.798777694348,0.9121977182065233,1200
148.12797887763793,9.54760696257699,8635.924666602128,1.5078684325560847,1200
143.55525303185956,-1.7388223785011303,2457.3154774742306,0.01771241707662665,2000
188.12660549065654,-4.474730661199672,3281.6048855098406,1.7766298313336886,1200
169.73067218466923,6.334755598032787,2802.243055249799,1.3001984634766217,1200
263.72581495660995,0.36943534237728537,7047.545998083963,0.6534719055327554,2000
208.5858809559893,3.152350219703275,5270.477633598575,0.247120860865353,2000
187.84865267898473,0.49781208916645786,3602.986382716689,0.17234150486120373,1200
176.35076328942586,2.6649473084849133,5595.304131253695,0.27707499131607743,2000
237.55984370026087,9.97958489425294,10886.703834316007,0.853018133602041,1200
161.76568767625406,-5.366841803485902,4833.68650285088,0.9866060952867687,1200
173.67721083150775,4.910948749857612,8014.411385509369,0.7358809499793497,1200
185.32883127017018,-3.7619967401307997,2240.648174164362,0.08265306524344335,2000
235.37179381053255,3.4558408080063407,9786.771649340877,0.13504783087469518,4321
235.5412102626109,-5.059664439219374,8698.517234828876,0.6642847993525952,1200
192.36496237075025,1.2601745346108335,8153.463011298911,0.11650928015761923,2000
269.4861741672788,1.9884156837242437,5487.863437879165,0.06640320050847212,1200
229.55815305498894,-2.3062587706269855,4695.738697409335,0.035107762910280206,2000
175.81256757941512,-2.5424804035339936,3535.8416187642115,1.2038992859926891,1200
163.30652382337303,4.5594843339218,6115.922875698293,0.41416183899608455,1200
149.80320700931367,-2.801043050798504,10377.594307105199,0.1804529080955099,1200
181.9341638760127,-4.632673374205532,10094.135815034337,0.0016307502740075242,1200
162.46664394301473,-2.6839644000645855,10946.374135911003,0.3759827223555591,1200
202.79866999647177,3.465204607875577,3584.1363121016248,0.8293152479126583,5678
175.7666290026166,0.7276260144172378,6797.935005202883,0.23153244950135013,2000
116.73494246678499,8.064311972541672,4093.4112753481386,3.391623803303727,1200
222.2550372994273,-1.0730716189694076,5769.973769140517,0.23140440952717758,2000
206.66803715862787,0.07102819463497578,9948.472684521967,1.211699571716196,2000
179.2981684489949,-3.532427573603126,6442.112019165569,0.00016564768249221497,1200
227.33697495593108,-6.671315283462048,2275.722499923238,0.5484192643883206,1200
206.57808546043606,-1.5012382670728786,3220.631487124694,0.9702699785223691,1200
207.70047751913305,-6.772374896463858,6044.978497743763,0.300086784629225,2000
223.21755431983158,0.2597625900648501,7989.539200959445,0.002405047117381233,1200
228.06208432984124,-2.804041667952404,7024.033952063416,0.3928836542329442,1200
232.69829947014864,-0.03506607632490138,10956.977726211851,0.35268419677155105,1200
213.34204282177672,3.6518245628836583,10995.948179078507,0.1763893943098234,1200
189.8406506539059,-4.10465610549134,8413.070706309612,0.9955297223787531,1200
210.5621910870271,4.04579442674613,10248.994611320944,0.32390323273163724,4321
170.09266886517392,1.4340944910615654,10531.570304195046,0.8096906094392207,4321
194.84694249275952,-0.5918394447090066,9393.804666425405,0.07560901529141702,4321
190.8520714094244,-0.42163138461104976,8799.599729028803,0.134159673688916,2000
164.77874195464548,5.482462598865268,7359.594516248941,0.12167352704978579,1200
246.73665178760353,-7.163319519595154,6000.950841329646,0.6680722826302561,1200
199.90724505846435,0.017014735249035785,7880.522170422418,0.2391870571381657,2000
165.41120965012587,3.0600228669727794,2039.0561822405066,0.12238136412214688,2000
140.37016508270554,1.3022847234432076,4787.162776342988,1.1872946253511274,2000
180.07085436769225,-2.2386009994712976,4611.930427936993,0.634547163658619,7500
181.80912419673788,8.893148391320977,3410.291351262823,0.7839964599795515,5678
225.40550574667878,2.086435896526352,9206.76892810312,0.2743196353246901,1200
177.8070260403517,-0.645354817389291,6728.991103585204,0.08465893747085866,1200
213.67249410086092,0.0678769194571048,10837.861368561755,0.11362077331845512,1200
247.9349256542451,-7.434707460946077,6614.672734215376,0.4824231859778753,2000
192.4627628025184,1.4044527190339509,6817.1309737038755,0.04758930840363038,5678
231.2061974397493,-0.4495832633565062,7087.258248550522,0.10933663415989664,2000
161.02762939970782,1.6995611657592018,8799.458804532434,1.1751021497421792,1200
209.78386347428497,-5.176476056673175,8166.56700169105,0.285300790910977,1200
187.44111086591528,-8.71429722328911,8775.379779280125,0.4702897548170739,1200
208.3427749725364,-2.179771527262158,9461.994717273152,0.1033111974282114,1200
222.8466223696318,4.9597841559062585,8484.063534200497,0.8097139888163383,1200
185.21208571759882,1.0152278654210685,4320.860946565616,0.09299756529811283,2000
157.77122712838258,1.2080434676593033,2272.0460537852628,0.29008536905134114,1200
165.54548740974832,-6.502361190720042,10818.178545486524,0.018263098205398304,1200
162.72987017070747,0.6766571451121799,4534.231281355174,0.011091961321626757,1200
190.0224034997462,-2.893430073728193,7168.731232748884,0.9090681219304761,1200
199.52126121791048,5.150291604638791,3006.5608682699203,0.20126420437784054,4321
153.11391049934372,-2.5907079847808814,4063.6391521115397,0.02763997337105946,1200
201.50098210161718,0.7600607324605735,7173.381020245199,0.23644151876338537,1200
175.8866509548877,3.738897636572938,5965.13224320164,0.5697991723206478,1200
197.97747420622602,-8.905766012979202,8757.30305524868,0.13541115925936212,4321
227.96396196775902,-1.3458010360280377,10819.622800897125,0.43804491835562015,2000
192.1656968690515,-1.0349681395466073,2146.1281834210276,1.1868159214542389,1200
206.22436763521415,-0.586465228365097,10493.754881208077,0.5785983006955727,1200
202.96845822479042,-0.7962009883317299,6023.428855288726,1.0731248970766027,1200
204.09462220679708,-3.2311300515042305,9966.69781711727,0.8010776742481532,2000
170.89794657835412,-3.5306126159578306,8067.4371361361655,0.22287710571990316,1200
212.11194943368636,-5.87629510722297,7989.561760797882,0.3823869739870712,1200
244.57631584677392,2.1361912064514454,7897.173313404905,0.23112463989085047,2000
179.04707894158076,-2.1034954837023117,3282.6517864523366,0.041513295171453767,1200
171.26133221407733,2.589417182091848,2713.1035672102066,0.02420860541487717,1200
259.31266607099224,-1.4737767982847088,6478.549311019867,0.16748873492246413,1200
150.80369628152684,-2.863619789398698,4698.694167638167,0.34669958476621093,1200
186.48939466819638,5.231323227542963,5916.501139715287,0.06190090107084761,2000
124.88257309972792,-4.852419872321892,2320.601238849082,0.5937592684384216,7500
229.3465161673687,-3.4475994486955734,6419.689445805742,0.26094676316023196,5678
193.24017221970848,-1.4293977910698221,3321.084223641587,0.1011188483413381,1200
195.26948016528266,0.24637649008028084,6647.054533624454,1.9342581327924933,1200
270.75643500993294,1.160576384179394,7979.536074875938,1.683295041208803,1200
211.28901884003292,1.1575753354792881,8475.990708432993,0.5521544681038827,1200
193.72716672960811,-8.073844195582266,9276.04100501844,1.9320160304925678,1200
241.00079789074738,-6.532280318722236,5322.459782860421,0.9368025354240321,1200
190.20972420017864,2.364160338328143,6368.182102557707,0.7641004594374342,1200
219.12720192110223,3.5807901331090912,5471.588488539075,0.5602473744662231,1200
185.04070287751108,-1.5962836422735378,7163.804505725453,0.045027854423032546,1200
184.79717157247208,0.6136878691087692,2692.413942399344,0.08428723096036328,1200
221.75033431728994,2.819707903098663,6123.01348334342,0.30997128481386965,1200
228.12583574730482,-1.332528854695018,4452.499300139891,0.15198226559461672,1200
247.24851294075853,2.1419400939856343,4117.665245855655,1.7149408673229598,1200
210.0100478610251,3.134566226222231,7743.78485297632,0.1738446314745474,1200
206.28053277101975,-0.30689354723006285,4320.455641984352,0.31808162954994057,5678
245.09884019022468,-5.093752487596748,6345.057180728746,0.44391405408873397,2000
179.7500850386939,-4.258991413734498,3058.645836420079,0.039036996111523774,1200
239.79800888101983,5.273054777674956,5449.051013923685,0.5893770760370904,1200
223.6249205470543,-0.8148693040932431,10626.033324452263,0.1932467863263938,1200
229.6387035912822,3.4669889751947185,5324.9395297076635,0.3559380343876903,1200
188.87352104824095,0.2642043747191734,4090.7708264865973,0.7661950834473442,2000
240.69328197115766,2.4099973805286865,8208.463256917372,0.0702534715041394,1200
179.08634538861727,3.2845091864164537,9943.776898470915,0.015369615286755928,1200
208.61465071958082,1.17703565909724,7001.881043243088,1.4124969505053688,1200
235.36459146080983,-9.58203558248342,9225.596539230812,0.10227188901228984,1200
217.99163083485,3.664342078119409,8168.916728661333,0.14062104616893134,4321
239.4576415542636,1.4376835854603636,6361.3546741089,0.04646607263200521,1200
158.6230665992509,4.1828609117537745,6827.881390698769,1.103400700154317,2000
176.38054827424384,3.7322467355820623,7350.446932661759,0.27696614657969965,1200
181.71909824627247,-5.842674452981395,3299.321724368421,0.3064826470657628,4321
197.06553046022978,-4.886994368098381,669.0006661847108,24.54659020497298,1200
241.10040147486166,-1.5524349486001106,9724.170640773023,1.3629475896841747,1200
176.03917445306556,6.7072229900707026,10959.114197829633,0.18776839154652028,1200
205.03942142839693,-5.155900912140729,10554.829077303571,0.2560644937156915,2000
134.54593656202212,-3.1520643069282785,10253.959026314089,0.9526617331098081,1200
264.815169187823,-4.688350564617103,10151.145351309373,0.4888002520424193,1200
446.36841975958276,0.114572679988002,10981.631228847153,0.6854893711510264,2000
210.6473543228113,1.4147854937095543,6314.175342066826,0.32555810310346783,1200
212.93639489030136,-0.5380704736589229,8004.222834766522,0.04471917619115301,5678
186.0719803617337,5.215137782194829,7657.763634239193,0.5685324186262368,2000
188.45050845526762,-1.1587763304909369,9104.912222520488,0.01136986124406811,1200
232.88160712436567,-0.22699181388119538,3039.482325900036,0.21887133683990928,1200
156.8848948245183,-3.9549074843988796,10157.140837464496,0.0397097086512706,1200
213.45107756494008,1.306595019483953,3519.055273235914,0.6831832146870993,4321
172.05187254413877,2.5084138166449845,7058.968817170248,0.6979573644750875,1200
216.2376210503511,-4.132705067023616,7315.3005864267925,0.14620698889902986,1200
197.96599611858682,5.602815233229416,10765.661106459987,0.5871627211490866,1200
241.41107350478924,4.186139388830065,7902.375861074711,0.15778646671147695,1200
181.3799275595162,6.049289997104465,10263.032283897226,0.9621088448750079,1200
209.41939291419928,7.378284356589539,5082.312052161606,0.36600333450346534,1200
163.665756543436,-2.2476362560789513,10677.694677791073,0.18570792097061972,1200
244.75460956460543,-0.36403554859067294,3966.326981944936,0.00806450401330498,1200
220.5373472652155,1.3017434678466824,7142.9225087467885,0.8765503672445336,2000
214.1537860388479,1.2196517766348034,4242.232991986094,0.3111824813512704,5678
260.5782655652442,0.8897476822742115,3873.38627262404,0.38338773234226214,2000
146.20047565601467,2.001889330737423,7277.002716096466,0.5411022341825803,1200
210.81702508522974,-0.10285903243834457,10768.601173533118,1.1289038806714624,5678
212.42152504873258,2.1532259845568205,4531.586849111944,0.32475601570509993,1200
135.8743213650504,-2.973943744802467,6492.700252009763,0.9373857793701921,1200
170.74364706983118,3.750154178147117,9039.43641658638,0.1115886528992014,1200
170.03949216962252,-0.05997486324828488,523.2139449712333,15.881455658359137,2000
170.82204994344838,4.7622290157186935,5217.0061600908675,0.27693429570478206,2000
165.60926999217722,-1.129048761390078,2625.4764845543314,1.491761117823751,1200
192.3725775523811,-0.5750416574200523,7643.19838176487,0.23667135182174276,1200
193.0179601767185,-4.334328870956903,10647.258653341441,0.5023102407004469,1200
168.66945708015058,2.556596354884994,5932.016369717572,1.9383974398039272,2000
205.20298666487508,-0.05024815582526442,10585.718572128479,0.4290516071787771,4321
189.24869364908074,0.8762327162679447,3469.323325119395,0.16040473610534964,1200
248.1364637133463,-1.0795584875058146,5821.109641252065,0.04795716676676812,2000
249.66193554253115,0.5949665627815144,6635.047096741105,1.7515396706350725,1200
211.21857549027473,-0.1769208489318492,8043.725261223509,0.24449937489967813,1200
204.66681307683993,2.387473028587899,10710.239232834481,1.115617880101951,1200
177.6831007529967,0.9491112508113688,2485.838033872357,0.09049804601385596,1200
199.10521698457796,-2.389319655834533,4739.998335540772,0.8563282981032277,2000
182.81795382131466,2.210398522211762,6394.162946788975,0.04492840426418705,1200
240.26026348797308,-5.366864569963676,6012.250503417344,1.2850544916182356,1200
164.6442968122689,-0.37701841721298046,9933.491692161477,0.2883361870929,1200
125.28433962140593,-0.5135201518745311,5111.950965881308,0.04622827992414286,1200
207.6252782634581,4.034515632406934,8386.025580102383,0.3332360806144947,1200
211.906121989717,1.486827502138371,10552.087876516494,0.6164019178877791,1200
248.52062635102857,7.122698829841954,7313.96172250596,0.032028816443729485,2000
182.19561319244025,1.3417061499519947,3751.35165781843,0.11361196664064634,1200
216.83652150437007,1.0148444501547023,6249.758985775603,0.4289680208734661,1200
203.91392940544796,-0.023328392919717868,9445.003830171327,0.1469801452023127,2000
230.86464698006077,-3.1971867598044494,10380.588256679272,0.4159187071483585,1200
222.0896778593086,-0.22559219948377374,4164.176139472169,0.20351654484134724,1200
223.03251467857666,-7.759239818188528,5219.931157317497,0.028129743451806574,2000
172.5430755305983,-2.046415110352614,3113.0717265094722,0.426395165316165,2000
168.4195393707288,3.976751599098464,8640.783641236485,0.12893965760028758,4321
212.32424278981324,2.341486703663412,8050.266928860998,0.1861357923222651,1200
207.86839716720067,-2.77225604120211,10726.94348761805,1.2801128985384171,2000
211.29959304787465,-0.20739221496262938,5574.637541827353,2.331929762809157,1200
169.42608325848943,-0.5130415835102048,4819.6433722996135,0.26905063948577224,5678
228.71918025274917,-1.3010848053184028,4051.152178516971,0.03802248227209329,1200
201.44545052872286,-0.21593013719842422,7642.809112660236,0.45957063866274467,1200
213.1601302758906,-4.137795019036334,9856.691252139808,0.39415144907502575,1200
199.70189928148844,-6.224591439111915,10037.032115976312,0.05491451535128048,4321
248.7822198784237,-3.383254303483453,10529.738368463772,0.39302059152226904,5678
204.80293614509608,3.485097230101877,9146.151590921749,0.04445245392048248,1200
194.25467594713402,0.2376397335143605,3499.426676057246,0.44545351309218306,5678
156.47975378035147,-1.5191143404344016,8173.889945676712,0.045090900880859514,1200
193.20580202668327,-2.2831216793051428,3500.35810860665,0.29275734341516835,2000
254.83811153326485,-0.20131952878948314,2475.626740188358,0.34000127891589293,1200
181.76605255447413,-1.303370708491922,10269.64615374888,0.31366068133528746,1200
219.22867037175834,-0.23611048515526867,5808.446555252294,1.026206974587624,2000
184.0139115080151,4.207028204050862,3204.290959584473,0.023028431588348632,1200
190.812580337554,3.4646983143512298,5111.645822451759,0.29922856132803116,1200
174.80634341112537,-2.1632523656792446,4365.733131857254,0.20008120586899183,2000
178.5162186978161,4.290324409390868,7995.0183244593945,0.5017097681729262,1200
208.82705285433622,0.9199567289484549,8964.266534320599,0.9704149519019863,1200
159.37180259250252,-0.19492849138791188,6343.448231275257,0.08151855387331033,2000
218.80651033338967,-4.898567056024957,2205.1262799631895,0.12757919963633035,1200
195.93881745318956,-4.159753961886314,10444.570074696965,0.3669914455550381,1200
181.14977128269314,1.5532066600306627,3048.937870029907,0.007878242522416404,1200
236.14615754316793,6.025759417816774,4274.872821626561,0.8241558086113897,1200
205.38030207866058,7.962978363362333,3821.4265422891185,0.5884482842310542,4321
187.2450115289895,0.18946816312352094,6209.624034820161,0.640825404149622,1200
199.0624714201795,-0.571323544669194,3631.298812815043,0.027013959020012263,1200
207.87805272587855,0.7984967448250824,2298.8953269776566,0.860650620093751,1200
181.58292245647993,3.7719960526582086,2771.162939207089,0.44455763036189605,5678
203.00457977404673,-3.4328132722701366,8755.100502353134,0.08774193640827488,1200
183.64092897837418,1.483873914202023,9470.303634649235,0.06995892413877132,1200
228.29614822790205,-0.38583889859166737,9098.501788767782,0.29346509925355163,5678
175.21670876557354,-0.7966039141714996,7867.376260353339,0.2543431512481134,4321
229.79455286405906,2.3595699915231383,3879.0635874843783,0.606177917500395,1200
202.03482461385016,-6.123392971009367,5118.794533412811,0.8284536837050162,2000
139.08894152227538,4.4640083539133695,10034.969640347215,1.0400508350514754,1200
251.42854351369516,-5.313110160904527,7108.937482158623,0.24738419735797104,1200
188.5270314548467,-9.842050548290015,6348.959426895468,0.04872941802604373,4321
178.94568734298835,0.37628529076034106,9677.513897932939,0.0293819632146755,1200
210.8935088565373,-2.132451324961392,4248.926819881714,0.4166152428281345,1200
191.06456006429778,2.7807996937882193,4729.469940950286,0.4891274264120174,2000
157.39821437893102,-4.924507270230865,9407.166432381484,0.17132154548943754,1200
204.60127201030744,-2.132804123909147,7015.58102984211,0.7012348077860392,5678
187.32931074682372,-7.88223416251843,6274.493616254992,0.5593468791728868,2000
195.59961045272576,-2.772576647475444,2101.913879901433,0.6753705388069638,2000
178.3454973694619,-6.7002508740541105,8613.89016626789,0.40128946614565136,1200
203.6849907933579,-4.731598806458924,5404.721947401109,1.4626666990085797,2000
260.6625674291097,-2.741385059883905,3259.117249756984,1.0732126884346243,1200
222.78526647428248,-3.6080733097699556,7261.850267727359,0.0023690987656333476,1200
156.2270374801063,-1.5843224030078984,2516.202541842072,0.020178992548777426,1200
229.49149099696623,4.800361704647644,9545.117554712517,0.5486924397864679,1200
217.88906406713872,-10.096530906728065,7841.758527208234,0.7277224882182136,5678
195.07443613483366,5.86134457433377,10032.791374334218,0.043506267280359716,2000
228.42265827698057,7.7564924586136845,8279.59778946286,0.2691505381058277,1200
230.72225306320937,4.258141727469869,8873.49042689218,0.8840432776032727,2000
203.14413411233537,-5.317105776921504,10502.358705939712,0.3444177108038688,1200
204.0699427400278,6.640170031898154,5102.348352286204,0.7505668219736763,1200
185.12058839832056,0.8814729645256741,2803.261032626329,0.10606605452659114,1200
212.31028991348606,2.0166112862342174,4004.086096162834,0.32548537990482873,1200
160.42473953255396,-1.1005833732982035,10966.22278078009,0.35162919023334926,1200
239.17156175520597,-6.551912899173554,8572.273756118902,0.505360651167313,1200
242.53202846645686,7.837333428748261,2522.6014932726457,0.538959449297443,1200
213.1899859747129,-2.7539872857238072,7580.042087624888,0.5643429605666913,1200
240.8244140384573,-1.3127566708539515,3776.659917066265,0.06280617522419704,1200
206.17301366080898,-2.173429355653922,9344.438800742708,0.4749444628308294,1200
202.95800356185882,0.927982961821619,7798.559982257528,0.6706815154924703,2000
206.43570460564789,-1.452019747445019,4496.330026939491,0.5331642228933051,5678
190.13186289827263,-6.385725707447332,10537.94208967615,0.4333095300925964,5678
246.11855578808198,-0.08769813589728613,2800.7808693228408,0.10040884917317958,1200
231.48127608944867,2.7755030416542685,2364.5218847293827,0.5184393793179113,4321
229.6264480720034,0.5421146268637517,10193.92305934545,0.19368684059042676,2000
227.7829655087963,-10.431804866826402,7678.7049910238375,0.5065538992724631,2000
211.65825547209965,-0.6344682516595143,8498.705490913038,0.13260918183316617,1200
160.42907309915645,-7.058321817342564,7120.3414638934355,0.05232555608078231,1200
155.6073173766437,-2.991852901294385,5132.38876483173,1.5235635696707361,2000
192.47689989598143,-3.9197137525007513,4106.473323550116,0.07184417963593155,2000
167.023354575798,0.6813775300163549,5990.334680697562,0.06987746188704216,1200
209.87565312701543,-2.090285271300101,10788.329139041418,0.826462289040625,1200
234.24891461118077,-1.771680848570595,5118.110884138645,1.2639919645893716,1200
194.597011005351,3.7759574568398486,3239.6022142780475,0.04641056383504058,1200
176.36907933142749,-3.866236382011842,4545.08457301965,0.6065636944616271,2000
154.4642693861058,0.010646351361947184,2358.535542415755,0.9943047049775957,2000
110.14957540761343,1.6787231008610248,2713.6880969269114,1.0529849728015759,1200
198.72240769264735,-2.4617711920187997,4583.308050950704,0.41893932987748256,1200
242.20981733595934,1.5086846403221643,2140.514701060815,0.1421418267148368,1200
203.71707990943608,4.832904447771352,10944.633342948802,0.013443628643144696,1200
202.41972770824296,-1.743948536541849,5796.972325139133,0.10157736310342887,1200
198.17146002343364,1.7001907811931902,10936.31329063268,0.23797631332631322,1200
213.47760801138025,-4.071571932475526,8947.574194219049,0.2586079176728103,1200
155.53491657409836,1.3853031399177795,7522.442186507288,1.2772257307354666,1200
186.1148193420398,1.282831096228103,7860.502723329315,0.16176612233773505,1200
224.54843889647424,-2.297271536241039,10113.795916104502,1.5546192093499578,1200
226.4259905005047,1.6018357439235313,10948.6042335747,0.7480746182273782,1200
188.64451427342559,-0.0003817414899342611,6643.1149660244,0.21224607436129475,1200
236.49180585207168,0.6967312575672057,4462.116804727277,0.26801939539528286,1200
172.1425225953985,3.4199347634325012,3466.261902341884,0.34807193830744804,2000
188.79923039370286,0.5504702265783692,10289.59880154506,1.7346583588411,1200
255.35883076126458,-1.1226794131200633,4801.46914466372,0.4612249738312376,1200
239.33937169914543,-3.2215281770999433,10928.693318233172,0.3781887422183079,1200
489.6340950803386,6.797650937660094,5972.6600557073,0.6291984294000621,4321
148.20967798053292,4.993725809675868,6187.795152720726,0.1705041273556266,2000
191.4577194678798,0.7109165773607726,4840.449628849218,0.7636858082046222,1200
494.24502742739884,-0.5749907446162096,8904.678538417986,0.551012168872001,2000
223.01763171240822,5.446199948652713,2069.4123577482505,0.4167928494795037,5678
206.7807589248805,-6.428567006400842,3821.933417111723,0.23568061839253815,4321
178.84702966719644,4.436505595024806,8787.980193428917,0.18083909161733872,1200
182.3807110372824,4.85119683339768,9298.236397041906,0.009085867434892717,1200
198.55165128201386,2.460432600202566,10576.21398173737,0.15282162559299325,2000
205.18625205614455,-5.315322910558468,8754.467800232896,0.43450114567565196,5678
219.87205733736792,6.810384054320079,7184.936762681568,0.6646519109912968,1200
238.4048392462205,4.658953132956219,8561.624403796035,0.5179485314863634,2000
246.74530214914847,-3.1325210441753617,10996.5298823326,0.40045452486435046,1200
228.1950441224132,7.633690265980577,9280.582792095442,0.42935724718128443,1200
181.3127557001551,-2.289007018602063,4477.190667581291,1.0855612891265385,2000
185.02979464007157,-3.2557210828450653,7667.373092708667,0.007354130279060911,1200
249.11892431945049,5.240821998746778,7437.072946665176,1.4174429222882032,2000
179.72850180948427,6.251884185444117,10880.233828144717,0.03607717789832035,2000
208.81360575301105,-1.6829594662121559,10948.988404587575,0.6336034498218494,1200
225.55335352727337,0.24070030598610753,3300.5216877250195,2.8592464848935633,1200
204.99777069193198,-1.0098926719078953,4248.147790951843,0.1874049498393161,4321
247.25214528768936,1.133730207218007,3554.526504736158,2.9831029759997625,1200
171.7147339719171,-7.059940325714143,2307.0256991690985,0.5883159872250916,1200
222.47792075311003,-3.205345669642014,10489.09216418532,0.44014455232113525,1200
196.32803419418158,1.4764302853866014,10862.065207661533,0.7688460064538111,2000
231.54749468063017,2.83094098436386,7445.065344930032,0.16193418916748337,1200
217.1600277860888,-3.9708890301505266,2537.5413920873957,0.9837400166493981,2000
163.56332881936078,3.8674732142082497,6380.853412318153,1.4816752973767102,2000
243.44237035964312,-6.7418493864672655,6897.476299806648,1.2149334426525633,5678
212.56410727371122,-1.736012245293116,3929.427284730577,1.1519727552510564,1200
147.5635847625384,-6.695114019536562,10555.051397197592,0.13341604176959299,1200
195.6248826105864,1.1052185785317796,6576.871674168172,0.49605759709752995,1200
230.7735354813655,1.8752412223528347,10100.600645641061,0.923917157914337,1200
178.08174785308694,-2.1885974374258184,6917.878381375533,0.05234176211599305,4321
149.2128923327587,3.2246051187882565,7615.779730342347,0.3299102855212501,1200
174.01291505843184,3.857567287538031,4119.874781430202,0.29670481054270165,2000
217.36771575199532,2.489092551858101,8128.8278148614945,0.11454704488987645,1200
167.34682075638392,0.472186914944718,4163.069391907155,0.005755100803670077,1200
260.7424528267887,0.2151811909217518,3915.1070120165878,0.5198546569847999,2000
219.8550376723244,4.933170843626992,9814.744200311194,0.4152704316854091,1200
222.73354021840913,0.6206235024741494,5891.973947386602,0.02739047027684954,5678
241.3757466246068,-5.9711107292915475,4764.797509143413,0.6725686940651324,4321
150.0278714934355,0.8075705772174019,3061.4929291781827,0.19065381445583207,2000
169.05480252192388,-2.818322040234672,4428.875554583535,0.02210049902353778,1200
210.50767528506933,1.826476822293181,7866.97451759418,0.15654271834909353,1200
217.60629800292807,-2.969642449720538,6219.291335069525,0.04937016354836935,1200
231.49766724455907,3.58152830598216,5522.48080643912,0.7116416309733006,4321
192.32199040832168,-4.983414928394446,7878.749856387685,0.7894162663893309,1200
194.08681282353322,0.6232154971419979,3603.260595592692,1.4000719145998455,1200
231.9651601878796,-5.793510733895086,2784.6975641801,0.19452673803206438,5678
227.87103825654583,-2.679715781811764,7195.29078780405,0.2617843566246053,5678
171.14946680972326,-4.308852262183076,5044.487677478341,0.25724641268315895,1200
177.87994969297304,-5.026922898900211,8789.797392720591,0.6634687214625307,2000
165.97141551241853,-2.7051886363040833,2315.335153990426,0.009686718845945621,1200
246.88005658856275,4.49971145974734,6969.84538564144,0.5123974908791454,1200
223.07304650449188,-4.043744169681516,4285.536627488836,0.4951789048937525,1200
226.91860332693958,1.8593339476122233,10675.420696780628,0.43427503188740874,2000
204.58453454561538,-2.769467146248221,4616.271063305602,0.8179320154344325,1200
211.95956985340834,1.1307593884170062,6155.109401226247,0.09749694646613769,1200
208.5747278939644,-2.0723423744506557,3373.3897830181204,0.7290771184079509,1200
205.01352292989202,-1.9637964150143767,8977.523613889727,2.2328133716190135,2000
162.07509849990288,-1.3352467113661202,3841.757427759399,0.05242338044754087,1200
281.3854773122348,1.3744287245501565,2270.030006526411,0.26106022131697243,2000
229.82589725677954,6.595375674124068,3492.95698865352,0.9687077016586252,1200
140.50771471276954,-6.835668655626843,7291.742394858374,0.028826482730915433,1200
225.38890864172646,-7.192493463379804,6924.815792563212,0.6522410758060456,2000
223.94348655811453,4.53164682143328,3533.126466498151,0.02343768329359175,1200
206.015742905665,1.9597881679844884,8828.780374307393,1.2454554189902214,1200
211.84973676551402,-2.2070189034784855,8394.259649149439,0.612930482561703,1200
122.08720605824148,3.2258509049482376,4933.663059243678,0.26764468206765785,1200
162.95803718043283,0.33427926891408805,7357.243359628054,0.8655809049563464,1200
208.0312068354101,3.0700305627649076,5651.124322935624,0.334873185018493,1200
194.68691130852775,4.446339092429882,6018.3286975196625,1.2597480541042874,1200
190.2933107554485,-3.34813505303595,10712.494903697487,0.37420523299473174,1200
165.89358306977374,4.890801483900638,8629.26180047923,0.4672785801212402,1200
183.7647038560515,-1.9321160794906254,6796.869915102978,0.4635346617238449,1200
195.4219025521919,0.6233458740553217,10188.594212197415,0.6357688110047073,1200
169.54484303181084,2.5382616433819587,10557.32980636003,0.12892570727863464,1200
193.9786134387359,-0.7494516865431433,8664.12831873723,0.11161314670201383,2000
219.54130117050346,0.27754252804553553,8262.021295337538,0.06880084573386404,1200
209.72699497145382,-7.217576082484781,7776.324518197235,0.23189356951977022,1200
204.18987533231683,6.6332299398259265,4104.241241605981,0.25649580275482714,1200
180.3619659779029,0.6991664306870204,6108.120144577237,0.011057175967683444,1200
235.78580762287876,-6.34681223789039,4618.4248228479555,1.7674602167327536,1200
229.0230989599645,10.975360943024576,7780.867553501819,0.1801654348702041,1200
210.96439851104296,-9.493613572042497,9299.399881697753,0.15998219538309608,1200
153.8150110791582,-69.8706356233495,6106.5795272563,1.0478850475963282,2000
235.9676863812276,1.2751293688215894,3712.6189172901986,0.2599122028582942,1200
190.56275439462775,-2.8802268971067284,5946.799724063727,0.12012132759736255,1200
187.30891167283232,-4.070422462352434,7093.945527790121,1.0398667162395654,1200
235.7568033264356,-4.376877740019538,6090.018816536368,0.0024241762974888705,1200
211.21721749865424,-2.352059969190621,4332.843863083188,0.5880239433552534,1200
192.4493963042615,0.904322160257392,10422.0926817775,0.6853781676240205,1200
197.4486706984291,0.11269835034599167,9713.945449817205,0.5842004372625489,4321
212.69568296305334,-2.872607144901052,10572.786945333743,0.0577142385859801,1200
199.24494793499116,1.234664234480082,9193.427439196523,1.0597639902553218,1200
157.6399640895502,-5.88357200755752,3176.965801768741,0.035045066425431794,1200
184.3035406380919,-1.4282364921732735,4656.292590696016,0.24871495910312402,1200
217.9968724796136,1.985385138428494,5437.103177528922,0.4830232296730994,1200
186.80863963771466,3.6225904976220464,9261.819651735048,1.1899880582027789,2000
214.50002638908546,1.5514279074776043,2796.640509051197,0.27777734226406076,1200
145.9708992341985,-2.305242468499222,8416.204720308684,0.5563122225009307,1200
165.96767208810257,8.74851177446989,2352.998962539433,0.08875501995035605,2000
177.91627278341016,7.658877748936313,9545.88995247272,0.5581772677115834,2000
217.81102733403026,-54.60637722206401,3184.123899091589,0.9883979985379232,1200
174.78258633549098,-0.4813251578969892,6307.082099556856,0.27486457396232367,1200
172.28301974430804,-7.953159213767298,7642.822568423194,0.17663535466767538,2000
223.56085209955216,7.282900967779583,10747.024861490769,0.2931013559274873,1200
179.14106928239687,2.253645239441482,10161.490859173067,0.408753467246889,1200
184.95075021065844,3.386842281676153,2097.41530085471,0.9442607769543668,1200
177.29503178311163,4.10959412688552,10158.181636903391,0.10828704559432357,1200
170.14896146117684,2.457932480972602,8360.617436168315,0.6531245410254207,1200
213.30209550831495,-5.8221518998409705,9611.626310302127,0.21646039761951955,5678
193.23323800817525,1.4091100857324719,7357.531226968954,0.4426098413697597,1200
166.45641560069345,-2.2155852504802036,7736.03057548318,0.43670902736962003,1200
204.48109537596952,2.7202191947911625,4362.987061564509,0.20328218648911975,1200
221.89549709244287,2.5703557720935,9153.154984592635,1.6621108580596353,5678
144.2741783793405,6.693543582580484,8776.664833967483,0.19186170604187577,1200
176.35655423954182,-2.575406875539616,8116.5718499480545,0.8476224897321024,1200
178.91064530104003,-8.485085252599209,8735.310114385065,1.0107511163756848,2000
251.78597049899594,-1.374197142604779,8431.502892733108,0.01518320864358124,5678
212.75800526466907,5.959409204931394,9344.552785742071,0.01637727699448641,1200
219.7814836377742,-9.42043983351168,7603.445754967953,0.7094109850729983,2000
268.15101385792104,5.672705988888276,6590.552529216705,0.021485694514863016,1200
190.93271343981613,0.2556964353924119,10656.611125251755,0.3177707006547728,1200
184.73997585095884,3.3993514597046373,4698.59328758289,0.26235039958406,2000
166.7846584836503,5.663542336391481,5821.192346880682,0.6000919854936367,1200
141.9095190742384,6.776977039804918,10239.508772720848,0.1501393295745763,2000
179.2642889879803,-4.207170542148038,5996.227541702381,0.10382941135740814,1200
223.87895817264834,-6.934607505513773,6518.528784238052,0.20950244712890187,4321
208.67175313554577,4.698130736308751,4357.046472009195,0.32955243338803103,1200
264.79438502061817,2.7059439872604942,7568.976335955582,0.14299917822415384,1200
200.21749811340274,6.5457456040285456,5889.98408029482,0.9097856341297353,1200
225.82854758251327,-0.5031555472305851,8651.433222925436,0.08917521297169193,1200
203.52572871811026,-5.449536209733982,6909.392284065163,0.3727209838065147,1200
162.72929434881905,0.6070870014491806,2404.879191916765,0.2982038945605507,2000
213.57250961789995,4.927264658682236,2205.1669669282155,0.6098675931382344,1200
205.58088708466528,-1.2219839527897896,6608.7450313528325,0.4258430067476021,2000
190.8432795427961,-1.6957751832764436,7440.880946848008,0.912210590874624,1200
155.72346840523804,-3.4522325136050567,7772.342582637637,0.41426302538391463,1200
220.99193731836274,4.705460470145822,5338.069389854878,0.1262017221175232,1200
119.9477510298589,-3.770973221929708,9572.929400379533,0.11708617813433418,1200
254.04900159866335,-1.559055318236069,8016.1842336318205,0.005935056908059941,2000
210.88642336009255,-9.176765038807504,9423.101262076925,1.2489586979502405,4321
173.3325765709292,-5.708105508511679,3160.36701650859,0.1601600004620433,1200
235.5719482125627,3.24281245753207,5755.43588810732,0.18996061222247082,5678
231.58943875656317,-3.642782703769906,10348.507809516961,0.0637184761557215,2000
192.54585129757967,-4.554268497411616,10246.283833410538,0.6473907770634797,1200
237.6196768488398,1.2473930713589405,4169.416764686684,0.3844268179830083,1200
189.26420338850838,-0.06949538765330401,3823.9274953547874,0.4608929099091839,5678
175.05337673065648,-2.5650176942669805,10049.988545185046,0.2588371887462489,2000
208.54706616445986,-0.9972032956036502,4972.652242098235,0.19029576517986335,1200
167.5819311534869,3.806001382987666,10871.858980050265,0.25350768195755147,1200
241.0714269024352,1.8117381071090315,5830.492482911457,0.1039880473211535,1200
205.96119252377585,-0.5658500926557437,2762.5388927820172,0.1564082701627609,4321
212.3224259645146,3.68837902259588,5654.639057831408,0.05474747475623905,1200
166.28213536406827,-2.8713179285378096,4243.566806577992,0.1848792141978087,1200
155.40720873873704,1.7875436105090698,2812.345341389363,0.10629487190774399,1200
192.5583727463193,-0.2759398057134727,8954.991073961035,0.6775381969595121,2000
208.12303748130236,-0.6105245933371687,6049.728985767533,0.13402528800196728,1200
235.90965327515914,-0.8213305398085782,10713.930735260676,0.2699383146577064,1200
225.76460510501684,-4.557320487805986,9969.413336442047,0.42730146254581836,1200
189.27528369996816,4.387638459789545,7437.0537695035055,1.6008519588166064,1200
227.40003284421226,1.7679578040759005,3234.230488870523,0.3618868895213817,5678
204.9627810265566,1.6336100339239776,9201.571952612012,0.0856584409730935,1200
195.43512458080312,5.479247991612633,2397.53721522978,0.09771974417839545,5678
151.79395386143366,1.3307836631789403,3083.9459701158016,0.09105446542472885,1200
204.37126666241915,-1.1816799624831835,10832.241442034625,0.048214625639811756,5678
194.72058276746617,-3.5990035777527662,10829.977815140557,0.2970094979279696,1200
210.7231185689587,-3.6231625332912465,8526.204038953605,0.912065598981975,1200
192.45458631692992,5.486460000896681,8133.93412919309,0.6665269366479565,1200
184.91650935795985,7.797585894076235,5626.661868489906,1.071482155330304,1200
207.01383686904828,-3.697295279200781,4618.634569432273,2.7327532463895023,1200
208.92636802331876,-1.5290603063641461,10846.517097173532,1.7056908022564548,1200
201.11860924617602,-1.9085173274907257,3800.0409826305768,0.35467027567530873,5678
206.34424672904902,-4.6263256225066085,5364.587411807138,0.03490362230651318,2000
187.15170040565982,1.3369218025822585,3930.0963174549647,0.27975772551793854,2000
191.22425308326868,-2.7265202251594904,8978.739449694822,0.07471713240589212,2000
215.36156662554666,9.451405956888264,4327.576472900289,0.6046435640397693,1200
232.7803755703933,1.9355539873427412,5231.697090435958,0.41923856387603453,1200
210.8537516481548,-0.46921796042017627,5077.446476431143,0.07478903482118696,1200
208.02875839223788,4.098982233172913,7349.177595734182,0.27722207203632304,1200
207.94076346757888,3.2953255728794795,10130.65860163492,0.5061839467817506,1200
211.09077593061136,-0.7466184933662637,5407.21463014524,0.04916544206727185,5678
139.9367995277537,-0.4814611284855324,10620.90785880835,0.3666611367216992,2000
250.93958075958463,7.951425707828153,7568.140114200821,1.4930885825362479,1200
162.2876618797566,-4.24064061481716,7368.005630750374,0.1192991154866542,2000
244.22777223080416,-3.5863058382918007,9941.97178041514,0.9870038347341663,1200
179.26010241094616,-7.574524664507794,5764.319155534924,0.428638888120826,1200
274.17256218122077,2.365486590032686,5841.682712966531,0.27751108169476996,1200
167.67655551662153,-1.3634315880754744,10345.716747236502,0.733262640881546,1200
191.38241185820064,6.592134400119622,3504.7723716037026,0.08159210865934527,1200
221.18827775207876,0.5636392088526089,3269.781906838968,0.9151561087592317,1200
165.23483391795338,-2.703448636957808,6006.046969815761,0.48177407662909155,1200
236.6782981496316,-0.5915185098953378,4892.750403011449,0.9837459493139763,1200
118.9194102332399,1.1175550363904967,10410.054262061598,2.278438862880466,1200
198.98664930123715,-2.3396647001805393,10779.02561290163,0.25998031735321003,1200
163.56601208432204,0.1666477026447745,4361.867394497949,1.7309334181721534,1200
235.24038122642804,5.150810296416024,3285.384496984678,0.5980430758933454,1200
180.25652821019972,0.07108756521426021,3155.781406883416,0.4601973448391824,1200
230.52540187582082,-5.823130388588492,8997.795961795142,0.12797183982448251,1200
200.82662429101484,1.9536873618320838,6449.212195591856,0.3738207106368203,1200
156.08448438365025,2.9965631874357874,6680.6735686568,0.2580607622756646,4321
196.10271750655693,-0.8874291398015817,10206.44358968154,1.8266549072081657,1200
164.17549652566797,1.828084153811076,9582.874759117964,0.6258049512632505,1200
170.454689221297,-4.287972747559457,7536.170103673692,0.5395316321435025,1200
140.64162723410448,-5.616845015111871,6069.046089193627,0.3307037669774722,1200
201.64798829541894,0.5018706698900549,10355.64893985084,1.8870255372569569,2000
175.86594968101687,0.6195825454985033,3631.157497826078,0.03287789807315884,1200
203.96236279336392,-5.1294808465163495,4337.775872885244,0.2404958620149624,1200
219.14841371493338,-2.532076877476869,7196.336270298688,0.6983216898999297,1200
167.32583068904407,5.870602302223854,7574.873311320661,0.6606294731283892,1200
207.11160152607397,2.267445268967481,3845.281870107779,0.4142021775585104,1200
164.97601953030363,3.228341060428652,9209.292836769102,0.8189597150483592,1200
199.40277573829286,0.3884628333221855,3848.842630995923,0.7008977373303952,4321
210.5799369594526,0.11335420259965227,2895.5076342489283,0.38627904165351273,2000
182.5476029953786,1.680013070027006,2174.327672428127,0.9550659681199087,1200
210.93790991010846,-3.9815705843642064,3941.6786551433697,0.6309867509367006,1200
237.09505503513566,4.769335159498849,8659.882451490306,0.2971818892818962,1200
224.2465362249651,-0.8418678715394976,9529.313429361138,0.17544105646676444,2000
199.13317103414474,-4.421968725305418,5863.528790432139,0.3308805980764962,2000
172.9182311248625,3.168331048598761,3982.4100514895063,0.5054946435747926,1200
184.8603938775497,3.00494569655394,6026.012635219187,0.18028296343340283,1200
210.19844850569805,1.3743776354438257,3743.8437095824584,0.038430800575111904,1200
170.9332518720676,-1.1660632412495324,5948.382587168624,0.08481058818571849,1200
262.46782330895013,1.1565127548307217,7842.500574729265,0.4201767485776533,2000
228.64514391784016,-2.863210488901874,4990.299995026905,0.3738303368260277,2000
177.3408582708992,-2.1904689076318973,4468.87721678207,0.15535648428938592,2000
184.856556917865,1.0668021434435733,10879.458884704123,0.11366628238422673,1200
226.5785254285095,2.100688506404709,7342.659722074303,0.16068558252865128,1200
206.35519799840964,-0.7893769368898083,2587.2786214734915,0.14324426742182436,1200
219.28882078396177,2.881787105935758,5158.0160623564425,0.617747644765401,1200
284.7945459441014,4.51100990242864,2454.7094687386616,0.5854137616961554,4321
224.8498047575759,3.0142463479420503,2613.2618555273375,0.8402410081843065,2000
225.38556617450854,6.5959718262378,3456.2009569238776,0.32897108362940003,1200
176.23504788192486,2.2002241667930784,2890.6817304233164,1.5671341134201953,1200
172.16664847892747,-5.776687365540016,9265.6808330237,0.8421802083956419,4321
212.4914571283876,0.20773739902772975,8792.934987563705,0.7705907794744137,1200
218.21457051939035,-7.524187980200253,9655.372160967485,0.2993262611590684,1200
174.96230758593174,-0.5118010222947271,4038.346325961602,0.404812536385059,2000
188.7996173435849,6.018459164595757,3955.251848377711,0.13711700079070566,1200
192.45979607417053,-2.716519876180194,9540.742144713211,0.10992798753388071,1200
179.1909597559866,1.4817043848720608,10990.45007781257,0.07985252614894178,1200
214.38985028340645,1.8005132215320883,8017.625061217567,0.6083698240097479,1200
192.5248389072221,1.9491350390319795,10090.206622148788,0.08752700224831755,2000
214.30936076915293,3.188404728075901,7156.6992226375,0.7929974095990104,1200
194.76429138765658,3.2293368628670054,9684.13984447073,0.026822121445280452,1200
168.92162302028456,3.552713953884485,7023.477775244187,0.4079924546168952,1200
179.324202041737,-58.53764611755998,5255.956617568614,0.33415466050426634,1200
220.9172427111805,0.38116099841140955,6267.467923138306,0.38641541151336095,1200
155.6330690254846,5.739007199023999,3674.5608297194403,0.08178816255145173,2000
184.51949619666362,1.1356495129227842,9422.031825057407,0.16515922322758975,1200
219.98453163941505,1.8505709189616746,7311.2583279094915,0.024390725193703073,2000
289.4938834463402,0.5241040016483255,10607.354363203518,0.35011158358518146,2000
165.12957628024262,-0.23746460313174728,4521.432382433068,0.5537616019665594,1200
199.1675904388511,4.620135599370593,7517.5867796803,0.2842448218781051,1200
216.5692775527035,-1.904647462504599,2206.964816372139,1.2682645698677284,1200
180.74998551176006,3.3916009456166925,6218.200168387608,0.3329567223839098,1200
188.9527883700896,-2.1990781390389116,3069.9454550924465,1.306237694651218,1200
201.15925212731892,2.0603927410729765,3323.6049947899155,0.19383233397390032,1200
222.81348914500543,-3.0896866108490544,5274.571924232621,0.5352402811737564,5678
175.1296902657926,3.7353259755889767,2377.985792137482,0.0710602350256066,2000
176.72405888542556,-2.685101545592186,6245.014935695315,0.16608152514218574,5678
185.59479642243542,-4.974801001885171,3266.248643202838,0.13646543151829216,2000
217.13299716704282,-3.8551653543245834,7198.2104827675785,1.5486514266433877,1200
232.0173574143767,-0.704554832987364,5260.400499654765,1.179982458303116,1200
190.03355280066776,-3.1215740970483257,7177.720511186255,0.10023262697146448,1200
210.52029847977013,6.687728525175736,5141.022777279792,2.1860296175988903,1200
175.98525548502894,1.5024388282074563,9000.59741332112,0.7039981924201107,2000
205.16797730834344,3.3403159458284666,5374.653440409874,0.32807977695391194,1200
186.00755322540832,3.980715967224768,8149.704206453408,1.9234032062738518,2000
199.7244181326689,-13.243591715734782,5061.78746494572,0.9159562324935487,2000
233.44898567543407,-1.8603281511854737,10374.59752100236,0.729869552098059,1200
216.2740579508204,-1.1869227858108262,10960.960919595283,0.14752148805428633,5678
146.82888035652368,2.1901500230324373,9473.540203029977,0.2101334151665565,2000
173.15584453064827,-1.1737205951817145,3335.391931090383,0.18109926363633233,1200
227.828184868204,-2.440332147033028,6087.886190543557,0.7093446227243401,1200
191.36193200979164,-1.9582325918496921,7233.62770912829,0.13842305424808957,2000
240.1646623861555,1.7108665854775114,6484.218859065908,0.292509295262309,2000
189.65038859699482,10.258800190324603,3683.1567002998336,0.3958846720629572,2000
153.49141938213185,3.0114922876891854,5684.67689727827,0.17101930615832267,5678
197.73962878475012,2.2768170932428857,6986.789258698142,0.012850747230651344,1200
187.55434871340015,-8.582429517376564,5380.183598311574,0.22434598875145204,5678
177.89952960319454,-4.158111549448547,6019.101560898828,0.6298276553196125,1200
178.08178437988113,2.790997860181094,5975.557308161575,0.05227829176399169,2000
167.9535676449155,1.0342525585411575,9127.080565720064,0.3738406554627291,1200
203.92771669420858,1.3149108279080117,2235.228318858632,1.0000190269766716,1200
221.71270557350672,2.945858374207707,7440.6521540590475,0.0227344866813856,1200
181.67212254476587,0.2725926445055113,9778.994131649868,0.2521545956724789,5678
210.87029670395145,7.514293030275706,2549.3630233311032,0.9959363717654223,5678
195.06246545832204,2.841298786866133,2400.0927672071307,0.43844829211643377,2000
201.27794684934747,2.858362693957641,3738.673406052416,0.0815859903071616,2000
210.63883703740316,-2.2406881009694315,2432.6661922728763,0.06074050133533623,1200
204.51940611753025,4.962830426317547,4251.499051756441,0.02150628925448274,1200
217.17389086155114,4.967023740503322,9137.879065680072,0.04860452559737223,2000
153.43935557128336,3.03272180959896,5036.512983288925,0.8834290688286335,1200
258.76976908057856,-5.967477013192875,8018.921391266533,0.3305650295567765,4321
164.0724888921378,-1.1638959731925211,4137.03571124307,0.2428754465547892,1200
230.74137671656771,2.385767324639283,10906.841226564573,0.4856313183760238,4321
176.8795910948338,4.136230466141827,4643.184766596037,0.3084826108649071,1200
202.1102100488436,-6.178113673027768,3530.401779673127,0.09653594406608773,1200
245.05936772804637,4.90649599878242,2276.5274344227323,1.0808187819526283,1200
202.83632002066702,-1.6712156173786263,2499.6032367776984,0.09458576780165351,1200
233.25501623554985,8.148407627552146,10522.95173239721,0.6131451168993789,1200
193.92552453958714,5.616367091015798,10181.476709623319,1.022436835391474,1200
161.00040614308602,-4.540448229607754,7015.716438355785,1.098688858974651,1200
193.21204663716154,6.757926616926394,4367.0311378987335,0.7255987307272731,1200
232.43136830982985,0.5346261777937491,9855.753900280044,0.009447789091129696,1200
249.52071323968494,2.943230534060137,2566.499650422899,0.24233353102042662,1200
125.65537002030561,-5.828570166731398,5610.8703296229005,0.8097675516175056,1200
216.4154051901164,0.6233204303822918,9429.743778098942,0.0866136830128147,2000
183.9447814938365,-3.533854569962356,9772.58442890695,0.8235332997439457,1200
209.0755899700538,-6.027009712564728,6526.661869177984,0.6372596424797974,1200
178.04788326802685,-0.849282612325255,2361.8047010936157,0.08476428030227862,1200
190.6344337278445,1.0113404727533055,8404.63749433213,0.11270570114807597,1200
201.60778987007646,7.597223717764456,4909.065325491623,0.5856264565055954,1200
176.19910872094573,-1.680420765530908,3233.231552136517,1.0267672468530822,2000
218.23441036744936,0.1676031221305481,8593.623154737672,0.41511849316171573,1200
196.37006478260886,-0.8625333139010707,3324.2756451422392,0.5075653097249017,2000
225.35530723720984,0.22840294880209708,7606.501625276522,0.6483379474963785,1200
175.44215039190811,4.663148752438252,3412.7747370447614,0.17511625327702443,1200
205.1720737794342,-4.044637347125943,6049.966597494567,0.4403149738674696,1200
214.77304777230822,4.20368938137841,8046.8481379975265,0.1353967369025369,4321
211.93453975361322,2.0988494588243505,2287.354229787768,0.2801132027537673,1200
194.1148874038868,2.6673415104214437,9420.551200109414,0.1698928556205405,1200
196.6000709538869,-5.606501285071621,4328.323661697475,0.21393880150475078,1200
230.0349104047168,0.4543983061413265,9540.655688706514,0.4621855026396123,1200
219.93893446628135,5.70713896267231,10855.83432987619,0.03977166346543498,1200
210.91506702225138,0.17935078382917083,4076.886098879977,0.7706851857228871,1200
122.38992391154815,4.299411749139829,7416.219997671186,0.27680524868112033,1200
222.19182461524042,-5.739515771392782,2772.550028771958,0.9140321185291813,1200
151.40675899278284,-0.8232071657203945,3045.514334122228,0.3381747534729139,1200
198.21372606761602,1.1035278156493737,5891.988964232485,0.4356661496303416,1200
205.1886101768467,2.8603841923901707,10603.782354720908,0.8379166194352493,2000
230.39624338864505,-8.862127838055594,10251.07329712621,0.019199144517283183,1200
226.94712280240117,5.944780564566238,8288.77689385412,0.07781795594603787,1200
218.49161432950615,4.57879499998151,7922.548529430229,0.06663568735176133,1200
211.10690314891582,0.26149516452303195,8510.29375930241,0.6698190517483419,5678
247.5688972607716,-0.6490132566090873,9988.949606531187,0.2054220359528064,2000
169.13613678562115,-3.1078698414508703,6368.892581488198,0.08524708984078916,1200
241.73651758014222,-8.278626637475115,3180.2669289643495,0.8198572289244676,1200
226.07857646631896,-2.854591100622283,5739.628014494759,0.8383342649964887,1200
205.19422589237718,56.87285819050801,5060.06081853131,0.12167768248553057,2000
192.60445063561045,5.185543899743261,6894.0528728603995,0.14054786621893178,1200
180.17042388438375,-3.7457427120567752,2216.9221636724255,0.39852894137274913,1200
199.97836590146613,-3.9066453911595325,2329.613724183074,0.9638548426646156,1200
190.44299466544874,3.5739001534092636,9116.227275970785,0.7221156344780326,2000
222.07473393741267,-1.438841326278283,8662.601080912882,0.019068237962075935,2000
232.63605560259037,1.8384307233927912,8868.140059709072,0.25650305311260996,5678
144.8104585856331,0.3326865832063648,9626.879300425677,0.2645893911489701,2000
223.5623752937162,3.176781169189717,5424.097847071156,0.01711100355340466,2000
207.3854743139186,-2.248949036207931,9012.483249338355,0.0385549616006294,1200
229.13998616364475,0.7515858592441662,8054.387556831418,0.3492343655521315,1200
235.34957582348844,-3.7495742772791663,9462.052636272456,0.41069155826750214,1200
200.68941638290985,2.750189733071906,10955.379450492954,0.041106898788529814,1200
168.55639035109556,5.373204485786413,2273.0828492908568,0.05413914580065581,1200
172.15452370542772,5.13369180172675,8405.41656981245,1.5068605432169504,1200
174.81631158508182,9.503703421710346,3970.7949280623666,0.17863095630652592,1200
217.12682569588105,3.750387704523144,8743.630683516949,0.6113348288696971,2000
172.68466326726693,0.5371915330608846,5170.162283648497,0.43757035585287385,1200
122.31287742922387,-4.715095828412978,7729.747651425467,0.14370378894030889,1200
245.66733983770854,-3.9857958682688155,5519.529757491708,0.01751036941350282,1200
200.94614840867504,2.2824203051237233,2811.0093304878997,0.2814551204806739,2000
248.6020335892313,7.350146626461508,6070.834156777382,0.19617546284017276,1200
198.1611957238221,4.8511707894234934,9257.721790236148,0.7240517515886662,1200
258.9713681951694,-4.16648346062093,3496.8323458734853,0.3564051935736957,1200
221.96471566226813,-16.0143922078667,5058.336396864355,0.37396119799960437,2000
195.99790608882148,3.3616459292319227,7746.7196849746,0.23760811328529238,2000
158.16268039848183,-1.169690757823271,8985.619668339854,0.06572072367524724,1200
225.434076287398,-1.0899165575430785,5073.808741899082,0.12992015120675207,4321
168.01755106372576,1.0610270946450908,6015.194085094289,0.20590566572681038,5678
216.28661096135718,5.438775792792993,5606.829771624374,0.04657928208293111,1200
188.88392988691885,3.6195331515860025,6143.313287905531,0.010922588592864567,5678
189.0507722723072,-0.986821997351567,2547.3734136036014,0.11124206468205496,1200
210.89027006052922,2.150965720860911,6763.9106116888815,0.6413534438692213,1200
239.69911286765137,2.856713299522505,4913.283064560706,0.04106914977848782,2000
202.92309429406288,-8.486562107141824,7055.42873666586,0.3646115023369813,2000
191.5215309819622,-1.3078078084119764,5172.613174745196,0.12886616586442656,1200
242.6733516005858,4.00825114610772,2975.288681874357,0.20900917414695155,1200
281.46758427109324,-1.3965163664050437,7207.50496336943,0.20823590650451843,2000
185.4210135925719,-5.8040837381933725,4576.357522917806,0.6764498485124005,1200
220.93096018071458,5.459909001237114,7522.490978747376,1.7793336564052662,4321
185.6555467568159,0.0005469607808141768,2729.3471355375477,2.4032335390481787,5678
223.35287077165978,-7.395926892117184,7370.828803391039,0.029796165306948987,2000
210.98751705531987,2.073108952294132,4104.686724662265,1.6904644562473126,1200
235.63952257103946,1.1256092246094105,5827.624597516,0.16050914072754172,1200
207.90201903034327,-2.649144259141088,8015.956579954618,0.02693498984004485,5678
140.67888544604784,4.664861410315954,8943.703316345858,0.06121637598925438,7600
191.70197873210859,-0.5909538132925483,4130.163141128148,0.40488850296807744,1200
200.03757598754882,0.588846531683916,4786.834341209826,0.1092767950346336,4321
152.62808600932706,3.470366604560345,7091.386143273504,0.7064035073643152,4321
158.25502545539248,1.2898524565811014,3113.13418596301,0.30916108814352555,2000
192.20566164197265,-4.960547364758742,5436.888451959963,0.024526364292674713,2000
221.56773972667673,-2.9403844913783335,3018.8174567858296,0.021293669615200246,1200
173.6706441209532,-2.511837820835407,4458.467759223397,1.4060209502621948,2000
171.74741818132682,0.024566826128919843,3234.7680412137256,1.489664151170681,4321
180.7780634341896,0.7214352445074953,10561.075190740677,0.6697695265949006,2000
197.32830603917716,-8.753652334436548,5206.671965867146,3.005066224345131,4321
215.52490492174186,0.4795346617861714,2568.4476029740163,0.27901152377894073,1200
188.64085499344293,0.6375139529774669,6011.765263257852,0.5017976063333959,1200
166.35619457633527,1.2775144419829856,8349.691570036222,0.18955677627989156,1200
222.2977653427826,-8.34950451672128,8636.157638548,0.0037072665843893102,1200
174.00444806628082,-4.215312112850447,5384.884642836401,0.06519231527344108,1200
203.16740826558612,3.5427382028587973,9401.036631009927,0.6396460322095009,1200
248.63028661106566,1.0447780141721346,6152.791850307313,0.1934135014180975,2000
170.59889832063837,1.1057829960995829,3334.8732572864565,0.7336478673411273,1200
230.03813396129408,-4.840837008636818,10784.710883729034,0.18627519795842795,1200
196.78832843411996,-2.0692225415863303,9910.094445493483,0.938395877040142,1200
162.84207686673705,-1.3130502669355635,4868.9154813549485,0.3715473105610807,1200
204.7003937197082,-1.4789649330211574,9258.751774584964,1.0185596783327096,1200
194.5685950453684,-3.125685861100143,6948.500207355804,0.5702609119475859,1200
182.5957145489156,-7.603377067741139,10325.059893294123,0.462962971849879,1200
221.0392842063002,-1.6598973512567128,6181.588075901897,0.16157103478980925,5678
253.74165629832018,-0.670071076964751,4273.258584222193,0.2879075532533683,1200
200.40820323684147,4.065628111945689,7582.854347247331,0.2942766033535298,1200
131.88832142969704,-0.5588286399414465,2442.330233749504,0.5120538846576637,1200
204.33110026956135,-1.4403573368259297,4592.342543761542,1.3296813660215612,1200
168.6444299394389,0.5010766464014528,9652.11086626065,0.48921427172948634,1200
139.5911896449387,-1.4991123806061142,7819.893596387017,0.6654509957576369,1200
183.17375050593023,-1.0075185157595263,7724.073792790122,0.3150481814055001,1200
163.4855933734272,0.3478983068989592,5157.507659041552,0.57571130855434,1200
229.29794129748132,4.514712189348817,3694.460084194201,0.22879915802786674,2000
239.91207042106288,-4.207620327745288,9058.552100907864,0.2785292630115375,2000
269.45201202029114,4.7611666862008875,5661.048523175532,0.5378575756514179,1200
205.9396473347572,-0.23714979656731208,2046.818149893531,0.10180310197022685,1200
211.72497618623927,0.9288115540982131,8212.593932796808,0.5014683328429492,1200
200.9279174195988,0.13726949705035005,2241.1904122211863,0.03267645663172089,1200
188.24391373731706,5.668692947894525,3107.4067898318954,0.4627442335932154,2000
202.89906187010462,0.6969066391435734,10427.531336287626,1.0521616666028963,1200
170.719503462722,-1.8167830187610932,4684.054210276374,0.497589994070414,1200
169.39990274453504,5.895313242595632,7194.833778124651,0.17285215688821087,1200
150.85861912573807,3.1138931234056093,4328.695361008754,0.5963421986599986,5678
194.4605339277205,0.7875717868575042,4441.925860638169,1.9134729316743784,1200
243.8961930126216,5.1348452553289485,2900.3410550596486,0.6913293411855894,1200
222.41545584583062,-0.422872912039827,2746.2097121953125,0.335035530947833,1200
84.74612122314825,-1.2471592968871674,9249.622332615363,0.04775625198145771,2000
221.35154708633328,0.18249023321055563,3358.982056471552,0.31590089116779696,1200
213.1829112756178,-1.5639379119890149,10615.432857430866,0.09139473927934498,1200
176.61763237871088,1.0990687498537868,3044.333495645524,0.637459174432009,2000
236.70129848146414,-4.610561395742957,8337.60860817405,0.20429806913387324,1200
194.76007988700331,-4.0774327288946015,6800.335773224394,0.736713744586603,1200
232.76373942746795,-3.055824002137191,8574.915203643446,0.9900080300356476,1200
178.02955186962114,0.3469879432001591,4902.439483158402,0.4116036013500004,1200
205.00976800014982,1.273330005279967,6877.238066891331,0.02180872196625026,2000
183.38015367367132,-4.173170746809101,10023.019377629382,0.349189666869084,4321
193.0290744120012,-2.4830922319859408,4187.198584513113,0.3082805360572925,4321
215.69575689666942,-0.19660630921777283,4071.727878070819,0.04882770257433686,1200
218.9293930950451,59.078195770383715,6749.451830912143,0.3671713045891,2000
205.31109675280948,-1.3437320272350202,8395.231915432381,0.37448826193232027,1200
182.97053557887796,-4.096275729946236,7335.5206063871055,0.21542234732506121,1200
186.21755564933383,-6.953343511323334,8271.95484478707,1.1157844334231437,4321
238.10616134850716,-8.861187987872817,8792.146614546822,0.7066405815500505,1200
202.54308296728306,-1.3868324741425107,5038.161411525677,0.27634611681226523,1200
185.43326389331446,3.266668787804451,6365.1901569859165,0.21642647254935293,1200
272.2149708864167,-4.483770444114038,3553.5962448296123,0.35916377418132295,1200
217.89345507293086,-4.387737078233234,9714.233969620287,0.7213237842247465,1200
164.88620009073145,0.26177343050981766,7258.692571759178,0.9418593194510557,5678
128.65427779612568,-1.7738526139268402,8857.783817266174,0.24367814552877542,1200
187.8229552111802,-2.951262669519477,4964.834101451174,0.8656714446105982,1200
219.20988132498667,0.6957825224212616,7400.121285604376,0.6201792372575952,1200
201.64096833273075,-1.3085701034377173,6238.221238560808,0.5754504845438567,1200
201.5415335896244,-6.064146423302453,6456.089402521834,0.35016666731779283,1200
184.79872845600534,-4.520513736469185,5750.620083546815,1.2798096656509201,1200
204.3856493969792,0.7761849419516919,4592.4067274324825,0.14982937689963552,1200
206.9665655415183,4.255488113395878,4455.12053621602,1.1557609729554366,2000
177.09459618671377,0.5671666441939746,6096.984971658219,0.4740681156584278,2000
173.4610100434172,-1.3222181259257488,10170.521194781517,0.19052571816393268,2000
225.1807421961388,-2.97588629985636,3489.019486891979,0.1314619919943645,1200
213.62818113926426,3.101438322437682,8877.943685770002,0.18127428157015338,1200
214.15755782339542,7.193064156142523,9549.207764676534,0.2228103014485337,2000
140.91593896306182,3.8817314557225573,4001.9837824723854,0.5449967779932376,5678
176.68371797862176,-3.7740341744820753,8206.084290736198,0.6400409156448282,1200
163.54788649630257,0.12463294385925762,2742.4621391123683,0.4406076646291624,1200
243.19841452017025,-1.4742194244374103,8975.62829016486,0.32534302466969567,1200
136.73994929477146,0.3511368819056721,8428.527863597654,0.029524533073174444,1200
195.75588282944943,-2.6233861229296185,10585.48081632001,1.057107217676391,1200
199.64382671171128,4.197208842359996,4496.095640948068,0.18625735061383428,1200
223.2341342653662,1.7982947563485518,6772.011260605903,0.32918678700638443,1200
219.07218714790895,-5.67447460684463,5480.34154944311,0.34435835341664744,4321
266.96195959275116,0.08488749049312524,6686.599985523949,0.05304723540396394,1200
230.8867412296531,1.9909549960181276,10663.093850450818,0.29522258720964834,1200
218.26286116888213,-3.1008249097786202,7138.281517492534,0.07399664111951718,1200
241.77403171476817,0.18985529538445184,3886.569608249338,0.7090179587270157,1200
215.7301199181062,0.7769133331227774,9264.698773034323,0.06415540514919352,1200
182.765996420543,0.32158021957048166,9367.305259201385,0.556276652114603,1200
178.72125210062222,2.128689903341678,3875.07972726516,0.14557426796788353,2000
209.68747890751672,4.200750447480686,10965.221613686746,1.0511657539726031,1200
184.0942517754473,0.5187601078139062,9065.127275798766,0.41695101284309394,1200
223.43175836151778,-7.681513956614534,7812.381123573668,0.0937795648809576,1200
200.60842385986527,0.60041013430545,6449.269234418233,0.09739581492965767,1200
187.42989902649262,0.330496708736243,4840.722991435898,0.017108109292284547,1200
243.20816747098007,1.4272354609171758,3376.126621680127,0.5270240060486115,1200
230.71470687862322,2.655643539493061,4641.007077507159,0.5812268995336671,2000
239.5928219445134,-2.714385725297517,5346.29000793443,1.1106984761831675,1200
172.07269963603346,-1.9897548878314086,9624.293322501391,0.9682848169558497,1200
307.06567718824533,5.028426246781612,9741.09020750827,1.7865132030697368,1200
165.80739697250897,-3.9453736332189506,9579.150632146695,0.9860136473868906,1200
207.08850315843085,-1.3892879642415308,10863.292029701144,0.8862666562624484,1200
185.4210205882433,-0.7069079082900408,9585.025799437559,0.8080167764088846,1200
211.6274431492397,-4.278939930109201,4842.062458281269,1.0935644211875553,1200
241.61439656050476,-0.4037030492713287,9610.84341024473,0.029110446355685913,1200
185.26313952522486,2.8158321479948047,7639.758352879542,1.8003520678652225,2000
150.9879360608794,-3.0314659368708905,7973.3181419587545,0.24612309633119353,1200
190.08975298836822,1.875254838134869,10444.327417243292,0.013059758999337187,1200
186.4592957749956,-6.440414268796257,3307.290607776359,1.2589566867050839,1200
210.51165883585674,-0.5883917153071908,2051.7670824161737,0.5941030327059635,1200
144.68390844155823,2.536993146237271,6732.010459021694,0.377699385176141,1200
232.57020826192354,-3.5925875122153226,4923.418184797862,0.7249213001900332,1200
189.74925800822507,-1.6196381096724524,7184.920569481493,0.05186482192546274,5678
205.56742279113678,-0.5622214230551367,10112.166866659143,0.6536855125356525,1200
235.51248336985384,7.663267564891947,10446.14043626729,0.1894572716874344,1200
175.39535197483164,3.755651258191297,6473.104366927718,0.4168179176446361,1200
166.10288686937247,-1.3914016833569989,9648.658214468902,0.5830343281198225,1200
194.46887563501275,-8.339124184122403,2287.5287785307423,0.4952199721084832,1200
208.5306927082372,2.763831068211447,3236.6966079443,0.13084054943357815,1200
227.35467975533925,5.104001280597865,4330.883307476413,0.47731075034123216,5678
214.8122251013959,-2.6333659910629423,8144.257508178765,0.12008979941863243,1200
197.77348398535267,-2.963033617408668,7549.498682299424,0.3494266746626604,4321
233.72025075542214,-10.240494416083827,9567.533753871678,1.4413569871366945,1200
197.4747777467873,2.4018920600674742,2884.521438902989,0.21865892972191325,1200
150.64092529858772,-4.183393951323435,10392.461985577458,0.4383074109531708,1200
186.8445552115152,3.034640160384143,10822.165986633408,1.3162943092793955,5678
216.40392995339292,4.369207800620838,3505.2709715049095,1.1206405172754392,1200
163.5353726860744,-4.685468229403311,5400.536161407001,0.16124042543571182,1200
208.0394385531856,-3.5325257900339846,9889.134741790775,1.17418119653993,1200
184.53272106935765,-5.800603341115447,9340.71862674882,0.9245004710578002,2000
226.2057457333612,4.909238550817919,7121.237565484567,0.17349036142246801,1200
215.42668507028722,-3.428342973579891,3515.449736831102,0.9219786877547832,1200
188.7181110266017,-5.993344989081692,6966.450636224451,0.6205756200970114,1200
204.9643256209238,-14.016558022017298,4018.4652903710153,1.706112553251837,1200
152.29375064363273,4.5421501417423364,3901.512983293741,0.40005365125354964,1200
263.7794303482407,5.386847170170993,8355.218945880752,0.5554080945620408,1200
173.54381905968103,-3.709676808342272,9888.811988418729,0.2717355365988702,1200
187.910824091322,-0.4483145576092749,2101.701856622756,0.24977323738972607,1200
258.779056247848,-5.331628229406839,8292.593592625919,0.8885941808163597,4321
190.39579573693715,-7.833397709518753,2061.0193158740963,0.2275582164883026,2000
220.66677308384556,-0.8443607698629935,9671.650931206717,0.2581173971231078,1200
187.22774856874986,3.1188047872218285,6317.744361375782,0.8385536964701895,4321
285.3749074243178,-1.9274564104301657,3172.052309523573,0.015425931909393568,4321
211.76283809338878,-3.642402937645246,5586.429785499517,0.40278097690746,1200
175.24915143222293,3.5468525305466727,8240.079375346577,0.4213756573785714,2000
185.78230027154177,-2.3894766297195114,4305.348947103278,0.4713656549958494,1200
186.5282242106281,-0.7257741523776684,7785.854585370731,1.3816536592585347,2000
233.0768009868658,0.36044126556685147,7626.8722407038085,0.32865337287570884,1200
182.40044754523265,-2.6222194726144177,4845.873588303666,0.19476651939118783,1200
171.13418904795236,-5.160561486240039,10733.910553806087,1.1628553812333073,1200
149.29990975716137,1.0772516504998713,4811.939879600541,0.3775061146972409,1200
180.2770472719007,4.830759197927358,3632.191148635395,1.1079758166194404,5678
236.15888004230538,0.029531087113953136,8777.87948724411,0.43498970793054687,2000
208.2873490969415,2.1691563338744757,5744.872704726235,0.5026435036013254,1200
199.3011140171767,2.003353368143608,2473.1446694289407,0.027621744245416305,1200
256.4279287410744,0.5956854722772147,10373.651186704155,0.802887035114643,1200
229.67828540384264,-4.406202971314414,10170.66293148686,0.038947215883172556,5678
214.59557042378606,1.0196049925521447,7743.134873232697,0.7742938778529292,1200
161.5573477003395,3.233284897017455,2932.6121863746257,0.25017812107398296,1200
217.0594969317296,-6.120600579880635,6348.707210385822,0.033809957830778704,1200
169.0738666452448,-4.758083498887141,2128.091338293259,0.020183797291283653,1200
202.44468337819347,3.4807260102494415,8307.286769042548,0.08515659921053018,1200
158.98169488666497,4.055554484742848,3344.7911983843737,0.385594893020359,1200
202.1991102906253,-3.8157451719448066,9385.909052794403,0.8184241366245518,1200
208.69945988824327,-2.7526189374217944,7847.679685162336,0.03837772100940387,1200
155.6704821727596,4.513041524861723,2338.5648170143163,0.36946342366343,1200
165.7998172691971,4.544598603590567,6471.871952770345,0.24018590233463497,2000
211.02255908975823,0.8240426658710168,3878.812880461058,0.2055611005260074,4321
232.13400902245348,3.3193049784899595,5142.421063731888,0.6189247205626245,1200
202.18322030000505,-5.486981546665504,9949.440261496075,0.28473438839007476,2000
183.92395160674107,-7.195822202708694,5179.308025026941,0.5634369186038316,1200
164.71649486958592,-1.1495443280431452,8722.32723863978,0.2873522372266854,2000
161.70587941053657,3.27220828589996,3711.017359505332,1.0340672736873853,2000
195.61983587555028,-0.5330121503186769,10612.76025411659,0.03781405386734735,1200
210.08541949303614,3.9374083155313917,8020.953669765204,0.21750943344055523,1200
184.79682895585896,2.684800289623206,7437.6636548373135,0.08753785143612068,1200
198.81616760299056,-1.1153652895938684,2008.686305508882,0.1137062271313439,1200
271.4967837586074,-1.8021668488019515,6483.3182710525425,0.2681235238212063,1200
186.1020036677072,0.1523908700604224,6511.799849848687,0.390661390719771,2000
202.54696260563387,7.720371650178376,6756.293471569528,0.9828724031282973,2000
226.73895047838388,-1.6255356434576433,9850.02869229169,0.13562493297049602,1200
165.77413032765878,-8.655900735335022,10440.052247914062,1.2910944866311915,1200
196.0775690716849,-0.19979381373297278,6578.968933360692,0.06662572212233667,1200
198.93958767717237,-4.0360037068788825,9890.989351088014,0.01742691394553545,5678
199.13237413834884,-4.69017552149534,2717.034479723747,0.009297078568543487,1200
174.7854584235616,-0.3173962389146877,10190.011694396006,1.0557458269275977,1200
215.21199885103002,3.5268316440442287,6418.2292956551655,1.1852010192075482,1200
172.28776882323473,2.6804531896245725,5627.670760968829,0.04736737699083173,1200
239.92342846318883,3.5296137730389554,10447.169390936719,0.29910387347876066,2000
166.08006160645155,-5.265126295364596,10003.170041300438,0.16046898575246168,1200
225.91080365083198,4.013372734534229,6614.152857575797,0.09115012464768983,2000
139.8878408963936,-3.732697945822327,4901.913870285285,0.13379621209050938,5678
159.81835659693132,-0.22056160513514958,5474.603536329876,0.7716712217375576,1200
239.0574830387992,5.04470775603131,8443.070732862634,0.5787623532279861,1200
185.55367564541902,5.649053034365004,9505.926035569464,1.2937349835126637,2000
187.42972199128712,-0.49665812775304724,10140.880108574242,0.053893300178903376,1200
217.2668612000554,-61.890889354264786,10199.01265011372,1.1117221759505207,1200
170.27339729344254,-4.809773549090142,7144.639812758676,0.003305289034744647,2000
160.7670836524927,-1.7720362565738563,4015.886794526957,0.6762878749838429,1200
190.04269138763618,-2.286304083916512,7252.313997805766,0.5504369456704616,1200
176.72021773788254,-1.018401510945883,6985.108210892357,0.19879367550731034,1200
210.50035058843844,1.1686950042915654,2872.1875619286466,0.04770336332760879,1200
145.89507786529197,-0.22836088566290566,8190.564986453328,0.16692008762222757,1200
220.38147195637174,-5.179021013190093,9405.601183995455,0.31122890426912236,1200
209.06330540230636,-0.6276698051899413,7568.226820471094,1.7386571244552267,1200
158.81723018503163,1.53689154605979,6291.017859623456,0.11536911616670922,1200
218.7741379035791,6.793465462104236,4960.3565235186325,0.2500128748451711,4321
233.45274742351424,0.15562556317728937,5056.128356295165,1.0202256499018565,1200
217.08233109514524,-5.163568524070948,7949.68855502417,0.563629322870027,1200
229.90136550001876,-1.8832006142864741,9453.550195235159,0.19506112707194495,1200
204.45083154979483,0.5434082635874532,9591.932110897855,0.16423053382721145,1200
190.10544082392144,1.0161789066710494,2144.251150937724,0.512524589472696,2000
149.09007392737274,-10.322405820481425,10383.053302130078,1.071262351321774,4321
205.31365603953782,1.0235151112169567,6677.722631074428,0.36947241533140607,1200
191.3059953787415,6.8452240893605385,7152.110310418496,0.09981571851480618,1200
204.5747800684764,3.6337456945699547,3644.2199983219616,0.27413082714776404,1200
217.19819738648175,0.684846032478807,5627.386752647293,0.39012843795496066,1200
207.68517998764256,0.1280961880713642,2206.849610083786,0.7286911478500375,2000
173.00687452294557,3.496945088699305,7587.439037587825,0.039862033598014185,4321
154.2243861345486,7.093099387599485,4917.2025015395975,0.01001284573212104,1200
233.98859866189295,-0.3548495680685561,2259.9506623825623,0.5036199840709048,1200
179.14885631336958,-1.4444970768697956,6325.032161987127,0.22590776756658068,1200
235.6839227348366,2.56854651985834,4000.9858980760546,0.9671906222935168,2000
242.51247859163834,-1.0065717555558586,3949.0548387674025,0.7364876340746874,5678
206.35234540660855,-0.15348048851912907,5705.6250814622,0.39021585228317685,1200
190.18727309528964,-3.0755690682630727,2860.2558411203445,1.499645256251048,5678
193.9937408415037,2.1452852209931326,5937.11848464603,0.18453152613922397,2000
229.92481800172644,-2.121394028534357,10939.544940718019,0.1771319146323265,2000
199.70674997894466,-3.4137146692250404,7114.869050513027,0.30678706951913304,1200
259.7397649621763,-1.2348963467425735,9158.491312222002,0.0378219019436304,1200
213.41465315194236,2.350761304109285,4350.026235993932,0.14967335478022817,1200
185.73647916389987,0.29268745973569327,9252.35414950467,1.4448757815626756,1200
209.145422979577,3.4541373938865836,6982.4225279274815,0.2805305714683451,1200
177.9809902114026,-7.956535145190574,6230.114001988891,0.36700253449770287,2000
173.25752140299653,-4.266267039302144,8490.412444296555,0.6686165964756283,1200
237.09851748215618,-4.23978642023115,6292.346087007903,0.17834550778698258,1200
206.2824869718737,-2.1567985435806616,7198.429121812593,0.7950306592601348,1200
196.71022157497157,7.298351953309817,5649.7632843353185,0.18678730574219732,2000
191.09309973518586,0.29236204871604654,3913.677659816821,0.28161846090877657,2000
193.56868573610478,-3.797905892508326,3731.8876575166178,0.021801792727767465,2000
199.01072442985517,1.769644324676103,9242.138097835677,1.5267270441199117,2000
177.37863937129345,-0.8379449158828748,5008.404782760824,1.1297773538418237,1200
200.88331137324343,-4.408759374648086,2252.297604299907,0.40039496115448575,1200
211.7221095460881,-1.685639395660829,10398.050218614202,0.23708428817470062,1200
169.6105553375339,1.578188654703038,8362.399878655957,0.048133804274294735,1200
219.51196243358598,-9.159488761138508,8298.758536448673,0.35128510446801714,1200
194.91900081284797,5.888758065327304,6142.35866384308,4.2477184273670066,1200
172.96734885192132,0.652497943817371,10979.828674597544,0.4201727409299411,2000
160.159557487619,0.538570429879066,10990.705464686376,0.22482922252497262,1200
200.01972281431185,6.706702283564911,5905.223954635134,0.17418504518880482,1200
203.50926732813156,2.1117933878130715,2332.5958755043016,0.6393790523840388,5678
223.45830462109336,-9.302072095908107,7141.061304997224,0.16441169229521788,1200
228.44935086368696,-4.688891349504137,5253.648330034464,0.17926431291783745,1200
235.2578312618251,-3.236915860782918,10133.190310812279,0.7003966780839918,1200
193.27733990620865,-0.5816749701183289,8634.897448940636,0.024592108675719468,2000
188.88094143012836,0.5155100829831324,7791.03598001568,0.8287568598475414,2000
166.5197504717661,-0.510511997262654,7713.350515841394,0.9769437306076919,1200
210.0642206754695,-1.1137626619488608,10260.112596038605,0.9072407696494865,1200
262.2914302650847,8.549254220224013,4570.492978411885,1.173385409366975,2000
177.38747961626595,-3.6430079278000806,2776.514871039342,0.07669504016454866,1200
234.91632444707435,-2.5470700666851536,6023.060884405835,0.1472781905408973,1200
221.17689452142452,0.3933356628794318,7038.48229698606,0.5679259971051761,1200
188.39389595330098,0.45813285162017103,2925.1935892170027,0.4985323705906547,2000
207.02427936928837,0.029928831106627415,4175.284545390958,0.05344736761787363,2000
123.40570876463477,0.8032016277586901,6496.044427271067,0.28441037662467183,1200
159.6464854476837,1.5345809405913182,7261.948035716168,0.41558028113973694,1200
210.88980902602339,2.2811485531452704,2855.09148797553,0.47188913194209564,1200
173.00281155389084,-2.8610655121671553,6413.665126708031,1.559056657121718,1200
183.40025376780022,2.072346999229257,4255.685693005742,0.5817257147464506,1200
141.62009714977512,0.21679300397141057,10392.465341325176,0.2087938487649468,1200
296.9024859217918,5.892285468586414,4487.690245977157,0.26015526451232407,2000
149.44324036711902,-0.9791705938589829,6087.0624112352925,0.19266445300854063,1200
228.04531701445924,0.22543120478131926,8926.943316559595,0.3862749322755205,1200
149.6565097094635,0.9937201149965823,5833.074567747985,0.026300010979407706,1200
212.8720490721801,-0.588278172527297,10296.917192404693,0.003134645966656751,1200
193.29979567925284,-4.937908267226051,3004.3025092687176,0.24074795976966906,2000
169.1350577005352,1.8739899217130123,5154.392901720239,0.3500787775228412,2000
198.60668638455698,0.42546831630564563,8500.865980029457,0.11703259861081573,2000
250.44870799972728,-5.5330032527698805,3388.4121522761934,0.9561369338939829,1200
197.7298773476602,-3.0979966814727287,2284.393025458616,0.06008525682989601,1200
187.86095336574655,1.3125869985041487,7592.571070906491,1.3995982462311884,2000
195.71267589396177,1.1511012907793092,6526.605288275101,0.3632995119099697,2000
191.09954326326144,3.6104474277553575,5776.853204524503,0.11943510466819597,4321
187.65295404420831,-7.215627098235893,4828.147984423973,0.6266965429274962,1200
261.828910702001,-1.1719805951593998,8468.852155872639,0.5556120680358064,1200
235.9239567248216,-3.92266219220657,4863.4283923854355,0.2173942328829081,2000
220.76879555014605,-2.4999232943688754,10013.322340853092,0.554820349557027,1200
240.39878563705312,-3.50229804096137,7117.613500742391,0.08376566087644,2000
200.00394601358278,0.020488010780178825,8546.691913362654,0.02136740368451027,1200
195.0562113692288,-6.713814037726507,7512.647671842129,1.285244575808644,1200
168.17827088808173,-3.3180104410927043,10682.969460589791,1.0991675526499125,2000
178.73552217741195,-1.062788647657925,10868.357242038352,0.5253828369583484,7500
234.7206754031978,-2.069004915988456,2515.0641014885696,0.47634167453673665,2000
156.58970045748282,-2.3537468302260747,8647.337299648734,0.15010977259064576,1200
231.62221601480246,4.704069565594651,5091.134583364463,0.27075271721590477,1200
198.55383773763802,-0.9641305906261844,4564.49299925507,0.527521433072556,1200
196.3796414149458,1.9279639235789598,3013.187212763727,0.884779983045488,2000
185.0338347503539,3.5485833826630695,8279.255816650842,0.0640602766992974,1200
162.01413984089396,2.6517182318235295,8199.50178710741,0.47222710652992606,1200
178.07981971985444,0.4710410176583455,3927.8548153093534,0.45481314720915,5678
126.73356849136525,-0.030359544254103032,4826.89307400402,0.9826167141292953,1200
245.5470325799844,-1.0037125592116534,8664.148413916795,0.489901626112465,1200
205.6943344222668,5.0921569265941455,2389.9534267711106,0.010424954248825514,1200
233.67507427479228,3.0175125307463744,4425.991523544568,0.43104229994276017,1200
221.58164014188048,-5.619739019449916,10141.659659883288,0.4602350398152165,1200
262.29718378768746,-4.949607706961426,5010.976755782942,0.3692519688709896,1200
215.36792855804342,1.3657709936794507,6326.528980667657,0.01701710008540853,1200
158.02526805524477,0.47476860357398043,9178.126273374019,0.033638710825540666,1200
230.41361670706766,1.620017399015944,5676.836548146823,0.1214951424665607,4321
215.93488957147227,0.35891433867140365,5365.565903061307,0.030288087134543278,1200
199.59122924745031,-4.831525349085644,4519.691640219994,0.25411781997443633,1200
197.9551767883978,2.7340500029179013,3455.5805770883167,1.1589452120288368,1200
175.44283206038347,-0.08017637929706642,8777.31906618907,0.24044336266114413,2000
213.47647996902558,1.7764394345477266,7108.975638121112,0.11115726120561992,1200
200.62291712536904,2.2531878040504427,7998.261449279744,0.9707463875312662,4321
208.3267817063035,-1.1830761044006624,2348.378928777978,1.4335691924038756,4321
188.40945955949914,3.401130714143946,8042.538674651108,0.7137032820892105,1200
212.8758396835015,2.640156056666997,8249.873943423987,0.32754453892113167,2000
217.1685726205482,-0.35416948384872365,8943.591085195108,0.5204991245524337,1200
204.33445061331687,0.011329044152704644,7022.104762745993,0.14250747416756113,5678
219.36207857033125,6.29096018466292,6657.917105863513,1.0984841001504833,2000
193.29557147447127,3.814829178172208,4614.747490690532,0.23144276562705351,5678
179.05557945189292,3.174904432429517,10414.083754998497,0.8903573098041863,4321
141.495747386879,1.4336818984676585,5651.258096886684,0.2696210951163642,1200
217.22282599292737,2.301963078232346,9813.631607509567,0.1437682442937357,2000
260.84298717288397,-0.5603400960276145,3683.5578506978636,1.1075665137412685,1200
185.03827463829447,-0.8630466374820246,9676.18851280832,0.31163926086800636,1200
180.55816196967413,-2.089939966302416,3608.8087010190266,0.32008491405003886,1200
169.59741423060316,-0.7374713472247559,9635.068324335723,0.011043296183667471,4321
214.82297091229944,-1.8403369696258587,6650.8099104774965,0.32962641290489575,1200
183.85590212875476,4.801536416335235,6064.024499008536,0.07319426294944052,1200
187.09073220163305,0.022582019535868074,9629.503596799692,1.5461262652288246,1200
190.0264764004998,-1.16469785119756,5880.825563858103,1.541938463454661,1200
220.77798259558145,-4.598445105338825,3380.2503239896296,0.16942170482904323,1200
135.4880451302271,-1.9844249001002487,2850.8138058501036,0.06560520761006926,2000
246.90107525896804,-0.5549935353989222,5470.740728862714,0.06584579324959547,1200
236.18736547628157,8.353879191183072,6439.735370508618,0.004799663685687752,1200
227.50058947657809,2.4636682598560564,3728.157637852585,0.0936410049458495,2000
205.78728293416066,-3.884942965123315,6422.755996190201,0.7632247513705895,4321
180.04407706823838,-1.3263005754147346,2339.4521568056775,0.5651571157035874,1200
188.04492219784584,0.9291068928403109,6024.2665002521635,0.29737454426076493,1200
266.4725340754462,0.9176523364142435,2839.9097592424177,0.4297562655493925,1200
207.67516752351068,-8.523104478093739,5441.237406681788,0.33243785143487586,1200
215.82706164124951,-0.0778538065372099,6208.117790453449,0.4415013177675914,4321
172.22632162062573,-1.101247859913807,2435.0790723565406,0.6944266685890621,7500
142.11226920329307,3.9193907139463127,2449.8799084515585,0.40155920966002223,1200
183.76771111006192,-3.480131581255291,9801.633565527689,0.15574654785990963,1200
179.60638682442087,-3.8156426572452027,8015.625030391609,0.6786835525881846,1200
270.8002043756328,3.5218195691882874,10147.586017397185,0.30923041114136984,2000
175.83838451443793,-2.7135215502558667,4161.27463529904,0.5490281097361024,2000
138.92922779589077,-7.488100072478807,8964.215678517154,0.23729571619061202,1200
190.66531967105377,-2.962343143597619,2404.3744742366584,0.12171264459633935,1200
151.48771234936163,3.2751776636633636,9511.714017222763,0.7378901944561148,1200
194.59230452066564,3.423410075297563,6649.338390936519,0.35630614612495504,2000
201.55064685660807,2.063876797653465,2208.524909638158,0.021203782653403735,1200
124.4509156287515,-0.7395562756651795,7857.685932745629,0.06594247095854269,2000
251.03210361758136,-0.06019087562319925,2376.716597077827,1.7007672998330567,1200
190.22835406036174,-2.0198104512373045,7897.8969293859245,0.03417222472492733,1200
240.01072604832794,6.465613474852876,5158.418420507038,1.392323618389684,2000
206.60133349760318,-2.2595919388850962,5663.749338716352,0.8177820528871906,1200
164.01814109813125,2.262737965156156,10069.790210858993,1.0492997171099137,1200
239.9909750838161,-2.235821337438725,8806.14440939585,2.999321894225475,1200
142.11385552853832,3.450931405776264,9066.178079742287,0.630681159292984,2000
230.03354473066466,0.954035238526251,8425.008007845801,0.12027557330470773,1200
167.0892989331627,-0.3573189597759728,9187.822001241228,0.49050159247909164,4321
222.94674461240677,-4.8946962920332275,4659.437984974146,0.3374958301296755,1200
229.86066696422156,2.2465438309815045,10618.718288793334,1.2644494419920833,1200
193.14604676823072,-2.767007637532369,2751.807339305172,0.6452785313893564,2000
185.6995136998377,1.40472195029942,5164.0341413241895,0.3772005304145743,4321
198.28416352671408,-2.353474753275062,9569.31020670087,0.5758087459120601,1200
184.20261250524882,3.0021638506594677,5498.499757779224,1.5617705108178828,1200
231.52894795365435,3.388477523997537,4046.213451926125,0.42125647476648403,1200
202.03112280700438,-1.129621118506864,9268.407620448574,0.6772152180764704,2000
209.31653851816546,-2.3816240569563725,3231.744647820862,0.13893828246888795,1200
185.9622624021636,5.075151764220004,7506.940502629147,0.0672187292174237,1200
246.74092115464794,0.2564134457916722,6331.199976165387,1.1057613462313818,1200
186.51945708679915,-3.1452615118229854,2726.762410769463,0.37106645784138736,1200
204.65927883999993,-0.16882352933659892,6369.090498330427,0.8234566699159651,1200
226.46662711193738,-0.27533108322845323,4796.544453622102,0.22156440344947684,2000
189.30779611366407,-0.4902012129554289,10664.362377701087,0.7004491297440009,1200
210.13530547571244,-0.23414545409844645,9188.542513572236,0.20991375734884288,2000
218.40714630729167,-3.1404161234726775,6226.670471924768,0.06662478631915286,5678
210.38452988074133,-1.3963567509361505,5463.634551310424,0.09094120654276568,2000
211.03557225758217,-2.9517189548099574,9981.322729605648,0.42649492042661025,2000
234.88776037395502,9.064780225812425,10364.578229081773,0.44013943312699677,4321
221.40830515579614,-1.8831208599246112,10847.616060309323,0.2043142582255907,1200
202.62296988294904,-2.462520592653929,4664.128823356524,0.3517079479504653,1200
192.04022166310108,-3.5753069563854276,2670.4091841294025,4.24648476122304e-06,1200
240.44685284686835,7.988148974971775,4362.983091903685,0.2768323657598159,1200
222.2463419426166,-1.1043223642071547,6105.384792163011,0.2946576598960598,2000
244.5255328983104,-1.1069710380264617,4997.197068698036,0.013593965053963403,1200
193.32854889973046,0.9295431296092983,9151.35784760597,0.77818324466341,1200
237.211679682939,-3.9455998373779804,3704.8946768882847,0.5112187073976501,1200
166.16764525215933,-3.305075785243627,3257.6105400622027,0.42403984323763866,2000
213.2311129908297,-2.0464961330170275,9510.690413809709,0.15878534674168612,1200
225.27422376361315,0.7656698297619554,9790.225891750026,0.14572375240133184,2000
198.41103901397975,1.796703291207991,5603.686786829181,0.8034119240156533,1200
262.44483528682224,-2.521731748726164,9285.24486013429,0.06502517463481754,1200
234.86409774120324,0.7168635257094865,7930.151221021045,0.7861465862899362,1200
209.34198163558753,-2.102914667654662,10167.614402092302,0.0029599752493980926,1200
195.5987137118268,-1.8138348692377886,9605.03358819107,0.5469739331719681,2000
221.01773781475833,3.409971821793722,10375.01319146378,0.036186070371489715,1200
161.19826469647444,-0.5441689140712174,9918.63976926664,0.8042046856085674,1200
233.60649806277613,-4.466961142089944,4112.046884251175,0.720508150491772,1200
237.87494204957883,-4.757431392796977,3203.096081441878,0.05291732871022244,1200
221.62511299818334,3.34619792481131,6669.788917921898,1.168610807278727,1200
224.14016934116097,-3.3916747759647436,3664.1918985222205,0.9626791518307272,1200
207.63579222025288,0.5416896859909861,7730.143708011762,0.07604450470949495,1200
139.91596627155388,6.383049944962696,9831.359290998698,0.06769256332603332,1200
169.40555535892227,-0.2126297919322175,2146.406663678165,0.6224967511469336,1200
158.30829292416166,-0.2568824374520215,5742.167749012646,1.1703952601557372,2000
198.94497037113118,2.3533036511756746,4066.2088848538456,0.3649224781439513,1200
239.6145549231026,3.0856800965198015,4090.3558654819203,0.027427850829700163,1200
178.4261043797171,-0.05416365974420856,9708.399991500824,0.4216967082283694,5678
164.27472050960904,-2.0170510060613274,10568.394708289052,0.06477151352176921,1200
177.39892157593613,1.821109600605328,6930.880556247367,0.020653966465513512,1200
156.17875265239897,-8.234507972121254,7904.309214001549,1.0082799883656237,1200
183.75762931116265,1.1151132755762243,7177.9642875827985,0.3374115187977779,1200
182.83582559637654,7.418576950308331,6418.327374758719,0.4160977885866241,1200
177.77854037905234,3.4778278461058263,4675.283488889146,0.5836234116703131,1200
268.7706305921987,1.182813314193354,6587.3835247251955,0.6290030439871473,1200
205.9845680360275,1.0658544237721441,8878.642410720502,0.18338702563124684,2000
193.57543068654834,7.968559083467868,2477.6982175657918,0.09745048459544585,2000
199.68798144731693,-4.133603611656597,2667.109997031942,0.02844599421249944,1200
232.40762306476478,-4.082257971485865,2239.983972319077,0.049854593802460594,1200
200.91021707143094,0.08246109437723231,10850.994473768347,0.7857159523452794,1200
265.8345226997817,-1.7598924038990411,5088.359847526912,0.43295833487395907,1200
209.3803061039256,1.6156139614011567,7259.208457700956,0.49515783042381994,4321
217.60328967079226,-2.6733516501789483,9800.016017716775,0.8862918259950447,1200
207.40829862328818,2.761384827433084,10355.501851072988,0.8136957357278463,2000
183.32047728888716,-4.253149327677262,6377.5121044931075,0.241319540962159,5678
222.62531939431366,-4.016777047191198,8584.238259733258,0.18247206728626322,1200
176.72755851186184,3.2203560690544393,6808.241969100858,0.6319139508118617,1200
240.79017100259833,-2.923418811587725,2175.99819983349,0.016110511218909246,1200
181.98149124358184,-7.123645848277653,10602.337400195085,0.29285203092984596,1200
185.6253430468639,0.4578556848937221,10996.694194264748,1.408246466743238,1200
220.86628817903855,-0.4905488149221231,10756.49181451251,0.4087917584488731,1200
150.72179287158838,-1.536110105158667,5426.3343789415685,0.45385218627102614,2000
219.19469952958246,1.8374393388292427,5706.587159991061,0.8815990344505263,1200
173.68953152714877,5.059626381675462,3194.156045420064,0.755324329348468,5678
179.81896304124226,-2.484431329934082,7346.627813361681,0.29229276077274613,1200
252.42196562161266,2.9034336294252445,2667.9164283257846,0.18273362123282552,1200
178.34037371925257,-3.5161749865115017,5261.111435787271,0.28523601414465005,2000
241.84938613626935,7.709684907619148,2448.0425705164143,0.2753145990439228,1200
204.25656802296672,-3.881509275871738,2489.8670453991017,0.07143479451966465,1200
244.73228437549062,-0.2778812966708112,4966.44003863101,0.9765868306803999,1200
153.62377782558855,-3.7774862301507377,3967.93294557212,0.6733333559319423,1200
158.4280533960576,3.5538262240653435,7968.600890118627,0.8552737431016059,1200
231.833186484205,1.5816827369381503,3337.195532204209,0.6530809030814156,1200
253.27395320104034,1.2408021080229212,2619.776801181842,0.6780136930994394,1200
198.48193964442876,0.26578663441337885,8076.968033402493,0.18676047056311282,1200
186.2173010852707,-4.30199393019373,10499.83360849358,0.41367355473670947,1200
204.32187810012306,-1.1483223999544385,5156.509617905689,0.2753361322238379,1200
166.94913618496957,-4.07030583287356,9250.045366925875,0.002334661482178507,1200
163.30237919455652,2.212045321740091,9386.475063891405,0.5076602758418263,4321
252.7956579166461,-1.6248001995306038,3362.4325196354703,0.09994342300754762,1200
196.62427782360032,-3.085843284903837,3723.3971172574097,0.29745837037916617,1200
236.81487843660358,-1.442970722982159,5235.694493035786,1.1234693678826215,1200
191.2048880983665,-6.242995010328171,6704.95843005387,0.1320010974781781,5678
208.53683337948814,-4.756794253153986,6527.422486564316,2.0423888937371952,1200
190.09148608828477,-1.9266295414183205,10592.801496213053,0.7670864699623189,1200
225.11745075763528,-3.2948616087794766,7437.820706133062,1.1024241513811102,1200
216.49116608302168,-3.853922714523783,3793.4274255735604,0.017888830501585323,1200
227.2515155781596,4.588791930936539,3295.1096759845796,0.36330918482640306,1200
188.10634833254474,4.486655579507269,3783.696968138555,0.6415476209368299,1200
156.76891175234053,-0.9702641302922261,2302.7530557345704,0.28658918021315166,1200
214.2227543829253,-1.676619042689992,4035.325701750651,0.19437723494538606,1200
182.63605774331023,-2.574451489549937,8670.98390063853,0.13262762605294248,4321
231.01886290721856,-3.138296082051589,8450.55374822033,0.40625363678738985,1200
220.03019263830288,3.079776620141314,7029.248859829734,1.1841006101564302,1200
233.20019814721923,1.6108947245235397,3819.965950380607,0.8046873390677404,1200
188.028878874984,-1.5779261418567572,3786.1912100145646,0.6023680253858074,1200
206.16827669047524,-6.617863664714369,4436.517006524555,0.4801740831495371,1200
186.39088190786393,-4.41782280635774,7237.289083079765,0.46008152255146195,1200
170.29094995002208,-1.8951291283883414,7534.290337964831,1.2460272259692398,1200
250.91795602838147,8.497352707302326,6537.154289403298,0.31913254545659414,1200
208.1790485479974,-3.925377339063017,5225.598259082884,0.09503176815777925,2000
226.6872974615064,0.959512835644994,9016.277358675623,1.1086515329742372,1200
189.9209695381424,-9.026918997913679,6599.688088829786,0.3232686910758348,1200
179.59394663709674,-0.6004668815040989,8467.54159444482,0.1294601701661235,1200
188.35830140538948,1.3876785947370491,2381.7539249616457,0.2603804495010563,1200
220.63089217032928,1.5861223673482243,4226.072899985173,0.43233584176755935,1200
179.03623888454348,-1.5063522279761266,3421.161767834161,0.28297239767968785,1200
208.98614870586687,9.47936535189173,3624.1899758061627,0.7626587740010649,1200
187.21656966770232,-2.8858772748261656,8383.25956050933,0.17266992592164365,1200
242.0646679549045,-5.2186295889733705,6022.414131332458,0.5552394805533313,1200
191.47869372604475,2.9735972765157315,8072.558973920234,0.14752424604405667,1200
158.13599075321167,-2.8668338142030376,2948.8353969543523,0.2378527793811349,1200
244.08822316008104,-0.7209702072719101,8159.671568905319,0.14985936291043717,1200
158.80699606416178,5.234265319276247,2125.6252843124603,0.09047435157681433,1200
193.05572414205943,-1.7289317672241808,4142.136994176184,0.0742651992751221,4321
125.10068816264705,-7.129582352550275,2946.352662137784,0.3982827246023979,5678
230.22803337826167,2.56082563251063,6535.764017773623,0.37455019537338463,1200
207.77583099907858,-0.847534249988769,5947.16313069606,0.9984698100400966,1200
182.74841654428252,-2.925474313693991,4921.71190731732,0.20986213709536441,1200
212.04734832921883,2.3512029748809162,7159.267333498911,0.011118539770957269,4321
222.09319788465098,-1.833140519729758,2115.6871568608126,0.6704156062286889,1200
192.51466523563977,0.09330130993428003,2187.6926912807967,0.3248432745767107,1200
169.0640914030947,-1.5027701777508127,8873.384639628188,0.04669218153477626,5678
231.51590289772892,-3.5907476309731856,2003.4568767218905,0.09443327939552061,2000
216.9402227141036,-1.5158805523637826,10998.527019467278,0.21031344585070544,1200
208.98768052531372,-1.6801214312202684,4018.197634670809,0.34944602568768024,1200
196.21919812516404,-2.9863800762870873,2639.507947694682,0.5709154694885352,1200
158.90925384759782,5.463797313298131,8637.830205167764,0.7904055181752162,1200
206.63412858624568,-2.670289326056928,3212.194843121916,1.0486552173157815,4321
209.66501524379797,6.791482058028618,4596.151433591166,0.5487817115634515,1200
194.39171628122676,2.453737091227732,6701.702699478882,0.43511773233782225,7600
163.55668162493401,-1.3044758813954596,10389.601955356693,0.2602722337455208,1200
154.20372325239484,-2.153594128830441,2585.5203221798497,0.1973848880696916,1200
238.8859238201121,-1.3243528847182893,9127.199910022955,0.9837023566157492,2000
200.59259024679778,0.699612895051155,8014.345144230529,0.6288860767884663,1200
179.98185140984936,3.6513563224681325,6489.574565334873,0.12547888246864355,2000
196.83248093747855,7.676542838296131,3361.0278462298074,0.1853051943908593,2000
170.87909844689318,-3.815084070373407,4905.662410555369,0.08951830603923722,1200
214.71445240036977,-2.8590856016589172,9690.69402789895,0.7598257413240057,4321
212.82997834724705,-5.35665256842841,4192.4670606364325,0.8146030092441929,1200
160.03440656328712,-4.435971339945289,3287.3294521643,0.017957591956732043,1200
124.76527133151737,1.3306368381472606,7503.08154426991,0.7259984667719059,1200
226.1691789886771,-0.7811544652927153,8169.035995649338,0.44755546653289346,1200
207.09028152742158,0.27973787790929355,9832.918654627805,0.5073680561935772,2000
193.82159323639502,5.219749439837054,3001.6633930075573,1.2898449677486876,1200
247.24742789846357,3.1851594494139372,10954.557756073582,0.760434470702129,1200
208.60249051967486,4.101211248758251,9375.252589201426,0.32190615714167237,1200
223.66330425692496,-0.11839723875424786,4620.528519552486,0.9809023064758426,2000
181.20171267660245,-2.7848833761848946,2171.7699024681106,0.5283744135440639,1200
155.15190443827728,-5.056021091911734,2594.897221780231,0.14153031700508045,1200
211.20961535763183,-2.074618987091452,2497.1268732076674,0.07213619483115176,1200
168.3329799052864,-0.018618488766287848,2011.7536724838121,0.2784529695250693,5678
133.49833512145847,-3.238484786525253,7002.476166076219,0.2722952342087962,2000
165.13549327618563,-1.958677699618664,7558.33498914811,0.8155689087849337,2000
216.9119886789374,-5.484332110766873,8753.534084601648,0.11229610225647761,4321
186.8464649017626,-2.594740520251346,6571.257112094032,0.010498762127668667,4321
159.20350028438787,1.8690190538791807,10396.117235563928,0.9740422933009789,1200
177.9499339586698,-2.0543838134577856,9125.990351891014,0.09833372004087848,1200
179.7349246114002,4.79192369621333,10248.89646570471,0.1578044922393837,1200
239.51072679841528,1.2739612498972583,3612.781124790083,0.006890171254031435,4321
220.28342003938224,1.8258501374524494,2276.499865230018,0.39001617777287334,1200
211.69053757499944,4.26648170465009,10068.92515666188,0.35993375428127217,1200
261.31385191278036,-3.64059013620664,9368.53942911465,0.3813329807863405,1200
159.4001785197969,1.0478809343646025,9175.366801661146,0.4724586286292184,1200
187.9750094380325,3.025954921412919,10279.652987724801,0.52383955524999,4321
191.3471206256577,-2.415551340874911,6422.715174030885,0.3935540220425146,5678
225.4413726686237,-8.128649651906557,4964.3892784950385,0.365590015134598,1200
229.8474107408069,-6.557330421437305,6149.202439829898,0.5965453670656288,1200
229.5787030535586,-3.6114280476347402,8622.7501700352,0.9429352009602994,1200
195.98280491890046,-1.4269019394753082,2068.4733185844952,0.29930818974812523,2000
215.74283218653375,3.7136235833955022,2349.5960675536367,0.10799713807705079,1200
177.0258630772692,4.135119269797897,10322.503132845777,0.08890751799725201,1200
185.64439930965133,0.5795701793108482,4222.904674139652,0.05565834429216685,2000
264.81964008357284,0.5690305783407551,6568.670396321447,1.2378956687868035,1200
213.61774171548373,-2.708404965840028,5737.441456112892,0.20164739242437985,1200
225.78946441144805,2.3265129169088583,3534.0590678362496,0.15572115147751664,1200
165.47491275327783,-0.15700163012909718,4544.618248500571,0.4487120284869102,2000
263.17071576771343,-5.500453330443424,4722.445053160058,1.52280955938067,2000
151.35343261463814,1.888023054328967,5229.34644714943,0.12000379683934345,1200
270.61190248061183,4.0307457936708,7903.239629477881,0.8195185411896776,1200
174.85190172515973,5.265132883875249,3389.4466081233195,1.6944966024741372,2000
169.9654329312906,6.916860602371251,5744.159853861998,0.9538396673770918,1200
199.70125036028634,-3.570095286107292,5195.198054776391,0.9446979305164884,5678
209.92083873402228,3.9183930354934406,5171.714566672142,1.0279410178448567,2000
216.43847545142222,-2.330333761369346,7568.071026006775,0.38028032776908144,1200
166.68648146228924,-6.641475953036388,5688.644384280102,0.19960718611505854,4321
217.8564614231757,-9.324833542762901,9791.025559469039,0.018928490289609273,1200
170.25482398817144,1.2188446154545676,10893.694186017981,0.7541440346136574,1200
219.1215608564952,4.359648751221706,7637.714865716509,0.011998679898946827,1200
238.21743148416482,-2.3315616000587562,6126.700582388418,0.14886486831469042,1200
192.85123458431693,1.6199605765693088,3864.5201293501773,0.4435421944920983,2000
150.1589404364843,-4.348810791390944,2852.3441265785423,0.05504587917771568,1200
210.93893640407907,5.534081131257871,10179.758805482796,0.4249374037027294,1200
168.6814077699548,-2.0313667922548957,10235.052709987987,0.49002831189398866,5678
225.2005913140929,-4.026877376047303,9599.788697097467,0.08171559758694595,1200
148.41933292758796,2.2572370966487108,2059.703833481033,0.4294388791737153,4321
189.5016940071107,0.7496164435608673,10616.48180354106,0.25744525508282384,1200
162.29172216069674,0.17903125344232318,4796.720193870171,0.19566960007410117,1200
187.9564722613884,-0.7047699207363249,6639.08131026083,1.136911474027789,1200
206.50241209752133,3.4339949828911105,7784.678484040111,1.1659916565992448,2000
250.82822244222965,-1.3674662182627126,10958.397083708318,0.01591942390325945,5678
217.6834955526217,1.7741631571660827,2831.9520749585186,0.08705635128282783,1200
259.1399078638689,-3.531129460358231,8414.389170017166,0.6821484365737149,1200
178.62152869259054,-0.35822367680946887,6780.5446730672,0.21108047777684513,1200
200.83416661776437,-7.043305839452227,4588.9697531309885,0.15803264260064484,5678
229.67265695019887,0.024901331826484834,10798.618873063255,0.46073375488625123,1200
207.491680900476,0.15662465962963493,7866.478947313684,0.13643517428328028,1200
185.3042628280412,-2.005175894413107,7070.251159486735,0.24093847547312341,1200
159.695929244311,-2.6577835607273737,5235.325561331949,0.1408291653330166,1200
159.16490193162485,3.8125752094308307,10359.941787176205,0.1157565655019016,1200
207.04442296467158,-3.86500259490543,9834.101957805007,1.264031663469668,1200
194.5564464330259,-1.2341894746343647,5665.1053750672,0.1308450109531185,1200
190.5881662949523,1.3133165802503999,10087.42677977599,1.2703976671364579,1200
167.8447404060472,-2.4174913731828966,2598.863016867489,0.04968934109492022,1200
175.78161812579555,-1.4735498297795273,3265.4707214807913,0.13880566583845483,1200
205.21477218613597,1.3387424661167504,3615.735027399481,0.40873932409030633,1200
152.28781501457362,-3.7350345420360336,6025.3939685543955,0.36233838490227177,2000
167.1778441870546,2.4253220667359963,3017.739572203048,0.3549449064251357,2000
142.6132153361325,2.2240533824043247,8637.680411759586,1.3219652518950362,1200
167.5194531122954,3.046353003123788,6323.1167999952,0.4751560810129986,1200
258.4282156038654,-0.9429524835679194,8219.38746536912,0.39745278585495797,1200
210.05526084213685,3.1848583084465605,3128.218752502161,0.3178657837928549,2000
209.95408848473784,0.2711778416835134,6028.103441182258,0.12093674334904628,1200
199.91570874323065,-2.4792731687628766,9120.354165626728,0.2640260875211299,1200
200.20958749850607,0.7676230618587999,3997.408009757716,0.5909569757555792,5678
166.8860358945365,-63.881765643227084,8209.288009337904,0.1507272963870129,2000
185.0022341188009,2.0367679715811855,3240.448621221202,0.2856625710472924,2000
544.855990657206,1.413182193912127,6243.775776853336,0.35931096997615625,2000
168.0906473203679,-1.8792338047085502,9626.127187269856,0.2943516320188232,2000
194.4954796891881,0.42558083043370726,5536.447629433336,0.5383229146198493,1200
210.33477996871642,-0.8104810337461938,3239.107260993205,0.14586462453436713,1200
186.19040900289434,3.3106977424400084,6441.7649689380205,0.2209427549601949,4321
256.7826315599108,0.8059939317124725,6955.778975520849,0.0391499134114503,1200
231.61508385882735,3.0151911447036683,4883.304634895197,1.0244893469226513,1200
198.07766577737632,-0.6164820753992919,5928.690699780791,0.5760038776995968,1200
219.8741177372847,10.06324760398567,6693.433169315364,0.2225495187376987,1200
183.8374609338652,5.608633023621423,10636.347614214934,0.526564444162931,1200
218.40224363114493,-3.987070361232649,3236.098396856026,2.074716540224627,1200
166.67564656906177,3.0954109852340546,7865.444461312338,0.14617886269993424,1200
175.07223149274176,-1.193075222616555,7913.295222107291,0.40169053565472335,1200
159.1956412306423,0.07514347216094211,7248.482244614796,0.3221026056796348,1200
223.85669679026438,-1.3008834811325312,2482.5283293178422,0.3237950135157342,1200
177.29547295910805,1.4660875585534954,4503.794478996613,0.6738537590773362,1200
208.98905368955778,-5.68715652065802,3284.5431686227985,0.23365723926067464,1200
138.04884016787793,-2.263476010599925,7212.077166342065,0.19399298212069896,2000
211.45908654921493,-2.3946142095040392,8050.436129822808,0.8195122700197568,1200
173.48297102294353,-1.56218039472898,8732.748203882282,0.4690866237318936,2000
220.96466847790236,-7.343180144393935,3077.0038998828477,0.20338920199566435,1200
201.03207369377787,-2.4334159201558454,3633.941054588803,0.24030649339538035,1200
214.82106930447978,-0.563425669140799,5134.454404434386,0.43026914854614895,1200
186.97985042953403,-2.598655184026011,7092.059907574992,0.6333328247595086,1200
197.730745486687,-1.792915694064036,5121.604640087857,0.2641282844190791,2000
182.89829562569557,0.6143790930570983,9062.340596924163,0.13847593248737292,2000
192.91635913786646,4.808839624464018,5517.632158247479,0.2798516428169947,1200
156.4657452456454,2.831212199219559,8564.966831558762,0.5664227093815315,1200
176.70821758707424,2.289611525727506,9830.260329191111,0.20067658677751254,1200
194.95599957538334,8.116328328828054,10875.32211335898,0.9598189298983307,1200
210.19570965546114,-0.011102027214236627,10232.178042369083,0.4136594162968612,1200
222.9927531483212,3.5988412381466133,10144.512777529748,0.692400710108043,4321
217.33875108136687,0.5619249422151645,2662.9562025806376,0.9856034076448469,1200
195.65119526255074,-5.492478164252346,5891.584702710208,0.1955945455795357,1200
187.50345147320445,0.9579848193378088,6611.496957624459,0.551908359772891,2000
187.59022802069632,0.9141396891298028,9237.626371942799,0.2731741067256407,1200
187.3519088458335,-4.622035807591825,4982.048814650254,1.5827566055586413,1200
195.41680504013735,-5.002343238960421,7018.936563328045,0.44466314313722827,1200
184.88605793483725,0.6549373715334367,4362.580669309382,0.06379284282429717,1200
204.01183951485896,-3.710585310858245,6217.001288181447,0.09463641783243466,1200
174.68381129861893,4.513803906867421,6346.982902950271,0.15215293007646097,1200
170.12902951350415,0.4824967122452666,3917.129971379983,0.5624584357175298,2000
134.81329734011686,-2.3064724100506804,2443.7801657350415,0.10106553425206624,1200
206.7153375859663,3.3974706164741244,7633.715983154115,0.022137566915589716,2000
180.6105284336217,-4.765588361466093,3343.9598974737983,0.7395397665761457,1200
185.4389716938788,3.251181492724689,6884.05068382233,1.7962993756735115,1200
225.74278973838426,6.0160621942610915,5550.999972997348,0.009852274777919438,1200
186.63721647011567,0.252016466249015,2306.5327764905433,0.016560452659143257,2000
149.58299893119994,-2.683952789141924,7959.194846870445,0.8135207425027929,1200
180.45589947671905,4.0559036490974405,5730.505831902978,0.1706004406035157,1200
149.68400574876517,4.5791578607327414,3451.1346209520425,0.8709077365539196,1200
167.27752582899285,-1.2576821666772577,8060.241203727047,0.4259556507687324,2000
133.0988743197674,-1.6332965257005128,7733.270490439126,0.654032220125409,2000
278.2789636208289,0.46217405768855147,9407.40984942523,0.030489837191531758,1200
219.045492210877,-4.401010400603847,7348.498459533745,0.6124664001160646,2000
204.42943151569153,7.280992298473832,2828.72407420958,0.28060892744257426,1200
258.346242881833,1.6707521238486631,2501.397308061798,0.8525095464027237,1200
233.14541164060736,-5.704028289753062,9834.239581976704,0.6037592873113747,2000
253.1449653480164,-8.964854696873786,8007.485574925729,0.5599157742170292,4321
208.27405164503705,-11.549663305029451,10430.354196013024,0.3239093343637303,2000
210.7737070700054,3.940351798437823,3582.6909852948324,0.3137477260097769,5678
210.12639102266945,-2.820001660820456,2581.7171410227083,0.29727808345813517,2000
182.24890562677112,-7.650744398064979,4628.4662990119205,1.3546026010248096,1200
188.28384046529186,-3.2026968731550727,4112.810052578083,0.055804836498956116,5678
254.61828689840215,2.8483328051852386,10933.225245370742,0.411831314440535,1200
178.27621423213438,4.88481739586137,5742.974890566826,0.3945865881680887,1200
272.4779326619919,0.6558034134111472,6878.95079672051,0.34780118628430073,1200
271.43366215139883,-7.405666230467609,5808.706148616664,0.08291104536014378,1200
193.48873018320938,3.752610637022883,6181.188765684047,0.9729397210920038,2000
227.7467547225957,-2.9520587182342286,9036.09014351981,0.4089037866330165,1200
232.02490285668588,9.534173119783487,2417.0319114539006,0.09819188356216983,1200
238.38962084186994,-4.332313358099952,10240.413351233026,0.28640071340740897,1200
170.92088759728978,0.7813544748361171,9385.554449635722,0.09581971335789792,1200
181.25687708137832,-2.6578438185217936,2048.615569709735,0.03082796203824693,2000
209.91204425609808,3.7858831771318315,8698.001913697703,0.1687536331674389,1200
197.63110119795746,-1.1809061522736812,7691.404124900455,0.9920725431901942,2000
206.77492228916466,-0.49696629777613044,7924.778837851169,1.415867570643952,1200
199.68523641510947,1.2792171121768607,8702.309934959674,0.32202295242997264,1200
220.443455597859,-9.183815091713152,9356.96122429597,0.28240669261527945,1200
178.86184774526578,3.23753889690774,8024.058257179518,0.26818635551974473,2000
193.7947733098154,3.3830222287251503,2818.2187636306944,0.5335498732501808,1200
151.74802683868185,-1.7082284526274842,2523.0811613662845,0.4745020097732043,1200
226.708772509193,3.6098499491008242,7677.561598859919,0.7025837671128511,1200
178.01891989548213,-1.3205590037066028,10177.520116875265,0.15699700652178794,2000
196.14447262437645,-5.625862921110505,7599.175640055865,0.07494319083575265,1200
205.0642580205477,-8.30503363603475,3785.718101442336,0.17957831875992314,1200
147.3581094895956,4.055874873094582,6713.357935280095,1.225128211125797,1200
232.04444090782545,-7.339479470291478,2976.922440738956,0.5300444401199103,1200
242.8800357773313,-1.779045128326644,10014.754106594919,0.08661477079180603,2000
177.13451755921525,-0.14269748757923226,7202.531683948178,0.1559730757016011,1200
196.40497600495578,-3.1935631480928737,8347.017804168985,0.1512832430448534,1200
252.61340940843303,-2.65100717900596,4374.525085983031,0.33009953920477425,1200
210.0770338622533,-8.104640652142796,7131.201248685229,0.0681401992853504,1200
190.42730619879077,-1.4535289558558229,6910.779966830555,1.6396402016685983,2000
184.8238922534556,3.056593813169393,6626.222691250909,0.1258764317307284,1200
145.26068015276326,-5.0807847565810755,7950.376730049326,0.46147231377064496,2000
217.65120038000165,0.1295087865667058,5888.67632828639,1.0045790563748318,1200
260.97577344322497,1.632967915371599,5161.113260460523,0.42459147727592705,2000
224.42859683375488,1.205558269505631,9826.336406182245,0.3319172558008563,1200
216.01284396813068,-0.8159854018804578,6561.167953840612,0.9683111284609357,1200
171.01313007890917,-3.995059415459494,3699.6347737964807,0.7398659615720901,1200
172.0269032005251,-11.891997070114947,5430.127726071807,0.2899708460758339,1200
241.8638584129086,6.687502391071478,7558.769788429632,0.4747892941681485,1200
207.87196405465116,-6.893403640168122,4348.970550299975,0.39861102237427476,1200
203.28680059458887,-3.6854868375226433,10895.844705531568,0.1052710325765723,1200
182.2380490336602,-1.153690587902641,8035.938025268512,0.29445687693802325,1200
171.89067874857352,-3.2860451664629813,7841.619454637921,0.5265245724639768,5678
179.09492662927846,4.950141351306674,6561.987743440935,0.08908803671341096,1200
193.9368377201053,2.6304877548950194,5873.098146739244,0.2037488271403549,2000
217.71678127472137,-1.8977007756024464,2830.415340849503,0.1383396349542156,1200
217.2101051423374,-4.61725840817804,7431.910493776619,0.1250991546488832,1200
206.3314097853224,-2.19178448116297,7653.007193151049,0.44768383306417664,2000
159.93988912678878,1.0441060654306935,5440.69641095063,0.028694854529734838,1200
149.1445148024876,3.8161956646613104,6025.861588690041,0.37135299118233567,4321
175.57741628185352,-7.9307838677824956,2395.8423421394687,0.12986960623117677,1200
224.45386350824532,1.1988390747480728,10911.444005153195,0.3864017373433622,2000
170.598460921741,-6.205044471387197,3346.3409964959446,0.35215062090637156,1200
204.87195930265364,5.154782664001657,5303.792470482311,0.0740667012063146,1200
200.84542986697613,4.780935246962275,2808.115312611217,0.18763337019399612,2000
200.45831115949477,-0.8022797847317805,4008.0182315755164,0.1964935497727349,1200
207.28688512279388,-0.05848780650868944,9872.961670101133,0.3224433974594439,1200
160.82843609797325,3.8440539811551124,3102.2049522712314,0.5334339600833056,1200
224.88755726925277,-0.29834973303121975,9928.62334388495,0.8256805950888488,5678
167.73253771596018,-2.6573665290577995,10395.719018494914,1.6620366997711773,1200
169.26058776798143,-1.8812675736140936,4383.674575120547,0.43690059263577,1200
136.79839973195706,0.8494026656800745,9838.286185470211,0.059277294242996034,2000
433.94044878804164,-4.0059109373939386,6663.172082108213,0.3923123145405803,1200
205.93349458914327,0.6929793435311482,2265.7288203972957,0.056226542330220675,1200
185.7003826011732,4.047406017148193,8940.419973010814,0.905406905560315,1200
163.53501118351733,2.6901273410104563,9884.008501357876,0.570362793534831,1200
156.71877244517,10.78774975771339,8614.365072157536,0.7846579279605658,1200
230.92618791899872,-1.8126542229885527,3374.6177910513543,0.5873741034506704,1200
194.5634974515529,3.8839884128390922,4561.251366473072,0.025871409868159778,1200
181.45737550613825,-4.7237315774208,4345.882867221447,0.3760130898684082,1200
137.4074911106498,1.5731429954571492,2667.596793773531,0.2999666976969397,1200
212.2586351325511,4.61369502340017,6183.49153824733,1.0294983250987566,1200
170.17289230373203,0.12138720336131471,9508.801415788354,0.08638092635299921,1200
217.25578480476327,-3.5399305451784135,3084.1160203184036,1.1292559894154106,2000
158.1643969885402,-5.235996885712643,10928.863447001673,0.12582092298861372,1200
172.23442883289098,-1.442680269913762,10431.918452716482,0.5150826900639945,1200
226.57225475732756,4.819676307275107,10370.367580204398,0.0523727745543579,1200
201.41446718862613,-6.888136998169839,7820.953707113349,0.23200440903231384,1200
188.86438592654898,-0.9450578330102116,6563.5632338149635,1.2397569905908545,1200
164.0902001672757,0.3326579861663304,6745.498105634218,0.1783390697329988,5678
160.23373799311275,-6.0549720577990245,5262.663590062495,0.012134676453907957,1200
200.7114137643603,4.085873946343003,3215.6561890443654,0.5881674082106804,1200
165.581589467862,1.7599802371656847,3968.1019668263407,0.5063815797841879,1200
229.5478521380834,3.3585337031027827,3994.4846195982745,1.3452213159022,1200
256.1710624612669,5.864135568835794,8230.076632976534,0.5747766159759199,1200
187.90709781536282,2.366780871859602,6805.868828887255,0.02314897875913089,2000
234.95335707787396,5.332775648488491,7743.6371668993315,0.39297244481967486,1200
199.51245047814461,-3.7669985104979906,9515.39155076773,0.7951815421787993,1200
151.75011171399166,0.8485151586809051,7236.956370761966,1.8021465397939598,1200
209.4635962827739,0.7631386168701659,3208.4224263156266,0.2011502749645162,1200
180.73891292282684,-7.989881456087444,2855.3926209047454,0.2624692741925351,2000
232.5878337845303,6.164838257579282,2537.405033599449,0.17399997771717265,1200
195.04067192279282,1.739135306917798,9826.667788905987,0.751526236203493,1200
172.27541834578383,-2.0627143715024583,9481.632937161901,0.18320279818045773,7700
190.9251520776805,2.9336884370644376,3004.3729285222216,0.1518225398528237,1200
190.016859080391,2.891639259361853,5376.013348805405,0.09063133830040254,1200
225.67614315681058,3.50804375062559,5457.4230631358305,0.1590954124997465,1200
236.11241186136058,-0.11916652260562094,7259.6248268380305,0.032430205661705645,1200
204.535378529937,-0.46327673669964775,9865.107718842388,0.13401149903404738,2000
204.1831844874797,8.599567310801142,2915.7045853407467,0.38184987756781824,1200
197.95481534111553,2.4193200582641854,5691.068242327008,1.6194772691994461,1200
199.74846044460608,-1.4445648719111057,6263.99210359242,0.48764239231035794,1200
194.37426800007805,0.1095732035013985,3580.8760719072716,0.024614311247765877,4321
155.4468432370225,0.7346293162151116,7268.87406269939,0.5423601691875475,2000
200.67019781619018,-7.1999201462427465,10045.423043911276,0.5642487927831165,1200
229.51130449041017,-5.711364068906068,7903.913831653672,0.11471835348482595,1200
238.765146842984,0.38050014956478656,9370.404237124878,0.7388022570137971,1200
216.51764264627082,9.977939327228857,3103.6369985708816,1.9856797683436322,1200
235.81567426247636,-0.19004881713809102,6772.882278924643,0.18786986404218178,1200
223.16346214294492,-1.8166098600934524,9520.12072860045,0.2896691705051862,1200
212.92292688910237,-3.041441651135412,7078.985242788525,1.946753687964691,2000
219.30719424726504,8.202688840772188,4474.76542422264,0.6534392233710941,2000
148.74905369599452,3.675399164978144,3759.5575240765475,0.0809972385650733,1200
190.1426633866055,-2.255279471401357,6985.508746593184,1.1526487171891702,1200
171.9139840036959,-5.459035867541459,3750.0046369350166,0.35022917555634325,1200
196.13022329797207,4.254599595902949,10820.212546114579,0.24844980796288402,1200
177.48234375592557,4.774716540347007,10309.122192110171,0.08681483960797125,1200
211.63581973452284,0.4119189777517571,9339.761730195823,0.46812560503833855,1200
194.5192606003792,-2.53316101277471,2233.069644527127,0.4677194973444454,1200
182.87247881233645,3.2458070675648893,5942.837520122832,0.9223782484119583,1200
191.4433456407184,1.68262042411985,3061.8888002878766,0.09212910535696509,1200
195.74052671584195,-6.51483784360999,4938.413972356164,0.39575664862892934,1200
190.28382114967468,0.25749711882096926,3285.871582152298,0.09871502896065185,1200
207.87453582747594,3.6267999022121296,5164.684799357041,1.2886396544812382,1200
229.95896029016166,-0.4669020043611872,2559.5308399970336,0.13479320768854608,1200
172.68925698812714,-2.1079333696213016,7218.963956465908,0.16507823562149473,1200
199.45323774206554,-7.130235235349456,6454.995295118084,0.27934276134914404,5678
233.60147088516297,-2.778107204062047,2803.523931347565,0.0061063157552335105,1200
242.6338447902446,-1.38592644494949,7278.2356688776135,0.8914037128891017,1200
238.95811030668807,-1.6888582036030126,3748.04891822451,0.3242320260413831,2000
188.4492158812837,6.2520665733654575,4461.247999459252,0.24642082757171166,1200
213.5324793452695,-2.132676113195569,6838.972174146332,0.575495959463611,1200
193.06548977995487,-7.745147969708068,10540.992859867267,0.05084187618846804,2000
179.19883128722037,0.8231240671740994,9794.058392211893,1.5442723187650378,1200
209.0540348030506,-4.455459296849378,6992.962910450829,0.3300124983792672,1200
179.9789354742487,0.016540168627449968,4687.32802018672,0.064141605793785,1200
249.3062443298682,-2.1558993840719394,2120.078718389198,0.18806156601046387,2000
224.61909237028473,-3.6067731451965055,10843.385929324419,0.040697350847206167,1200
176.81594140041662,-10.497103271172822,6913.495307332048,0.5918735256562484,1200
234.37699176961803,-2.290067939904451,6911.386378738995,0.6744129916155127,1200
202.4493100501247,5.735650044768826,10821.540369576876,0.6613742471197263,5678
236.2722142907996,-1.041792409338414,6867.344162565072,0.37696231998654023,1200
199.68821853409446,-0.4949101885719985,2288.0434427267433,0.9736070619748763,1200
225.20394624248257,6.048222582279063,5325.863225009789,0.6563195223415986,1200
168.86907866573245,5.6733658031791885,7541.343051181957,0.8183528019791955,1200
207.1887223089929,-2.3104235486234606,3590.035719320488,0.25337778519415555,1200
179.47646853146082,-0.27926993186642735,10468.809506419395,0.2343584245016569,1200
165.40459390552292,2.4318414949997758,6582.33593624608,0.33330496577049423,2000
200.86414496488948,-2.8965527873713173,9195.169387604907,0.11334441016955786,1200
223.34445666894592,-1.1600251813834739,8286.960054643485,0.7106625937088469,1200
207.6788031526322,0.5111724465735977,2795.087499466235,0.47413522276786446,1200
165.24560317922948,-2.2605955567428766,5195.062276548494,0.6242246211641931,1200
197.50373848020809,4.0626253911069865,8797.23044111031,0.7052292593049052,1200
234.1925923522365,1.9949054937769783,9738.339673173772,0.4312228233440363,2000
199.5566148468352,2.5668493024435732,8286.277270935647,0.06059944040979078,1200
190.81632470309427,4.082758703362135,9263.587275146609,0.4630350914378982,1200
264.6794885493533,3.6018861108244873,5904.549745027089,0.37056238530045527,2000
233.3469092730984,1.6300727781564277,4625.654580124018,0.08027960410090106,1200
198.787936916847,-2.5876088371704493,6493.658533313705,0.6763917001041271,1200
158.94223744809088,4.985930900741753,6267.311797198586,1.8637379393454478,1200
195.26473172390385,-4.099883273755866,2498.8244805724335,0.5575546844893848,1200
189.67369819894338,-3.472441178729571,6071.261279384511,1.2761205264017643,2000
204.98032256462352,0.993882113031126,3045.5251356948893,0.6158448507576019,4321
180.25906182998432,2.905145191437127,2474.420723729403,0.20540365079456618,1200
199.2145237789261,3.049663444605206,8749.525994080177,0.3468543209003171,1200
257.1550117566085,6.357975521403641,4708.07845757054,1.0794255352103663,1200
249.12337771853777,-0.14623005543171086,6993.271587448306,1.4530787511915104,1200
188.80944813890622,2.243955355306681,6859.746993901696,0.1341064437005562,4321
222.90772073813608,4.572004909730186,10563.398638553523,0.5440592593204737,1200
202.00548971191105,-3.6518770912973424,8147.666113512002,0.20977951720083146,1200
148.1040794607307,-0.13464802768429657,4259.985530645115,0.9709713019341885,2000
183.87559171446466,-2.111880543827658,10847.938194311831,0.13291267268008364,2000
219.7249855443263,4.1930752084878,2578.6558982047136,0.13101507018527694,1200
146.1479322024803,5.060895955791931,3964.724030880535,2.4139994840250916,2000
245.1724505856286,-0.9699968497873597,3485.4067167997264,0.8050419405792427,1200
244.0698261924731,2.7274834954682197,3616.143493840712,0.0066963925623028395,4321
176.63108682083202,0.4955140006058292,8932.166721183641,0.2681216952631993,1200
164.80907865994385,0.29186019005977676,8209.428937430626,0.4336994632149807,1200
199.39452852869832,-1.0397842108834316,2019.387764836262,0.566052998526219,1200
139.7756027354092,4.288416840881004,5040.553963933766,0.4748881953512865,1200
213.58627499955588,4.6912470958901045,8119.158624566201,0.025077025519136868,1200
180.06588797309706,3.3066349700745477,10438.86323678479,0.14759257981558402,2000
209.70359804719374,0.0762207744096342,6110.062193704127,0.9962787972410552,7700
185.5229521809604,2.694676989988783,8516.038005331826,0.21155441752564735,2000
182.10015795784355,4.725796252301981,6811.330912628852,1.0311067968254373,1200
155.07187025436897,4.419493799527997,9084.660562000125,0.7657861144816231,2000
138.55520092677872,1.3515478401619354,6944.327470028776,0.026890613485400627,1200
226.99580737300704,-4.301698832512688,4420.058223715159,1.0783007319804012,1200
193.37211410587304,-1.1557955003390894,4837.794709751501,0.518554424037498,1200
215.8428537192829,6.323205878825039,9854.372403971203,0.3636140862521959,1200
215.88312350936175,-4.65717461351653,9499.341270517396,0.23624835532024527,1200
182.18343487918028,5.550562596749823,7066.871351942843,0.6461563443731414,1200
159.0530440472315,-0.49720979524789005,7439.63823476738,0.5159291186312934,4321
223.36172698521136,-1.3698863149703298,4369.229817746111,0.18574374688448783,1200
171.7849660643616,-9.560782226451984,3562.2320642578484,0.0017209701024140788,4321
203.39548192728785,1.282296146220577,2035.8389798314033,0.7311400725746171,1200
231.57270016604863,2.9065958725638503,8787.339008148945,0.7475277798089238,1200
171.80022508757924,-3.2351526568749835,3925.2359567969825,0.045361596395682796,1200
250.85042633421455,-5.519602249040732,9804.565647150663,0.2703567206222832,5678
223.76997100479826,3.0532331950361766,10809.81019853942,1.0146533962686126,1200
184.57621161863312,3.2672252966177395,8112.467378985453,0.7002115994693758,2000
160.0845929389806,3.914950622724267,10474.42893913153,0.2674190242842633,2000
190.24215248809153,-0.2948496898388721,10255.31541936663,0.6300788382898291,1200
171.72947969026905,3.380944131476498,3797.9933250355393,0.3774244121111763,1200
459.59081983640215,1.2612778003365315,9840.79074717089,0.6770746281154426,2000
196.01735785423085,0.0950380933176405,8455.258030410396,1.0849533677414347,4321
158.61699508474692,6.506471707228581,3334.726119897163,0.396359346819141,1200
278.8222947245109,-3.0652333713793345,8716.053462732587,0.19923559182082246,1200
159.71487779162717,-1.0846736961264933,6361.490111123342,1.2648759727608991,2000
131.9539538293262,0.7764014169944976,2484.2657810052865,0.2556241310702842,1200
176.75962880053305,-2.9836031673734955,8898.465178361115,0.1949259953806102,1200
184.0583882070356,2.8578601410713698,9911.257633423811,0.3267421790590805,1200
171.2618932236859,3.7878848845663233,9329.469522339776,0.5273509292479632,5678
138.96582034483083,1.5516953024220004,2089.7572448451774,0.15414090545781392,1200
196.80924444984063,0.05498557269269587,7316.645332609069,0.17419040672527747,1200
211.0174492802464,4.0841681628760345,8126.724593297227,0.30492103489996175,1200
236.42961977469258,2.603304875086678,9906.997938088516,0.1332950347063423,1200
253.3105196042145,4.106524907598785,2749.4046862613313,0.1652132820179972,2000
185.25305749588892,-1.1784095051469161,7123.505471207653,1.1429457256943456,2000
167.41252369426928,5.978003108881229,7633.932605997637,0.18596685992868833,2000
208.403391815112,5.967400859310631,5576.19872696212,0.49697142812813444,2000
226.22720595367758,0.33552340591955077,10407.202030855417,0.7446151498829675,4321
162.57223099884018,-3.562670868932823,4695.763914751061,0.09268938240076913,1200
235.50376476270895,-3.3437925072279717,10217.59817022025,0.08890495768497675,1200
241.76477249154408,0.5352604902190664,3418.9380440284203,0.15144823859117815,1200
184.06013852860545,-3.379812235971561,10592.181438624582,0.16345961427118844,2000
192.7819733459989,-3.760588832357356,9348.076282247095,0.6795418795873792,1200
192.50185422384806,-2.962926396352923,5806.858378941981,0.1616138659040837,2000
188.70414507490347,8.540848105250902,5956.4529365221615,0.17464507079309596,1200
156.2237495039862,0.3349731084207225,7849.8474873319365,1.4334646492050798,1200
245.22974125006243,0.49908707271176234,7981.064322031308,0.48914528399457885,1200
223.13860140653924,2.5049596127070615,2713.38059770314,0.05424021351298771,2000
230.16210161156928,-5.145073901452119,6112.517631233621,0.6819134264588955,4321
195.5913580130139,-3.035227275608784,3176.612741445448,0.2545238895486635,1200
210.45965545940976,0.13901227914660852,4574.778353933471,0.40689103491535134,1200
200.68822137405402,1.7965889572662783,10542.319765667651,0.2383739633775285,2000
218.03684233039593,-3.9344615456506373,423.2881543842103,14.074901490553346,1200
202.56403858796762,2.4725815221007843,4854.466317580844,0.9148777565388746,2000
189.4611402809565,-0.40911153528777994,2644.5149154649757,1.1563151824817854,1200
256.01905373490865,2.653799920398782,7627.644818235782,1.324076683348945,1200
151.77682560645812,3.740909388330752,6337.110867785028,0.11911697780043434,1200
182.4301973438233,2.8401994039851814,2747.4557218749324,0.1019056218349387,1200
226.1515116661286,6.453583175916585,9922.758581284994,1.6047344254474452,1200
164.74883011557463,0.5635662983895997,7125.630074707252,0.22469666845275627,2000
227.36199256766295,0.5260937211799636,5325.566302682673,0.0029334602912797995,4321
211.52155834624526,-3.4131694088106395,2056.401193969533,0.36809335163491175,5678
180.61926817254076,4.203126740005132,2298.865998536745,1.120946029351812,1200
200.0007219000395,-3.2772648130681783,10911.511381435708,0.08169503377743745,1200
236.64609482793054,-1.0835435984115298,3244.857444777799,0.8397730154932803,1200
189.09741980607686,2.2448864784575755,8434.712690297521,0.6029170337086743,2000
211.5633012697193,0.1576462672518882,8428.294407838945,0.615884752142104,1200
174.95117632812082,0.9615223705426373,7681.573927399833,0.4859095252883379,2000
158.05026270378647,1.8713296157983426,3951.1318194063742,0.4695425309727117,1200
202.34204905169298,0.6967535334893157,4948.2380440948655,0.51425753207964,2000
197.4608181063157,0.0750280853210808,10299.02111065752,0.23175286061178713,1200
209.44072175533253,2.049395436494843,4168.898574908267,0.1503087846214878,5678
198.8992176820045,5.070792796609266,3885.100367995237,0.02204053252117438,2000
197.12218574021867,-0.6930563393048222,6832.214132399427,0.42533477331855757,1200
210.87095956028455,-3.762027275546135,10524.897963239657,1.137636458962601,1200
252.79135984990523,2.6486464365009215,10924.052071894086,0.24111484550737822,5678
183.7056143683181,3.5395410017739386,5258.9805338103,0.29599459760619745,1200
465.44107929058816,0.47359748791079687,9675.28260373546,1.0936767638988125,2000
234.9225770233424,0.5471508012140297,10522.172407064558,0.24377646525044463,1200
214.5126009723129,-5.041248664682974,6073.4866034891165,0.19196987026680828,1200
170.56460699543692,5.206097315754297,6773.901174079108,0.7344318696370634,1200
166.19298168735418,-2.887907541299968,9839.382756436724,0.05928117271907841,1200
186.23995762057606,-0.4511209676246425,3548.8419222005546,0.3434164333485462,1200
186.83448537328587,-5.120750033564924,10339.386498037764,1.2492146120336443,1200
180.01410034809436,2.8368181099204275,2633.5372011875897,0.11330497433914001,1200
190.86374889635786,0.11206929475450172,7670.365791850116,0.8286348238112814,1200
187.48698736421835,0.8330505347954419,7188.359280221835,0.15759899458299267,1200
183.92772969867448,-3.5079843224832814,7092.4515097073745,1.4424447022833038,1200
154.1040883959433,-3.4720490509707433,2206.7759843055037,0.786788767310774,4321
228.7677666022504,9.338808299076328,4294.813229881298,0.044989080128888595,1200
164.71132391599534,0.5138949721290197,6628.310318088879,0.6238138485261984,1200
187.54061547517944,7.174934185544168,10329.306081843237,0.2772436343758032,1200
164.36960863807906,-1.7090374133026118,10286.432052711572,0.28823097409205106,1200
196.32814262428522,-3.1987151733757337,2710.2611305429,0.35324888075933975,1200
201.54528573438992,0.13895377611924947,3220.9704984333966,0.139983319652004,2000
217.77142737969206,-1.0806736183562615,7153.418799148626,1.7002373549691023,1200
205.63356590105326,-0.7427564734561017,9262.870514033597,0.3212219806705867,5678
159.06220355933948,-5.004407037501498,9200.606995738348,0.34818545239049037,1200
213.5888152941324,8.277938237903813,5228.694720104795,0.5313386963031093,2000
217.10467675288828,-0.5741637739938545,2161.70217494234,0.11116061334007696,1200
216.29169952563282,9.621928951096214,4866.767777831965,0.1331764341748022,1200
204.93281852128237,-2.5066467627896722,2084.915655042555,1.2520892966629273,1200
181.15589012440776,2.647077548651913,4236.156702649554,0.20900023116668867,2000
241.24018135264322,1.6143820157119653,8422.308946263942,0.21184144158347665,1200
240.68777727139738,-0.9260976150244735,2046.7662813962957,0.007262349257565309,2000
189.79399872031698,3.5829506054459377,4328.05448743381,0.11424239146651839,1200
216.56509064777092,-3.059101831967702,7784.455478492798,0.34148440467713415,2000
186.70714144880134,0.2956433423515974,4194.75124684199,0.6240696624340997,1200
186.75970729991042,-8.05844817561041,4384.306023422903,0.004573235031331516,1200
208.8134073905169,4.39279842876415,8808.993242254617,0.7019307268045524,1200
195.5834829354102,-1.946841352925795,3554.1608615252007,0.783380638622116,1200
147.717319566096,0.6566905272391906,8486.115018780423,0.12370924347034776,1200
205.37926698512882,0.16226794736527705,10356.673539966774,0.013655880157291304,2000
194.23343338226167,-3.771399438369299,6391.525352485846,1.9133410595076221,1200
263.1687756044732,3.441902606933063,2868.003874463639,0.17516898669498124,1200
223.7627246223063,4.752813304161638,2691.815452902444,0.5167930249688941,2000
200.01851320642606,7.232360276378132,2978.7182257991926,0.1842392783375971,1200
201.76911945556813,0.17878037775082964,2355.8845508171885,0.1437534980570277,1200
245.57494740133086,6.527623796401635,10601.9478676125,0.1998936395537225,1200
198.17358911646625,4.406875718436128,4589.375245407974,0.18038044770013456,1200
225.61254945882493,-1.0560500882627988,4138.170391921466,0.6158657763121763,1200
170.34088880022773,-9.949453598530779,3364.6087163288375,0.5849701101009291,1200
222.09025847416842,4.147268791847657,3700.085034210939,0.47918977471607765,4321
200.70958792496327,-1.5655363537867608,8579.38719808246,0.41778583008667913,2000
190.0664034328839,1.9444608440580848,4243.146890520681,0.2349204375896115,1200
163.90496021395467,-2.3610669060241305,3411.995188959107,0.5524562671180073,2000
155.90900048034763,-3.0100840712046364,9989.363736081432,0.7632994205066256,4321
163.9259004459754,5.624660797421683,4942.027080673393,0.18354691093827016,1200
177.36336704659615,-9.451775281663936,3336.199691435915,0.1396762207657899,2000
219.7963291585636,-4.228283434344253,10769.683567766053,0.6034321417299643,2000
124.97751595398093,-8.693404752463364,7585.213292088784,0.4085654351054956,1200
209.54680259765314,0.2993286339617409,6535.84078043522,0.6559631948299165,1200
192.88559636672997,-4.227652377681498,8033.155233391507,0.048622797387951305,1200
240.1246330722793,-4.849557931447431,5251.263920917274,1.2349206472235676,1200
223.02869114823005,-2.319283337432977,9159.229214503677,0.24558652092684044,1200
196.44827884382997,0.8182757351173789,6370.977558152042,0.5719027434872446,1200
208.18970262703533,2.6077365696961228,3444.481009942023,0.3556688995624049,1200
248.0391933727916,3.0902081795920617,9310.434926641112,1.3456820224264152,1200
203.44180247559,6.049953202287108,5031.548703263525,0.5454957198382107,1200
183.2439730583058,-2.795767679431963,7596.031183771238,0.15835243876001667,1200
192.05814308079056,1.7922920642345594,5112.145940047695,0.0305746896257151,1200
198.08772897199083,-2.5047303629153457,4723.658284465357,0.02554760881401181,2000
183.05713308932198,-1.7209138454529496,2043.9719213769408,1.7168204877098898,1200
229.65036873339568,0.24213144383784715,10175.230432107583,1.008444450546431,1200
141.61582221860812,-0.9602010636260487,2467.4688267278325,0.32435077988799194,2000
231.97082154895506,3.797613696224633,8459.711145209396,1.0771936392904318,1200
217.57827367500832,0.09768306816500971,7499.523865972014,0.9830794334650442,1200
197.80979981700432,2.8983485103177924,2211.6908067078743,2.7016612688440005,1200
168.79992313884867,-7.403383036159424,8404.088962366472,1.6331532399445416,1200
145.90067841896217,-0.3532006435317448,3804.426649941771,0.5822409804532083,1200
228.532273714396,8.458789393872975,6272.597511333918,0.5868905162694567,4321
219.23849776727064,-3.2312849063620406,7507.445074309849,0.38185106048138806,1200
205.30312581864996,4.596072698328499,2274.4142944300615,0.15661073717376356,1200
234.96805276977256,3.7428958636094447,9502.896469283885,1.7091361188120575,1200
217.0600119683622,3.223254560731937,5775.265979812366,0.0819274731419674,1200
240.83880587024487,2.5094778774383353,3193.993769014408,0.5847147942714129,1200
120.55896141709741,-10.844559244465001,6030.928354192121,0.546498224827804,1200
204.44676737297272,0.9336592462092193,7036.348987122054,0.07209564704993386,2000
205.4345309883048,-5.728172693311143,3473.1671621504747,0.11032777296772535,1200
160.67833301890653,-2.5692083405572617,7545.596870276929,0.2141185151802327,1200
158.9964600915361,-3.723469319793082,7382.36932739821,0.24280191533177253,1200
187.98388756621125,-1.1888157431154833,4982.81553790834,0.836468579767411,1200
202.4324948067702,0.5214177646733065,5703.202531947645,0.42709046304718706,1200
179.9825977567159,7.4129361505949225,6851.170239956676,0.08355045436659243,1200
237.17711788845634,2.252921800434143,5223.563829896678,0.4045403885260863,1200
248.19702808273277,-1.320117575977674,5955.460756552377,0.26180771030548683,1200
166.59048715469186,-2.3140857473435337,4720.355646319649,0.39588220441251815,2000
211.0022356700203,5.990994725812165,8318.677356609092,0.05429099478733339,2000
255.850250872166,1.8008371825084348,9270.995143567507,0.5414302927208834,1200
196.41042151235672,10.13825431812804,6906.873035997175,1.134358046604169,5678
180.3733974466777,-2.574940911758966,2250.9129306040913,0.16658368121527042,1200
231.7559407750857,4.005170399104704,3129.3167402862064,0.9808382854760234,1200
182.29350645798672,-2.232134551098102,6958.794882736485,0.5130624337679008,1200
195.739495352793,-0.835901191519446,8428.180484676172,0.17411085307112337,1200
187.17536707509322,2.7367418831940156,9658.662691021254,0.5095000212748962,2000
203.1385496614206,0.9677015671606218,5145.556272679198,0.29419084773151283,1200
136.92247337066286,-2.670736445889903,3472.4089612828493,0.2357578587279524,1200
213.67287536874002,0.7412652057313184,3725.924505018666,0.05419526906720058,1200
191.20194786150404,-2.251136320288899,9004.81180071789,0.04577639100079494,1200
202.41121531622736,7.898678812597911,4567.476024184421,0.6685254319947429,2000
160.99571820819295,0.7286290584158894,2518.9172144665185,0.03795063119178626,2000
192.89739769284074,3.5168673990196884,9784.657895844475,1.3393124490135435,1200
199.28696703985463,1.5249568108511289,6771.5908426449905,0.7590222740304097,2000
206.35615914710155,-1.1831205627971426,10867.008660514588,0.2238157761106433,1200
199.98150148157382,2.1734276400698676,7028.658786600269,1.209615501383244,2000
198.24267042539216,-1.0644844607610777,4103.6084030663715,0.06135866185710042,1200
221.04306381530535,-3.0587617556001394,9093.328683101436,0.115422536909155,1200
231.89511622075344,-0.05047950998260526,8356.002701454518,2.634086666822188,2000
260.1910688853352,-0.2091298680817153,6808.7896649830045,0.03195863648730015,1200
205.727471486033,3.158236462612131,9334.690809973577,0.2773301582997328,2000
180.21277106988921,-6.222084086347155,9184.103176969678,0.5931981072403772,1200
217.58209683029952,-8.118786663173191,4062.82295192072,1.2134679447366632,1200
219.2891061140207,3.2337095814462535,7904.867438288147,0.13689308140251244,1200
190.96447577590047,-2.6106028534369052,4502.970556300769,0.41101331856399353,5678
195.81293263282095,-8.422722140876415,10018.958236801273,0.4554934031419075,1200
200.33583976997812,-8.047180183203686,2789.635869128857,0.028891320988177042,1200
218.78651493672984,2.9106350238412313,8886.570390200577,0.07874911242712586,1200
213.67931913239735,-0.8592489758497591,3703.6783895855124,0.03886097987478176,1200
163.8609613199518,4.068535891092087,4692.475922444271,0.740306051219604,2000
228.48116577331456,-0.8600443591197614,4330.306967688322,0.07617350428291574,1200
190.3451038898658,-4.3779442574733025,7613.177175457119,1.0322360399863206,1200
108.04215597419577,2.974798900300883,2773.0808722381016,0.12529431566502314,1200
193.0078026168139,1.5297197284419661,4135.275808063181,0.008615150890988073,1200
209.64333893723315,-3.8182894849904567,7937.4679636256,0.2506162039456688,1200
193.05669792376452,-3.845755467283116,3655.2562105654324,0.7468324588215062,1200
204.17328746135914,2.171496691429509,3349.5282283702845,0.2751281508780285,1200
198.77827690894614,58.99695803230335,10750.514412794177,0.11858161265263882,1200
178.40326309551838,-1.7814598210427335,10690.904721908732,0.4189963465312725,1200
268.52949880277026,2.109858755612003,9763.16579434081,0.3106795628997027,1200
173.63521187671424,-1.8619835112349492,2318.661093925877,0.2138336606587218,2000
185.3501480707572,-0.3031460544342697,10006.78957978565,1.5914735508891615,1200
191.63512511522694,-3.784328887693553,8358.977432589269,0.5385376023538195,1200
199.4094507136543,-2.6147091131316706,5826.864277257937,0.13850464840163218,2000
223.76675360122502,7.546241224508313,3241.4267251859847,0.18393242072171492,1200
188.043265021149,-0.9871255033475732,2575.5741138748062,1.1228749426880418,2000
153.8176335399606,1.8120016736068036,7389.877935199661,0.7381015440795912,1200
173.33243799008045,2.116462011435901,2120.014308357496,0.3251364948328386,4321
196.98553883585978,4.00823518263845,2910.1993733849167,0.4440816739607669,1200
216.23699159439326,0.8666725777245516,7059.452007503409,0.6827287877814594,1200
210.55947850797457,0.5605790684098587,10577.49040347033,0.08561715295666462,1200
210.0204559615373,3.7046721335218895,10641.630641056423,0.005978094301618221,1200
240.3021532827721,-6.441616863064666,4674.434550867953,0.03208529847966339,1200
228.37177795191482,8.89999135839664,3981.8595274991058,0.40008445712054663,1200
207.02677500212906,-1.40757606411849,4441.004204024606,0.06952266793848265,1200
172.99882601665206,4.447586859543191,6549.641913467409,0.037194364608756754,1200
192.17284373367255,-4.704484677354905,8975.420976317277,0.004516387340500908,7700
192.034335334781,2.4490455290267645,3479.694673011756,0.25889356520409285,2000
278.60004003606133,49.096873893271614,8013.838583096868,0.9411760558516958,1200
284.32020721228173,1.3997673328008995,7063.514731823367,0.7266965197111694,1200
232.00605794049545,-5.6287951748845035,6577.627549336526,0.7957080826448415,1200
229.4342657685488,1.518395482632627,9341.230313066546,0.20571865588752586,2000
191.90720939828017,6.305860959165753,6979.312683646073,0.451250859803767,1200
230.05786134643995,4.781541024482419,5135.719983852808,0.28286746488673514,1200
220.1523696313266,-0.9882124397777016,10719.932756650982,0.4079906958066102,2000
182.17349981147584,-1.6503060433720094,6489.1457991548305,0.44943302579228955,2000
217.8488301797766,-1.5046790217298682,10723.599634355724,0.252994281719778,1200
202.7298004726574,1.010122162268289,7267.548318494906,0.4328951436045418,2000
199.0471397422857,-8.682919925691616,8741.934866257423,0.020300159839051177,1200
220.07006563341093,-4.837457594231375,7905.546807248678,0.8906055445396406,4321
232.41920178934353,8.463830854735663,7397.385849986921,0.003739319467174949,1200
244.56424525615253,-1.173159569996355,6873.6118819615995,0.40396264871241855,1200
209.82949624325934,-5.865518495218,8532.529523891579,0.4996806152844595,1200
149.8062796119052,4.393427901742353,9187.210754846988,1.777908808636452,4321
168.6311718607972,9.658870049242607,9993.24715171574,0.04931193028900437,4321
195.54059694952397,5.191950775741314,3830.0558405420215,0.5648863561464224,2000
184.0945828158296,1.7617424223112481,5777.723674218262,0.23579828406596484,2000
200.66925224647935,-7.697914944579722,3105.6521235598184,0.21902730563875591,1200
273.4250471978984,2.8623078906129313,8618.198919445917,0.24306376070593302,2000
214.56617952003091,-1.725208472684319,4166.52247901447,0.8931908237133436,1200
189.87565357584108,-1.4482342889348916,8615.51061683743,0.7020913456405898,4321
177.03026065459255,-6.233442470040223,3025.546536142804,0.2745610412830914,1200
190.8600342135818,-4.467744358022307,7695.427229630226,0.07141626438287316,2000
197.75523613094475,3.195513622239648,5553.525905753586,0.16571331127170635,1200
207.14367664009043,2.091441465657277,4041.7173081510346,0.5495335602005532,2000
181.57300941102002,2.1438115508691507,5976.335920523174,0.30386389514727347,2000
164.09529441795667,-3.2105495226514935,3549.351877283003,0.3030534371178428,2000
233.94448116929766,-0.507962994918988,8427.15693724963,0.20668193824827633,1200
235.13443906441495,-0.2057227082568855,5425.092874426504,0.652573767187666,1200
205.91117598409215,-3.8102938533706765,8969.757030220155,0.16184629782221732,1200
233.56327159768205,4.8173388731639575,9941.376124339939,2.0933639178317343,2000
176.93597425348483,-0.39686129814159815,8817.195066243452,0.013058551798474009,1200
204.4255393442001,-0.4415109333818482,5691.424249722462,0.13246897459987644,1200
220.58918842120661,-3.2190988180604787,3100.6946570833916,0.6878271332730999,1200
238.5551838413366,4.401992412696829,8833.182608132265,0.2676112883642744,1200
192.10955632378315,-4.107000290619842,3225.814041844974,1.146976008218886,1200
270.5504184708276,-1.2055925120067383,8435.14621072813,0.25332900426041477,1200
216.3094718054552,0.561555536496675,10414.834462575995,0.251813780051023,2000
168.04749488363078,-6.223097958036395,7731.730654486326,0.1039598409130073,1200
228.50105322131694,-2.2837275665876344,8046.738051184938,0.14128013463307498,1200
168.95244069612312,2.674990101861886,6162.346586372638,0.5963378793449241,1200
172.22122183573148,7.419475870712684,4177.273853429673,2.2242510344143853,5678
197.74534436584477,9.637867615733342,5803.824899563553,0.05305428221483078,1200
203.91669921271318,-4.089127218063013,8681.34472718831,0.9061985010720282,2000
196.37009150804508,58.962168668876146,8996.301219007037,1.2108992882775522,1200
187.92083539708236,3.7432505360166117,6532.193981022678,0.30663861912393015,1200
188.35548716626772,0.11363838596285919,3444.5929758736,0.6381750640342542,1200
163.61399452092814,2.8729511142597532,7914.881168021629,3.8804775001249037,1200
196.6739088956864,-7.8256207772038815,7644.5290445577675,0.6064644708594558,1200
197.28499853428426,-2.1607994275897475,2565.9705325402388,0.018668910509255118,1200
252.94934451947717,-6.388392089898104,8677.115957730864,0.13017147927382486,1200
150.07512006362583,-3.2231071727937852,2906.537850328276,1.2651646022257181,1200
179.1326622759084,-8.913709954240609,9439.48002931313,0.5629688305887897,1200
185.43002692149742,-6.591148527300019,7717.42367473515,0.14783118945338147,2000
178.42195646950873,-0.637952532409648,10542.316690014499,0.44851005134051175,1200
221.2052035252654,0.24674852187298435,9813.96303755874,1.17879034707431,1200
223.01875965291327,6.222326092962648,7529.938029853334,0.8404176739243042,1200
235.28798029192922,2.3302074114053495,3707.2385820128166,0.687574377675216,2000
256.00489142922385,-6.629572668171943,8371.246270899917,0.1329590492788234,2000
180.71962599818556,-3.1257596987645395,2766.829294886939,0.24767279220287425,2000
200.21862596888076,5.7816458335416385,2307.898826895413,0.0029940727063874385,2000
208.27072992827226,-0.9650381412105001,6369.290705437312,0.5664705367259503,1200
176.19196549061704,-5.411741629160239,6981.904661498129,0.756555072392995,1200
225.5780998709186,-0.00970394760614359,10756.893681075313,0.08539975377422825,1200
201.22518332777537,1.7611938552461763,3310.746423495866,0.6490006911575785,1200
205.10071377695553,6.277900135467176,9226.171231892888,0.5584948960110214,5678
237.00680085095814,2.632105445099708,5837.679277440257,0.0305654732572081,1200
137.7935362399168,3.1707391089651966,3494.624768776702,0.4549924319315794,1200
196.52169273340985,-10.371296908192647,7135.602234055839,0.18255543054356393,1200
199.669927859157,-8.705471808875382,6132.588688341948,0.18157665810572576,1200
180.63422482073793,-2.396119440090108,7131.984886441402,0.47981646692903107,1200
213.8121857044327,3.0000831624699553,3192.369809898046,0.32510936161030046,1200
151.6915290272362,1.7235850867769131,2618.456672524234,1.438879145326116,2000
186.4524875575752,3.8568282237797593,2194.9936048496374,0.015695195218225193,1200
227.16225269954413,1.6846838866464995,6016.890287320017,0.04669833414943309,1200
190.5096923740359,2.510098658684394,4393.736332510881,4.258071997003156,4321
204.27378501306248,3.673693538116578,3346.61995156226,0.865866362639914,1200
191.60218917686026,3.1763053923447995,4335.639977936826,0.2801409876873255,1200
205.87738017172495,-0.9028115085571862,10272.548609388761,0.16995767190995917,1200
149.3594787156941,-2.961179364866134,10507.877990304576,1.454524098262114,1200
202.4672668826311,-5.959836580439122,7889.7945857234345,0.3000415628122074,1200
208.51214360203537,1.258616481126405,8586.549497754248,0.05844823570080506,1200
196.21552046775074,2.9709717353528826,8979.785201518167,0.010721308175906656,1200
215.9848177229527,1.423177081014883,9355.713668352859,0.19878280656442956,1200
164.7793410318685,2.6704988618191807,7147.767954073922,0.379891039284608,2000
214.10592603934802,2.078880654486067,8933.075474906442,0.0922601962379502,1200
214.35458014065904,4.118155607614052,8436.329386973055,0.8679517682582102,2000
212.82187713585543,-1.8995460567978644,5112.431879824944,0.2025035959293456,1200
221.6418705356695,0.6333066931890731,10397.383700141856,0.18952925254607847,1200
194.2614028798633,-1.663085732106287,5335.648852887158,0.9364039421558965,2000
212.86193318432757,3.0190823651047674,9738.806565031342,0.2026957469357252,2000
199.3583239511681,-2.686814563846462,7351.320309744204,0.17205791268476464,1200
186.00787764036374,-4.597363210281274,3730.4846884297694,0.2609814916240173,1200
177.22058909599548,-1.592982236986452,9104.689868057387,0.28012700154315334,1200
187.00341327331233,2.742362310979073,4005.3212676125986,0.5333233167416268,1200
166.56191860388822,-7.291977033630962,2793.0099140098882,0.5548305617844896,2000
224.79582088951443,-2.907904465982577,6721.391029900398,0.4217154137329858,1200
168.9367653629661,-0.2844059395868124,6692.962497019593,0.2976301205820218,2000
124.45747630479492,-0.6339078587912279,9965.54957367689,0.34158331623574695,5678
253.55020404140538,-4.24611417183463,3787.0566538552903,0.666706108367287,2000
239.22163220376623,-3.5762547546835384,8946.520021381095,0.11309216368046296,2000
232.78824685498887,-0.7723524165106724,9218.312021919755,1.1152438287614608,4321
188.91781006294136,3.8877915619951087,3924.115165805806,0.6721923195287831,1200
156.40484173762243,3.9201771651350596,6399.677968908982,0.036815810916162005,1200
238.5588227456119,-2.1192925417021646,4663.155060189705,0.3591784569315793,1200
198.0190438587693,0.38748808657968464,10793.585268152936,0.3339058039341865,2000
195.35514442587436,-6.421758429235866,4309.157486269782,0.6836240653196203,1200
190.67648800739204,1.5592279960082704,3795.52257921219,0.25445620590331364,1200
207.6665300208166,-1.133448530469564,5833.5370869859,1.0314901738938713,1200
149.55997294873964,-0.3435119712846241,5916.253021160663,0.11754173706822305,1200
140.8563864023434,7.622619654479578,2385.411723388031,0.49969762690565456,2000
213.56623548318157,0.5749964735515046,5914.307606301835,0.33421452367170074,1200
216.80864874427192,0.7357772588537457,7073.488723480746,0.22741483547388128,5678
250.17376074128384,-4.1104486287653295,7842.180168443292,0.5007007991693886,4321
195.23519977458614,0.2382302992210235,2852.503091342918,0.7902732057760278,1200
202.55458923167586,-7.715731697118057,10027.451239239785,0.11252537764758161,1200
201.0413329148414,0.62239972091501,4621.693797823748,0.42972918064280985,1200
190.8039578572856,2.807110027516981,2498.0517823455584,0.16177871595007232,1200
183.26671715843773,0.44024192190665734,9841.031922787046,0.5860181935083245,1200
134.06518560268378,3.5010970284414773,9393.651620193927,0.17877372421993878,1200
209.03182583225333,-5.7830041026301275,9571.068113254703,0.23395138641389843,1200
178.2375461133005,-0.9169484100940822,2048.764465126898,0.1243662141208942,2000
257.3986180262072,3.8567678382470154,4385.98501219193,0.8374677089919891,1200
229.91106124766912,-2.8059344354616735,5567.161588646331,0.27596844008154553,1200
182.3618621759132,3.0691175717869226,3966.869267407129,0.0686528425233183,1200
226.1171462553462,4.534065631667436,9036.882538377693,1.137314531791115,2000
180.72146227268559,-4.011658895333495,3532.37840341471,0.18058267846600903,4321
179.84926487571641,-1.080246541687884,7910.201366686931,0.307913143336193,1200
187.53221316120298,-4.918017773304227,3995.2384674244463,0.07015014529910686,1200
208.69764951412878,-1.866475920515868,5613.652406274459,0.1228944769910739,1200
263.3255360657791,-1.6685715695246857,8960.505925034444,1.3234438530070158,1200
197.33492939142357,-1.1601271111889566,3447.8644563702196,0.22623292574465115,2000
196.36797177542988,1.6040656397553674,10132.331025411437,0.26536417121978445,1200
208.8924478037171,-0.26419586805013195,8053.179205311627,0.34650358367271866,4321
236.97898771714137,1.1803723458563518,10573.010601509226,0.5489126219714804,1200
245.49021782372358,1.5350396672215005,7994.74711439533,0.16895768146956272,2000
208.9430666221682,-0.8904415177788786,6099.9145464074645,0.33841209471545314,1200
164.5224830530421,2.0510095179052787,7160.976081556205,0.19359079403631035,1200
165.6565428505968,-2.6591958049085345,3376.8984567713915,0.3822279284472834,2000
167.32148927353805,3.84108999835511,7069.224834970269,0.5134758492340388,2000
189.82377848268226,-2.3185062966604586,9323.565936303257,0.443879260305683,1200
176.69972690985534,-2.3097802571887573,9322.560843709094,0.4946424352047568,1200
265.75094392255914,-1.0167981375013657,8458.15348076151,0.009982809054303083,1200
229.69771289294678,-3.354319369270717,4718.179368115831,0.7728497935351064,1200
251.46247595213782,0.36703210266136044,8045.967124001375,1.357815509024055,1200
205.66677458372385,-1.4776768082413754,8841.150197143877,3.164125947439535,1200
195.35118158239783,3.307255977688478,7014.349727835988,0.7923302478126258,1200
189.41310331973867,-6.4712435259905945,5283.16646868561,0.02551034392023801,1200
199.75976782682687,-4.061756266193144,2823.14090439074,0.9368949919364382,1200
199.16907713865402,-2.4731038022273544,4307.781006890749,0.11573412369122223,1200
208.2296830908133,-1.994167844963561,6333.57387690837,0.2495238028213274,1200
210.93230332253526,0.1581214036322371,10437.068793284827,0.1606735378007571,1200
233.09945612648298,7.874354400174491,5039.853602063504,0.9726112273490228,1200
239.86775648352054,-1.6463533063048643,6469.180403752421,0.1209257535071624,4321
191.46654371336547,-3.4960362158831177,10795.758270558088,0.0011445705182932223,2000
132.42103128388277,4.8070867070175005,6912.108607803,0.7130606974530057,2000
145.40647928264121,-4.207364929938116,6616.367127727112,0.4432921256493837,2000
224.3090548999819,5.380223779453041,4824.146339932566,0.848229514195101,1200
155.91768259305303,1.974305517532063,4293.808871339181,0.3482885181268684,1200
243.93599481089518,0.36651038606106273,2298.9851165438877,0.32137160122011926,2000
215.2089482155227,10.57367548141883,5508.726156436118,0.5490879706636629,1200
168.01078992248256,-2.9655374203511404,7928.0684925833,0.39175586698598686,2000
184.134147804325,-4.618489126968768,7892.281795658671,0.31771715975831394,1200
152.09991152572513,-11.286222800087652,8413.53675412873,0.19569933806942344,1200
187.47063290002265,-1.0506902306342443,5546.45339918129,0.04037946017114534,2000
167.10689615312282,-2.507708770139458,9149.45067000248,0.9240379452987304,1200
148.15453836289223,-1.9524751823966933,9741.170625101484,0.4823015723213557,1200
216.89298188121933,4.24044555981646,5748.79250638253,0.6575459499197053,2000
148.0756729834805,1.4454589859764475,9755.339008408202,0.28090759886467603,4321
172.3293451721067,-2.964527088020234,7376.4446703032945,0.020367139677554887,1200
229.38896846021098,4.705860556678017,5541.036369227168,0.7997220004087162,1200
154.14401412555992,1.5663351541553256,9446.575072616568,0.23712283460928063,5678
148.4081161472258,3.9169273751770466,3992.2925989039386,0.06416571427056468,2000
228.10805521530048,-3.4315802776737097,10661.481253573469,0.1742844584040753,1200
252.61304913124746,-0.3378664254976207,6524.472284351368,0.06927210286436597,1200
190.5041138345704,-1.5243627782452152,6803.21146397662,0.8403246987036099,1200
196.39062746519176,1.5574682133086273,7661.433742123164,0.10347319771371216,1200
226.4260490038678,7.563208712484914,2643.3042064737883,0.5576520423754869,1200
216.5762791756523,-4.6205449015946956,3069.6807241787524,0.5717281111809994,1200
219.4678563686751,4.174989495547751,6436.616530253927,0.4435461156183101,2000
254.93525905072698,1.6277434851044585,2558.2043658375164,0.24188592128088957,2000
198.8559929403149,-1.162691441138899,5194.595880499453,0.22993395357976198,1200
212.33209335271448,2.2498801050577373,2258.262926097012,0.04144700643913723,1200
150.28940582103155,-4.86682876682438,7229.6340295083055,0.7860712803527609,1200
148.33442955804227,2.0789112541862145,5313.731124460385,0.44813570225910127,1200
195.4604074586936,-4.119764773923258,7065.992878309164,0.38025995943688057,1200
207.94916953390253,0.03902224141506184,4806.640868538705,0.06357398818833598,1200
168.415941249389,-9.239052410143847,8694.488239712879,0.2998455385650845,1200
237.51550826673,-0.5501464234283019,6602.712707810635,1.1363986842054379,1200
198.18799633239882,0.486174086356294,4711.162065780774,0.031513716452703615,1200
184.26347200966325,1.1651541035218238,7704.257808308292,0.503705642519861,1200
186.01879523668848,-4.31744787956134,7768.099414228934,1.088739253893229,1200
207.81471749337902,-0.06406838743084388,6345.099882007748,1.0591252152151014,1200
196.00426808611448,-1.033155943330346,7250.093352432821,0.4470548763318387,2000
205.93850972577147,1.7618089629558134,4598.362969189535,0.012625778437747247,1200
249.01150967251704,2.3344896788205345,9015.538682002427,0.08276101917131701,1200
221.1232660935908,2.0378389409595825,4566.871791533242,0.5937931513778464,1200
161.54108600105718,0.5626071756249827,2723.7321338154884,1.4814082047874975,2000
236.27865550231144,-2.2823595530049805,2718.4521620313094,0.6156658475095417,1200
175.075265823177,5.752811235992696,4690.992622756981,0.26213385932597155,1200
201.43117289709565,-3.015668707174083,9555.068585951514,0.33913440110896087,1200
184.03904610230353,4.995982896619,9137.97962478421,0.35344224823240966,5678
228.30144575961702,-9.692348819626114,8820.94752388508,1.5643875153161573,5678
256.0572547778753,-4.467683530006464,8629.407018854192,0.10915821620223194,1200
162.92783283216082,-1.5520459988963433,10423.056630299152,0.2744780140618512,1200
201.00920567228135,4.470298873282074,9074.613399360176,1.614850844811508,1200
184.21931138835583,-3.443103785983431,10289.198373639603,0.7183365254181451,1200
232.65320950603734,3.1016488800578257,5586.146695230384,1.2048621762601854,2000
180.23492931251153,0.10053660645501258,10585.927521070378,1.1822673841526983,4321
224.63662059754276,1.2440086706367863,4030.5188074407856,0.05337435411284597,1200
235.26911502990163,-1.738200584388822,6108.351593242129,0.31660737278947093,1200
184.6424811452135,-0.7231507443413302,7728.520027480377,0.1834705017807569,5678
213.05498705372023,-1.9940933256076292,9084.993573765743,0.6131351496534289,2000
173.9861739780352,4.713452562681042,8241.090040654484,0.4045814664540684,7600
183.79241356312656,1.9797514067132962,4703.523532768742,0.16293124840953072,2000
183.7444227299474,-3.791031060231157,8842.032705104773,0.10315113566468666,1200
210.4650256715794,6.116071908657452,3963.0286983687656,0.22608136201011292,2000
200.7991475823294,0.7107748700217164,8917.725852673104,0.9569364359095727,1200
177.44404477563313,0.02747737999606123,335.1988529869192,16.8418799930751,5678
217.87218694373195,-3.226337722755541,7488.262554607689,0.05257625855443021,1200
215.6282479563635,1.0357690122226704,4549.68354168286,0.09986130697972105,1200
160.22259847921146,-2.279024487677623,4237.843663402049,1.350334076645501,2000
203.8977413078019,-3.878971893366312,8370.977130338983,0.6382147950629076,2000
139.37457761746646,-5.735225672277869,8558.337561164299,0.11836537375869552,1200
207.3027277120424,0.9072217517929216,3170.3396222566766,0.7874147724954463,2000
255.71288566599,-2.6899552002783382,7832.334983885024,0.585608170498249,1200
156.4910010427256,4.042485931812836,260.1396704551671,17.850385458276794,1200
221.85881108690805,4.989347793812322,7933.433196944967,0.8670437065054102,1200
210.76774748513503,-4.00874663316631,3138.3859139259475,0.07205530381304044,7700
206.8371067538481,3.1221707018231273,8160.968447951959,0.6005955341609968,1200
189.58834022185147,5.4119225629962475,4321.470863110029,0.07142215263764419,1200
205.00779959974227,4.533943006101912,8820.355964883138,0.33608953994667684,1200
215.03104192807936,6.502171767797365,3501.1905438403355,0.055823090922379304,1200
179.53708106229226,-3.359532109804007,8208.404811557139,0.508238753777411,1200
188.83669352743814,0.44602903402689936,4146.938586855511,0.039759960519327925,4321
219.8613297153629,-6.935010035190129,4266.562194028038,0.5020142040464907,2000
225.60680788861265,4.065919504692402,6039.073282743526,0.10900327615074702,1200
192.49725820485997,1.1019179420491358,6254.505198652719,0.31645335563179117,1200
261.0829734972311,1.5689043453851508,10594.166911885819,0.2785142064555203,1200
256.96758059939117,-3.3040309564948562,4599.915192531882,1.3967366025454342,1200
219.00936919425914,-1.4044570008416621,8260.548731978486,0.15222088122855143,1200
228.73056085663396,-4.206811901100251,8691.228710600733,0.039517558041095864,2000
205.29104114461347,-5.660533330462273,2205.4247278872645,0.0451004437681417,1200
191.50266484925527,0.7704352241833161,5869.9643384883675,0.05982075978185722,1200
189.54744575565246,2.4053261733561992,10195.673621459311,0.2608822255252313,1200
219.24026075596544,-3.5026057014381515,4047.943170119827,0.14452959637813226,1200
209.46323513582567,2.1008241722477976,7168.143520769821,0.5339042809294392,1200
179.46113591770305,2.4180833694972783,8232.014898881687,0.08500668070944037,5678
225.4700825099418,-6.8462608985169044,2431.2389932632077,0.3698954845126705,1200
164.39070748718444,-4.178721868735643,9290.381164463623,0.8482178143877369,1200
235.0673792100763,4.710130421094882,5578.659552653817,0.12985555085077985,2000
185.80322150027152,4.962551804982516,8379.622279161129,0.1755727392818963,1200
177.1850625418275,2.82052281136433,9741.23970396282,0.012123589621134405,5678
231.05527186200277,0.7609705442316568,9210.152687944961,0.3819252343689575,1200
187.24080355403777,-0.791607504743912,6132.347185824445,0.13275063870711748,4321
156.12958805576062,-1.961932184046508,4222.113465505561,0.16065773605475084,2000
197.29861442672393,-4.706657838900781,6772.574377287615,0.11403462535246478,1200
235.60690338241037,4.5642493919462375,5736.942586715422,0.2755453698600718,5678
204.16988825243214,-0.8903700802412136,10580.94453852859,0.1926562139697105,1200
232.43180599651242,-3.2176213016937707,8218.36993006907,0.4525136539577237,1200
187.10104331858423,-5.339576804014311,3086.8648646354577,0.6838167464363678,1200
206.39182484514092,0.3705667037941565,2970.62446486766,0.7641956601255768,1200
225.58033741787742,1.0298944467634468,2430.2805348211755,0.6898709278707968,1200
168.4326021394892,-4.533336404557896,5707.1555995509425,0.28262677275357473,2000
214.47894483607234,-5.9977531557282315,9995.348317071353,0.5804792170872657,1200
190.26587492043268,-1.7486316297369948,7010.147471203954,0.2630424647266942,1200
205.1868215460998,4.806177932946572,2044.2519142980573,0.31227340026418676,1200
227.6729937431033,4.009113086727447,9161.094521977222,0.09387563318444131,1200
256.3719202793707,-1.906230682101634,5375.0607756262725,0.14637206188875082,5678
174.49525646330352,1.2494725937841675,7263.287033249069,1.8058237029832038,4321
155.01606005378812,-2.9597459513472484,10595.537062270674,3.0365781493186637,1200
171.04423151137118,2.4789132590692735,6394.191383901289,1.534557102973947,1200
185.20954148532894,-1.570613497652259,6062.520641642284,0.877472543515433,2000
214.26128303423292,4.304315246428364,10410.371870918312,0.6403881393806992,1200
176.96499062020322,-0.14340068904403205,4386.508082365281,0.23795186939300073,1200
212.32297326051204,-5.314262272285367,6879.063982399879,0.3290308747760937,1200
182.33017194546224,-6.9620814150318955,4613.625268350685,0.3260619656773297,1200
194.14184215368883,-4.909023885002917,4667.043156106311,0.2241213784732413,1200
232.426136435001,3.745939054703217,4142.2521251206945,0.39895266324594764,1200
168.5609255373996,-5.348041355380741,5890.44085539404,0.5443475164164209,1200
170.09099414564346,-1.165280626151626,4505.6248765440105,0.07800203240740722,2000
247.7010098330147,5.669426445301205,2230.458066612523,0.7910629599385681,1200
196.08978574888172,3.7791213538434407,10664.88313424201,0.04220736671217089,1200
179.41661298930302,-3.6398921071448753,10463.741799865675,0.05374037754249133,5678
191.1384077328902,-5.375921914980449,9194.044815252051,0.9161736102473901,1200
208.49039549640102,3.7908465572915677,9798.459524450307,0.5352201824472158,1200
268.0101178371749,10.10323510083269,8161.73221704197,0.22635465237168284,1200
136.23212665143893,-1.409976518786424,4927.123444069939,1.2641466125764735,1200
231.13669732784436,-4.240026071369792,3675.660218540868,1.091223536181497,4321
157.8031532275057,4.521134003839268,9749.788781025321,1.5126268247230288,1200
161.23261895313018,4.169871576980931,8329.119274248027,0.08010858559425826,2000
211.66484657303093,-3.098191808493332,7725.384060284119,1.018866731699319,1200
172.7476650898106,-1.3865291093579803,7421.27290484496,0.13967338402902998,2000
218.33752123651414,1.9283057835189519,7400.484084139739,0.2739465414678774,1200
158.34923381232682,-0.21808115040488432,6159.019318891022,0.04351226831870856,1200
181.810218268328,8.279108651635811,4636.751830680743,0.5624482166582516,1200
143.70823682453303,-7.206003793888007,6028.021169686906,0.40886037901187905,1200
272.22959047375446,5.2097180795075495,5597.318265929416,0.49450586135951036,1200
140.46764657129006,-0.6655000878734001,8040.6892303314235,0.1981789112576369,1200
198.74675287549334,-4.112610099968785,6810.398965067487,1.7487637135311276,1200
188.84461489946497,3.233650385023279,9048.162078885558,1.2503318626640725,1200
206.40303587861115,-0.9468130022998252,10911.78794372144,0.5870391606705522,2000
210.87914496803708,3.7498549312154825,3181.4962925198433,0.09156111296316576,1200
245.26254903380186,4.355615226223805,9772.390617986712,0.903387777839752,1200
127.32334826281213,-1.0860790479266587,8756.397087764846,1.2509926083251803,1200
212.91243786279514,-5.771553150852897,7491.04426260879,0.6455782647810956,2000
155.33658945249454,6.707429234310579,8017.207070425545,0.6506997540646695,4321
185.70290028826153,-1.5072195257762886,3850.888522467501,0.009387069552318312,1200
157.01033568864392,-3.868456487415945,8665.42981832544,0.49222344020738273,1200
207.7722023041408,-3.8661037275560637,10167.996910026559,0.24695408914448364,1200
155.08029477349504,2.1010350153442103,8844.209154904871,0.1705577914264695,4321
191.50329953253032,8.02937275173443,2587.8868492153224,0.7117715114506393,1200
222.0893989507893,4.6580166994401,5255.2647700734415,0.13963246132757945,1200
461.44277596309973,-6.40983030320015,4331.592509327025,0.3745721382324286,1200
196.5133272707664,2.4671398586676356,5136.551625061641,0.9212067809858164,1200
198.77665329788223,1.505444215740122,5462.129843656115,0.7613125623272989,1200
216.44572104958212,0.5902389679561496,6568.720464046872,0.059399789831258896,2000
235.69929682792707,-6.369115132682456,4792.229456184184,1.0357908054361098,2000
164.78282393629257,1.8331468788019485,3948.2636419318187,0.6724091856288333,1200
268.16628089157257,7.598048866918983,6213.070927681901,1.3882865093665724,1200
207.02828537563414,-0.9516307150973644,8271.252406953696,0.06967011911810254,1200
170.00927441346658,-1.0770103163208415,7358.4214114434735,0.2499611972789173,1200
191.8797930722861,-0.7564704322405437,4969.462084127295,0.2450732922651313,2000
202.96800851821644,-3.6841127881458076,10241.955066365923,0.5990721887554259,2000
124.50811731466352,-5.486347807253812,5397.035886847333,0.04561589579659597,4321
187.69362739075154,-0.4447982849830628,2982.6364643308953,0.13485234785314906,1200
229.64267862717756,-1.6843769601730154,2695.2619122800306,1.0788028210686504,5678
196.5937051708639,-3.1993899083043913,8762.898367157584,0.06567944814184815,5678
251.52603688523863,-0.21319844477677477,6871.807526799505,0.22729406087686893,1200
157.97687848847076,0.5020893647151451,6738.870554053705,0.5456273225655475,1200
185.25891274790789,2.5901214693062764,8934.477580012042,0.25078459705359585,1200
216.6557154080761,3.01613219231325,4507.89731240083,0.06413617534014937,7700
219.54422271342284,-9.167613335260585,2586.373086056198,0.005798347151611786,1200
223.0174974381934,1.0462002697540265,8359.0971273569,0.4432631250232979,1200
190.6401064949232,3.8363536719306723,3064.167413001445,0.989296059672694,1200
274.3747226794879,0.4127994218916305,5971.279252013628,0.25659216059994233,2000
187.40012305795517,-1.4365645676736594,3842.754307346204,0.23085878346766578,1200
122.84496256808953,5.110835070029422,8472.153619389272,0.2613164604796567,1200
223.43772847281687,2.641461511562004,6362.689773436542,1.196969919907955,1200
183.06844740268616,2.4896677155859726,10482.192331559227,0.156716813267799,1200
237.54028778174893,2.5671787649246025,6370.6703878621365,0.2797816505684989,2000
141.0254398162495,-1.1528459303767074,6188.843323652378,0.21040843679278734,5678
167.96625302764895,2.2460989118037418,5699.521734697975,0.03711270619964183,1200
212.52451600922714,-2.1497327850131955,3448.0932302500078,0.15684994438089686,1200
197.6356477012717,2.093243373829002,8251.974761517184,0.005331649741052569,2000
204.5428935895872,9.485686941409828,4669.320315202194,1.18694796957109,1200
158.8404444167474,3.461632455786397,3160.5846978914033,0.6767555265682549,1200
177.26758272397856,2.166862950192407,4060.6338811525848,0.8727430474882109,1200
186.31600720301066,-7.019574865261682,3432.4444185457,0.17232805743990193,1200
218.21428928461637,4.12209811191983,8462.534145655412,0.04034096982895592,1200
271.93142193696485,-4.595459869983697,10806.015955471621,0.14163777312941497,4321
255.5636502677174,-6.276942063943633,8095.708054559138,0.20647974862184765,1200
250.08357930827384,7.822069251034085,2559.8179168808592,1.1072672592660397,1200
203.9360211114916,1.033483981714285,2433.704927664663,0.024550364904923405,1200
217.88489304766892,1.294247493165105,2913.589104618618,0.6632209336396899,1200
230.0773891984119,3.7118179517074985,3837.3532702946754,0.9022512098097826,1200
266.31985388383123,8.115275247504746,2867.9091705990777,0.06673222145343682,2000
186.40896864995955,-1.3078587800453365,9660.647777086506,0.42966272212894113,1200
196.84900877930957,1.8233264463076608,10564.804949004067,0.12465705960954257,1200
215.38378009117525,1.2277645356178069,5986.348330331544,0.03955752680498941,5678
235.8013453037414,2.695792160386678,2958.713761384369,0.014624417571417265,1200
192.16385715549603,-0.909351248172669,6740.082651751355,1.0366117964702084,2000
164.73718515694196,0.46595047332838446,8482.105336231683,0.33415373162409884,1200
191.6489923041949,4.402850466906124,5683.173003843145,0.27063180980497425,2000
225.29863150309717,-3.1851196561001673,6148.296665451155,0.10513130009349891,2000
184.34257495455913,3.6559310914661305,5874.804736472285,0.8676529430862223,2000
190.68344382097845,-2.2050807970646735,7071.663469963506,0.2224551674145562,1200
228.29857682346366,1.9059715647336468,6957.243324632205,0.10737128121954893,2000
436.75831468815807,-1.063935333192802,9147.084868856993,1.0588046885573585,5678
204.2150267226895,3.8237182560456726,8067.257246710319,0.08591865448534498,1200
150.43076157404923,-0.509611318059631,9157.742117813432,0.19060721189775615,1200
221.56126854124014,2.3741287687248858,9185.493346823345,0.7460499872664328,1200
186.34856622955104,-0.8966793910870478,4326.945365192005,0.8275836666662838,1200
187.7550856571735,-4.400031670056201,5471.255501685811,0.7809140820346337,5678
188.45419228383867,0.809139403943368,8565.264837419896,0.4576323506462669,1200
216.41826851760396,-2.5164737122945198,3106.4033284502084,0.18069002446419322,1200
168.69030072847272,-4.763678744081008,5154.466094969749,0.6512627194856463,1200
239.74674832899305,-4.516715943279032,7183.359811137048,0.7071439945840199,1200
203.14312431258207,-2.5955443563290364,5588.146694840016,0.894004524398358,1200
194.79657813516732,2.481335913440633,9271.24717030414,1.7073286005706705,4321
233.32397901281658,-1.2287974564835025,10715.21767613806,0.037656990169336206,1200
195.55276795315353,-3.660115154008163,7203.016453647076,0.14082866322602042,5678
248.59251233195104,0.1168937617187201,8965.344900985692,1.5595562235751403,1200
195.3581824096353,2.3775794568100035,3481.008526070181,0.02787528402416028,1200
211.99275580201567,0.8500663670185483,9423.796303214876,0.4188491400381538,1200
181.03292665516577,0.520315392236029,2101.8672333128156,0.6229643699697136,4321
212.40635773372603,2.0931570845750294,10760.027983327489,0.3267874195235186,1200
225.29830335655055,-6.438486361217069,2148.744694761095,0.6877561641649954,1200
206.46491783895357,-4.973449573955397,9091.495440457868,0.038297742422707955,2000
244.93190452465655,2.2608345477722427,3137.877409566143,0.8884451606825117,1200
207.3842651093693,-4.131446025576036,6342.419395459293,0.5942955032520755,1200
204.66508123727178,-2.3506651148793547,5288.567191322991,0.6503958797512925,2000
249.24905307089458,8.374340481475096,10843.344165356513,0.01340996212166249,2000
204.83028996519585,-2.0281732974376716,5845.224585178528,0.7209982932223807,1200
207.30395881240747,0.5209505693356306,2955.507333263411,0.7335155897050549,1200
267.4461829484377,3.9145368296857863,7361.201772623284,0.8526779813487582,1200
225.33460167653132,-4.472030895674658,8771.563022548908,0.17117415163526273,1200
191.0049231809053,-5.414458997186223,4010.155508642926,0.06201271028112553,1200
181.6462269790872,2.270489790774031,2228.192267001367,0.020996155879887266,4321
240.7236352749875,5.7946667492984005,6682.434949354544,0.2279861294142042,1200
222.2380936159693,0.48730627228760176,6250.394232852938,0.49756562019095657,1200
119.85936449366729,0.14464090449557027,2056.57619436865,0.0027198633176864144,1200
193.98645239229882,5.360292662498751,3355.3408974202785,0.17642770487800305,1200
199.42936056658405,1.6739456345679284,7269.32658237494,0.12011631175138225,2000
161.93886567487564,-1.8575106880585806,5674.08106147553,0.25953103904847563,1200
193.3911456907135,1.4535148589947577,3365.122960286529,1.7011494967025669,1200
192.28671371908376,-1.8708606469205438,7160.893943395014,0.1086422257017986,1200
196.8087970484118,1.2423125179476657,10806.339530909068,0.29018670610071406,1200
208.2852928573564,4.4287258435095245,3880.933806417942,0.3447105799969529,1200
192.5061342131226,1.9046498809803558,9246.190975589001,0.00539468072027958,1200
263.3168506349135,-5.905006130932989,7011.135814817626,0.838356121727702,1200
189.73035102808765,1.114408859009828,8719.078298867911,0.1387949458469142,1200
189.6157865479522,-1.3983525629806162,2310.300298890317,0.3478451716925317,1200
201.9193200293805,0.8603244223172947,9849.434971797467,2.238855338549973,1200
178.05711099750874,3.684351722104936,10616.263912719754,0.8894128911154621,1200
215.44181477596828,1.0386960971514523,9944.804333640663,0.10703816360015848,1200
205.01107271040263,-2.691324155874268,5819.719727358415,0.655665609058743,1200
187.40560967285757,1.593354586707032,7272.8277796525035,0.24540224931664806,5678
203.07676055982753,0.099069508194945,5114.616863097581,3.618460433283012,1200
253.6987993619025,-6.122337956355309,4138.630611773557,0.024232718213548384,1200
223.88442731335914,1.224721155815683,4328.9637067444455,0.9682593479797565,1200
157.42241446205438,0.3687666806391389,2952.5818322724135,0.0477614957546156,2000
209.33486048569918,4.073754078466517,3346.4526687192365,0.25109564385021116,2000
192.84846997170024,-2.8655999171763584,9611.35906256678,0.05537355579861018,1200
200.36164418922786,3.2946534126344464,2595.99162001492,1.0443340087055633,1200
129.05478256231183,-2.4866647838010287,5757.57317964017,0.30830680650261144,7500
191.85849300191106,3.2286492524933177,2830.96263369018,2.469887838444688,2000
204.2345706321257,-2.041028842741644,7679.578662953768,0.38225813379900725,1200
201.27780425247212,-0.4389071062258172,5279.018515618628,0.6224418569168818,1200
206.84850215799398,-4.59725754256984,9805.314178196124,0.6183958480596197,1200
169.19895833715083,3.0569325728129346,3181.947723544041,0.07413984485768586,1200
123.89647910902093,-0.6504160459062415,2811.295818593552,0.8444846758653648,1200
171.08888698472933,-1.1926569946672942,114.25998097652848,12.721793744487377,1200
230.47065411927758,3.562543631404342,2873.561116691127,0.47003309880690297,1200
154.5583156538436,-0.8117169605228374,5501.186175203522,0.07030158809190336,2000
207.06265670889644,53.427886806258314,8541.992196473104,1.1973059738348735,1200
272.08554488171967,0.6719598081989057,5443.70840693589,1.5869595439984492,1200
204.3728281736075,-6.9255227757401885,5158.255466280176,0.07135656543709154,2000
182.16097915469786,-0.6452166847654477,6760.047327244415,0.10711456138960873,1200
195.7610484528111,0.883358568493582,9455.085575698953,0.44194900111317914,1200
247.5078210936729,-0.6023559159696548,10755.626045661065,1.0455025208801203,1200
218.4438763315761,-0.7419519682198655,2272.3373815332793,0.278653630451864,1200
220.66568205476867,-5.249918363268705,5118.614815343257,1.9456613042501165,1200
198.6815311321464,6.222119132163949,3506.2861373783844,0.7179640538078869,1200
186.4554737479849,0.20356154777777916,4705.497806950789,0.14374582697369367,1200
258.48887225609485,-6.9445747085501415,8814.72291192032,0.8940193291286129,1200
202.81379427802923,-2.234596229713812,10798.491013897965,0.4441056700606172,1200
179.80074983602628,4.1912425380246505,5598.748494593185,2.0937043312215553,1200
200.27177963054254,-7.097289186552904,2418.197081533707,0.0101935399629611,1200
163.09813764438562,-3.4784134633053396,8763.87145127856,0.7797906555078521,1200
257.43625674519774,1.3316811434944507,8905.001178243234,0.21945554206915827,2000
219.90270328523795,-1.1879232348369564,10216.419927656765,0.05437245470617439,1200
147.66301187614724,-7.8230644729421694,2129.987975251092,1.389621806807888,1200
144.64080921111878,4.644844097408154,10022.09494552693,1.4251309716905227,2000
183.42235013229632,-2.7088256063591145,6394.567565881161,0.13380882343912454,2000
200.81632274188786,1.8672427503182132,6948.059551556555,0.9705467136476743,1200
172.33931817734316,0.08870408242804678,2572.1394842225873,0.03120515159015535,1200
220.19611150911982,-0.617532253502953,4529.057913787401,0.038325328353731404,1200
176.8242352069932,-0.8877584939414466,6334.938932509796,0.07366374699353916,2000
203.85701441991375,-0.45098895873277317,10785.177396150659,0.6064432219980709,1200
201.81583782524342,-0.8176430037169561,7090.16699223694,0.6310371127449351,1200
249.02374263061128,4.597924342810774,10882.665072746935,0.19052402899522225,5678
206.85410174980834,0.3411374947170179,10029.608827507462,0.047760690012543655,1200
204.72912353497017,1.2649191704499316,10400.501763306542,1.055378867937173,1200
195.35659609573585,7.8693274370613295,7239.220688069957,0.8377334442710669,1200
126.70239441614117,-1.346851562019697,6301.269969882416,1.4489337838412353,1200
241.39386249880465,-3.612242584992566,10267.079143227123,0.46772292606497723,1200
177.90690159040412,2.3807258489334315,6556.288449711433,0.6685248347801681,2000
227.81527373726385,-8.002798007042795,2236.638103702662,0.8399939244739808,4321
192.18076939274653,-7.804597669497251,10318.5147280641,0.29348433359465964,1200
178.86813532841992,5.597860720334685,3084.754243151617,1.0652457987844142,1200
183.81324327280046,1.7595133478326892,10597.552218496712,1.1997069306696193,1200
239.25543799216877,-1.3818553146725958,2966.3609247947124,0.05247218842261435,4321
223.42138451990832,-5.146477260390042,4681.930281704158,0.3911876408558694,1200
203.48498160654444,4.079529247812303,5590.9906943533715,1.8123858152838377,1200
227.35859204730642,-2.4700548946752994,2030.664332122389,0.1486805280662315,1200
244.65875505005585,2.805437904447282,5655.0508027446685,0.0299230923357971,5678
195.3279001686556,5.044147298040564,9070.975554743665,0.16207354626975487,5678
170.5349749888961,-2.3627874204227557,8384.316899275122,0.5187529070806471,1200
212.99374549704314,-11.252672708151815,7473.3522056315815,0.5096638898332033,1200
188.5864294607372,6.799796310917766,2185.0273297869744,0.03144928172179179,1200
234.48679950587876,0.7094562230740451,9179.32229676403,0.4364696469042036,1200
177.15548193131013,-3.60731884252281,4130.776339850301,0.24192117466156837,1200
160.8638437484754,-0.5968364059993286,5634.617571798931,0.6262545960552146,5678
209.98038541621892,-4.676270133780982,3513.586886512323,0.3632101734393095,1200
232.59072752614657,-6.095963834959054,8541.641330303555,0.07984534052143588,1200
188.68419002131623,5.476839005845463,6204.470634968986,0.34627040154516997,1200
177.64409334259165,-1.0894133813571492,8244.423018266976,0.3061426616786917,2000
178.13868950326238,3.518722401836654,8707.096621804114,0.027379414609830257,1200
178.02660033077888,-2.8338280893438585,10844.440923874432,0.20122179090065523,1200
179.18004564819483,5.928014597370005,3998.7996877035403,0.70233040276743,1200
190.25046123541608,-0.6607484474551881,2168.7388229923818,0.5439032774794785,1200
176.76259227386103,0.8977216996344679,7069.624267643346,0.4160218964389879,1200
201.6528025195917,-5.760669057154225,4631.559956016221,0.040896293596745875,1200
220.83586940913557,7.078090923191504,8390.01002745136,0.8357108081151025,1200
228.30064826839353,52.34267095101821,10025.172041006546,0.08726750370867774,4321
233.08509297078837,-0.6267577707469827,8182.384797732727,1.2213514358141822,2000
188.28322791116264,-7.650215505451923,10726.88128185384,0.45010324894465853,1200
132.58041726400148,-0.343331681534676,8018.423219990979,0.13782917682432586,1200
192.17228385317637,6.374003059022628,4678.47936036735,1.4400313462258443,1200
197.6229702882782,-2.2136428057296134,4655.8517357161945,1.0272762744287216,1200
214.40873458736158,-0.7617267263950993,3276.943115212462,0.7276590870027855,1200
138.9018134195496,2.02941491367306,7049.689044821071,0.35035647329604985,1200
191.19977735362187,8.947218880241248,9327.441359816568,0.01674584767673322,2000
160.19013544978867,-1.6612404356591766,10485.351366534262,0.20326860975966066,1200
538.5904340122763,4.65149803509349,4865.741310456831,0.06728976787479263,1200
245.32187910640172,6.158125678234749,9703.054293584413,0.4358792698608465,1200
215.99922218373237,-1.257046495177247,9604.358902243202,0.9338718891672285,1200
165.27357775665317,3.601627735766967,4497.4718673255875,0.8623562983690307,1200
187.7684537204415,-9.89333624984409,3667.589558823175,0.12682652787955326,2000
198.8917550844326,0.07848967033610234,5585.69844531373,0.5974592301966938,4321
161.62361826129367,0.1424185321436834,3468.4319018186025,0.09790053479357387,1200
206.72872537600006,3.372586271714783,3663.0708904337616,0.08189564629758443,1200
237.40708125051552,1.0652822470672456,3373.792103167728,0.12006763044482606,5678
205.60491872810255,-0.7015659379458032,2754.214722659793,0.23996944184597752,1200
220.2710461867229,5.609397118360224,10993.902734928928,0.06380780501653438,1200
147.23919941057383,-58.70261716119575,6897.018719046118,0.2843593009516737,1200
216.00451643682254,2.483068439331055,3657.1135328838113,0.5487089868400804,1200
163.44493980421134,1.6110005329701949,3114.6141262513665,0.9644090040550661,1200
178.16220144024118,8.146260469786807,4022.9632805681986,0.054847697050168204,1200
151.15671434718448,-5.969160973443386,5536.982456643789,0.030647739617175047,1200
174.65565814428572,-2.18334699546442,2881.7678177212865,1.0177429053217555,1200
193.925850433122,-0.570646970997793,7549.798430742916,0.11846296023807736,1200
197.32085882603332,-0.8329102100295259,164.0969876914681,12.249065378810332,1200
192.59718396129438,6.3352386428443035,6404.843301648306,0.5929837008059052,1200
197.28867683543012,-4.07369793145897,6300.48910295663,0.5116460493531396,5678
161.52339430482886,-1.6319354412315512,2758.1170553513666,0.28133979621662386,1200
215.79822198186704,4.011308422716004,10985.320857352144,0.33537583854852576,1200
148.1147224955583,-3.4499646110115108,2394.6336373535914,1.0483051178032223,1200
192.0119149040526,-8.11645496887589,5059.923816080299,0.5900491958749887,1200
161.63855166985948,-3.5398229878185905,5704.678557452855,0.2523913454739326,2000
149.67419600644942,-4.312315516241228,6686.208548504791,0.5416961141642826,2000
187.44008603414744,0.6569840986770917,4600.283682217392,0.12668956260679445,2000
160.60019994720707,0.8893338101534027,5003.730825363569,0.3235614410613918,2000
179.86469181154453,0.655194120124329,9109.770271009746,0.8795764621556618,1200
194.11450071177984,-4.707004931398743,6433.130166657746,0.36828609113493654,2000
210.66870031964245,0.18059616885414867,8979.615640840419,0.041428682137956294,1200
203.13462547195488,3.03300977567486,8455.503446838527,1.4271060395216344,1200
210.90603790980526,2.19969946421519,6564.436309744,0.09042791123642956,1200
207.85667725612186,2.130515153844742,8591.919875586833,0.21426953478966962,1200
237.89354461782526,-3.265396681326341,9806.37420030735,0.6430504898293851,1200
225.47053673114726,8.509932298534201,3310.457962432989,1.1543354407160649,1200
203.2868977903009,4.7774812356029,5299.6990050869035,0.518861826547495,1200
193.86295942598963,4.652753781503178,262.7261686738665,13.534832424405902,1200
198.8424440532013,4.847727862491428,9161.92817222586,0.6997190328570548,2000
163.643407868772,1.7536376236624864,4165.84970367349,0.9745298676928995,1200
207.51564449676886,2.8563708965487242,7523.9298263058445,0.1463442353840019,1200
169.19903231798625,-2.703346632784563,5712.473485901957,0.5233144474455418,2000
241.18421479608952,-5.635717822463914,8235.941983375871,0.2781032918738202,2000
117.07766334678881,-1.4534046087910852,5334.243097262124,0.007251282147695321,1200
219.84399503163732,3.784372644093871,4258.030517144371,0.001706707548415671,1200
205.20323873142314,-0.6146262520875971,2594.061522206168,1.289236356041399,1200
156.3068948440793,-0.5472385463274466,6673.8082061976465,0.9720577128334601,2000
207.777581453849,-2.108856207799813,6489.668299002321,0.22605558891556027,4321
193.10480657727155,1.2484092079428288,5457.61458696086,0.8698940078894686,1200
234.1162362344836,-0.6419456520237354,4047.4190038579636,0.0830780274668897,1200
168.23518064438048,-3.7560163677977627,4394.8461508779055,0.1748190324030773,1200
180.7915447859922,-1.4692644945986373,8042.701715993939,0.30588236923802137,1200
200.50493051363756,1.4350913793108195,5111.529174337167,0.10512682797745401,1200
180.10083014396054,-0.5948510587232351,2266.57816837153,0.06880366031172988,2000
154.05892594039216,-4.258671944896404,2068.1089949801053,0.08889572432925813,1200
198.2075784512616,0.8190874289345857,7340.786753808641,0.49254355353655555,2000
155.2097661733356,-3.697681353921287,6682.541409808582,2.0256889229526336,2000
174.35938036201077,0.11534614328476589,6778.587334892332,1.2993092406592341,1200
237.59961102610532,0.2475655186263763,7372.983245221005,0.48833794902558947,2000
188.22543287537962,-1.119805707492268,10794.741938925381,0.37808338009155656,2000
202.4958427738939,-5.422378025702148,4648.890082602236,0.3815761481201028,1200
192.88861362832708,-3.266661443182203,9332.73192628793,1.283814122626229,1200
165.61785924123495,-2.2673740480588953,2581.1860458004257,1.032274878419655,1200
221.67876724953226,2.5394715933766108,10353.409211575947,0.04609760183424862,1200
207.00982967614218,-2.227183223145061,7576.962985509892,0.9588220749603945,1200
184.6687301917567,1.8837077533385822,4817.393731111489,0.32607362814618657,1200
242.57750895221432,-1.2149048854290414,4341.856061456529,0.8988076573748036,1200
192.16461800892668,4.857349184303835,2101.093201816425,0.3981321015855484,2000
140.99981969336756,3.3611723517448713,3696.5480276952258,0.05494717292730883,2000
245.85490342830448,9.937804313317644,4143.90629904985,0.6784983977911483,2000
210.68666292473475,-2.9110305960119502,4922.247711974325,0.1675862653015214,1200
138.6325591990911,-3.51146472342066,4469.136959005857,1.6262759844301466,1200
229.80731104488444,4.06910713787719,7339.248055133698,0.8839817176926412,5678
178.5463434247689,2.4846024088211127,2288.7630577949176,0.0682937869386033,1200
148.73715469800266,-1.9491984331366983,10168.339022826345,0.08897093982609594,2000
212.85788927822256,-0.44626063113570236,3531.3074316783445,0.5025638508594088,5678
243.5031458423199,4.41532559267406,4489.127394095955,1.1648178373715847,1200
155.941590423659,1.6161832755467358,9674.60212341278,0.944312716920091,1200
186.6947521837562,2.2994783429102164,2985.167651141965,0.4806200267690446,1200
201.25006971215228,-4.043178462743553,8448.888626403832,0.7048010331677418,2000
151.79372879382112,0.8115641853763762,5261.925116666769,1.0965403400540514,1200
190.5249672803755,-3.355501280135466,6298.700415095357,0.33392556906284804,1200
193.09834344059306,-5.422038350903142,3507.028597299488,0.8915112348715463,1200
229.41912758673493,-3.857625539649722,2122.091789117074,1.5175671952476415,1200
237.02349007152026,-5.367706806227553,10498.218135499405,0.3779651957724369,1200
236.9962540994703,5.713843689244666,9285.102673346959,0.002715862708376931,1200
184.9696334525376,0.35986805191204313,2691.201861368444,3.027686811213207,1200
171.4003591623583,-0.5517208668626894,5320.228679655072,0.3864848268082567,1200
149.61768869219196,-2.963073670549915,5200.467532218785,0.5107885312617086,4321
186.69064671598304,1.044650071022173,5732.436913002106,0.41041707977889796,1200
168.74143964925398,-3.2156885753807827,7380.315194025479,0.3755634939568171,1200
178.13286619582865,2.6454051053585714,10253.491014135448,0.5558737203998372,1200
221.5274011652331,-2.4729087006022406,8068.469942639403,0.4606428855577056,1200
220.17750239703983,-4.370148122921229,2071.188111486629,0.27528710358293473,1200
192.13750333233733,1.4029650911274836,4811.3935397685855,0.1084635007314983,5678
235.73564253581108,-9.663261962921366,10603.16851139733,0.7121346823141129,1200
187.98362458461648,1.8283380434814362,7051.697564791293,0.3723199503086688,1200
193.93183976352532,-1.8341967566980182,3572.351629553268,0.142245633037925,2000
190.89806461713377,-5.282555907265478,3385.422560615605,0.038787887398495396,1200
182.0053212632253,-0.9254986999999153,4322.015069316403,2.2111231385746337,1200
164.4317400606047,0.8708386356055366,5518.607635811821,0.1524769224505639,1200
182.54862088950512,-0.5795817440731134,10816.621736257575,0.5545730922509016,2000
178.42858143029463,-0.964354479091326,5200.18374427038,0.5338449615985327,2000
201.84411891214165,-5.8869659898060505,5774.573103710183,0.5277543552567665,2000
217.0218431197284,4.92449680151167,7285.562911734822,0.06390562152829492,1200
191.78916183512132,-8.998983757960989,8160.215553481673,0.08643878228159355,2000
194.64278932276486,0.7767130349633762,6128.418140749541,0.326737890522659,1200
226.57497854650128,2.303594272570019,382.0148367558304,14.51005861264746,1200
253.3868046678997,5.264011484459532,5188.428591844051,0.4447266967140516,2000
153.01206597162147,5.038410495829256,4709.729704482166,0.8656214214812753,1200
193.41149918938768,4.471480604982611,2247.675432570877,0.8606091339507232,1200
177.50572341351622,-1.3146589323666031,5403.8610925195735,0.22802283696520398,2000
216.69485200359767,1.1821129860754085,8569.994301695642,0.5155509183622382,1200
200.30959439099757,2.842585566095849,7046.579568433685,0.0747622122701258,2000
182.35915933541324,1.2733153335248808,4853.791614717163,0.09363573141638554,1200
213.451545120343,2.258447130056956,3058.7496094546846,0.5015201765478567,2000
194.98221070591904,-0.7078464857523468,2190.6647691418466,0.5869145981400892,1200
243.23990596292873,3.9630586844724274,2371.230197878173,0.7632163974843498,4321
214.08949743920857,-0.3386830776031974,8532.327165486498,0.06828802717054033,1200
278.24927955431826,-0.698203163509254,4035.966793791954,1.1619048573844566,4321
189.16731118291074,-7.5895961586204255,8880.233823996481,0.0952816873789277,2000
254.74141460934723,6.579126136675525,10955.627806105873,0.155295156869596,1200
212.75218858724963,-3.278699019024772,6699.328945780595,0.19677594257352607,2000
163.69988831904186,0.7214606760378506,6617.205477636432,0.19296323790451722,5678
205.35994693296917,0.6366202018339662,9804.461649754237,0.0839192646029932,1200
134.1304988978315,0.763238887236546,5330.553842373167,0.10719718958622283,1200
263.88342665835046,0.7661380310617847,2682.5162864223985,0.2588985779577477,1200
210.587287382863,3.937700439101684,9135.253345768311,0.7086726133847568,1200
253.58991869343436,0.979005120570117,4457.199648727421,0.3215544950804316,2000
157.83085458443063,1.206833150635879,7838.946700265751,0.661787673081911,1200
172.85881670974155,2.553255248042061,9227.129172337265,0.17990076747819364,1200
165.08188358106136,-1.0413009406674325,7837.165278659002,0.7580143612014648,1200
168.39723771268166,-2.769399275044312,9448.463023780216,0.30950524824378434,1200
164.52795563887145,-3.9727628491126428,10503.285653328408,0.6040817524621044,1200
219.7533918377216,4.497593326502585,2100.5801003050665,0.10659007547204355,1200
160.11598797697027,-3.693248250210638,8015.108796055065,0.7621923332589864,5678
178.48537769866243,4.443426089562158,8873.744573207057,0.12570080587357968,1200
257.0094594148256,4.90522920138362,5529.93100744555,0.1866892203845332,2000
189.43608981016908,0.6335079786029082,4154.110313558986,1.2608233553801846,4321
233.4293097180494,-5.005916213193071,4628.96278406028,0.880322759302146,1200
205.6292648315982,-1.2023357925046907,4482.5227107984065,0.2772371968143247,2000
170.60794801221823,-2.3844217998655326,5791.022300784401,1.0860529638736671,1200
169.049979793885,-0.05739021639424478,8761.00665392364,0.9979907241690578,1200
180.88967165494878,0.11444273823258289,4610.973932654248,0.40712285897184397,1200
186.6028735686978,4.617932124849039,9901.947823946508,0.4939688825275641,5678
263.30810468743226,4.0960406695918765,2454.976115110296,0.08490014751363845,1200
231.7284263271595,-1.0778698492846808,5479.307115943697,0.013510544879838344,2000
203.48605875952214,5.875087021461291,9409.082244947516,0.733979351835976,4321
171.2072171982133,-4.504977483439761,7648.437436899681,0.9786688655528438,1200
196.457760805167,1.0302907119292535,2159.269368657447,0.17618556176557632,1200
200.7201130681018,-3.862929639237769,5889.664091616349,0.3652328454275968,1200
224.11385186543382,6.756199036334385,7800.352346464522,0.6820150111885277,1200
182.36964470063867,-1.4978258047443709,131.4029187811608,14.917227025926696,4321
223.4358249121858,5.724556479403653,5248.803624357526,0.20603707932037493,1200
244.90677116779176,3.8713244540724285,8928.56997723232,0.11661038041687997,1200
205.76724217539555,0.011872585964640189,2110.3107183800325,1.2620065517919543,5678
211.46373656824727,3.926242770269394,10637.899457667127,0.6982995285306571,2000
173.94847336209645,2.707807119390872,6943.388029474525,0.5060617042541097,5678
232.01261463717657,-5.893851993550217,10677.863379642642,0.20824482909104702,2000
258.07594448816985,-2.557496173136318,7546.509654265857,0.0964546676818468,4321
200.08929256588513,-3.6430065103860216,5666.5760715272345,0.10114111936558577,1200
236.1076893817085,-6.7800641905265,9556.971160301902,0.15686102871886462,2000
208.9733581111054,-0.33368229180746095,4110.719623038014,0.13255586917130893,1200
250.91965614004167,4.909097511518215,5976.850007693331,0.01991361669340313,2000
185.94916313310026,-4.295902647445043,8131.253020210852,0.45134475720572004,1200
189.33277363313658,0.8299440596473642,6581.498741219697,0.12983737110847582,1200
237.37230810427965,-1.7828329232742894,6546.533859951929,0.43704597738744827,2000
147.3175999712941,-2.2672930921470402,2229.7880360798413,0.9989320655843533,1200
194.18100961972758,1.242383556571371,6937.2210441821435,0.08587938212770503,1200
266.96363429906694,-0.6560931099349996,6183.230078249079,0.10323759320067172,1200
182.27385385904086,-55.926423819448935,3622.0145327880305,0.33794042244468736,1200
205.59381670258495,5.575542329272684,3871.604213196072,0.25180422118382056,1200
172.63694524234654,4.600016258937263,8404.08324445695,0.3561766179983523,1200
189.84556747717656,1.040961280198834,4603.444440889925,1.0715536299156814,1200
190.33419520812868,9.008241433414973,10141.91983759791,0.17150007097296652,1200
245.36543807049605,-2.5011949743849726,413.43533234439246,19.634996254688986,5678
178.42986943888343,-2.074397884955182,3182.880984793852,0.18778873006278124,1200
239.57874863447182,0.16438059534709773,3318.381223857797,0.06370011903649682,1200
172.08312715209794,1.1376154003482213,7610.90834324956,0.9864015601141125,1200
193.42342562869072,-0.7141100692443851,2554.2081371300346,0.11499065155429165,1200
199.61155402879925,-0.3329768627290463,7527.605734774272,0.6827084406988382,1200
187.56712590710936,-2.395309121665043,6116.466067801402,0.4855518486389545,2000
225.14136079198533,-0.20294166826394366,7140.960134346556,1.1301088532262829,1200
251.38773995048254,-1.6368449537329282,8517.209097195231,0.17725786562785584,2000
131.5498629936306,1.4135610010392252,10079.747704200887,0.1820872700477002,7600
180.56075583899198,-2.3054656922536876,3079.6401111765376,0.6170669824488477,1200
209.8169215841246,-1.3092800343384736,7041.96697094778,0.3595126275253576,1200
191.6070941047072,-2.561431385128012,3889.0735597597313,0.04187170420538825,1200
151.16620874953048,4.027256479654046,2961.7746882441934,1.0520840008341223,2000
174.4422875720501,1.4871852984355005,3034.566687017531,0.6492575431077932,2000
155.18597839817136,1.747575020603997,6778.660192742493,0.7361479053447479,1200
178.42386575985878,3.4231384570809316,6617.942452549043,0.07012294203293414,1200
249.82023141029643,-2.3982504889356826,9838.029613959068,0.09017522844826012,1200
134.56148066274847,2.1425858143382674,10398.468409316512,0.950874950953396,1200
234.2663643917296,-2.6929355497259015,10567.844022087118,0.1780258372089282,1200
227.3211660844821,-2.646294688159849,2299.300228119208,0.06895779873426522,2000
198.47621139249634,-1.340043595538669,9261.995700178672,0.06144662573048153,1200
215.6427399474704,3.4736147180439056,3843.4057468613073,0.8083533854697537,1200
219.46364973704556,-0.19895043923155742,6877.571094697831,0.27017156465973374,1200
168.245739488483,1.4032778501444336,8684.764450136228,0.00255945186824282,2000
196.62667747745297,-4.270688664524459,8888.990193171943,0.6571882200730885,1200
174.92608611721266,-2.2960143370384527,4355.627269277682,0.5815579665986141,1200
212.70098087938572,-5.275281911797782,10854.635563979002,0.28636431682256647,2000
174.56831361481244,1.7384942751165227,10904.570552169944,0.15860474867349497,1200
251.48087343886573,1.6505901218580068,5255.6148429668865,0.06927703400177979,4321
235.8375643026562,-6.765009292545547,6489.649926147934,0.8103888673274401,1200
198.49079466268515,-5.019446781460182,9083.29902875772,0.5643383472549286,1200
166.78075311973592,-2.0838012242479604,7663.64926254787,1.2086333243507603,2000
189.88452092267565,-7.3559223715584885,4620.162522137498,0.012812190228330907,1200
215.76639088757798,-2.61468410591189,8727.719449725028,0.204733174281513,2000
261.19529275974116,-0.49295562167432,5964.013832809609,0.5683013911206721,2000
186.5933884256236,0.8676886215605126,396.47094638673775,22.533311828487385,1200
218.42037599770728,-3.7597579416396716,5206.885724789243,0.12248616622042438,1200
218.7295306565262,8.306388899656593,2291.177590379749,0.8761028943006545,1200
195.26092609166867,-2.018137020490362,3633.868513217667,0.13789952737067895,1200
223.69028282201268,-1.5679252714812246,6497.22839132416,0.7522299256467381,1200
238.38790445135507,-0.3291754916581277,4305.7234349370865,0.40511417524819715,1200
222.8356413637871,-2.0141047074080354,4231.721680398256,0.8579176456513481,1200
186.40368025909984,-7.0242813288569135,7868.712526118436,0.04870204588767361,2000
223.39307583429104,-6.149376440328602,5891.0886386108305,0.49125725698587996,2000
205.18704112909106,1.662180791162864,4166.54203648638,0.4926351003629003,1200
172.03578820413847,57.83495655758393,4645.745712870103,0.024411303007161697,1200
191.81591470119866,1.3461508902612622,4723.727038912402,0.6088284106580703,1200
162.84189012934095,3.670115951057822,4118.21639146682,0.08542617618305352,1200
146.2278023342534,-3.796046669206107,8391.982645978831,0.050191332840124454,1200
182.43781784257658,4.987968197145025,10933.400495150687,0.07421473832020282,4321
217.5626462025222,5.405956745515758,7906.6009410870165,0.3207419038718284,1200
231.34341660587484,6.508301393725204,4564.737273896278,1.0793896797534954,5678
218.68253028419912,-3.2519748043783996,10233.670955521482,0.18496748156510384,1200
185.5771819471516,-66.89074726385407,5685.883118756784,0.2915181792293,1200
208.13736854819862,4.926628267757508,7235.526291613445,0.01696299835833444,2000
270.17837050290507,-3.189750215819743,5147.705300740301,0.4582388882854134,1200
245.43170136038555,3.4015209587324455,8112.1690900029025,0.20740405626020203,4321
201.48052634844075,-1.1403731945646316,9957.027207105388,0.5526753873532093,4321
202.78486406880873,-2.859199957915938,2507.0945694754,0.42375640652729496,1200
173.88209853411203,3.9643441867363736,5514.065084285656,0.6456511085193327,2000
170.9987737118475,-9.536802572168332,6592.86227667778,0.7450685505998736,1200
196.10297157086916,-5.9918445147251695,8801.765009262315,0.1371322657047508,2000
202.80787495916658,-1.1402801051654745,9708.640141610089,0.3538121942515964,1200
228.18675082671433,0.6162506727975214,10147.562721961109,0.40834858624499554,2000
207.4730693900936,-5.077442129546808,9109.174881165727,0.2869930668024462,1200
213.13695985261003,7.40847870094777,9380.368503337333,0.24320953258189154,1200
225.54142546234743,-6.395855604079984,7976.010300450511,1.4631373304657713,1200
211.36950423133274,-3.1616306796546487,10523.530796703053,0.05869054346917988,4321
184.42181936502607,4.776199141671718,4516.815586880173,0.06635353028241792,1200
221.4859459746808,-4.849681789362018,9702.049189045672,0.4789324103390059,1200
212.21580156842865,0.501712083262163,8464.104613795877,0.139468745777299,1200
235.01882181299635,-1.8458616429165762,2710.9694570673873,3.3986324966273833,1200
175.53476594123262,3.6501940959050994,5267.225557352876,0.043654853906165435,4321
249.34453315885918,0.47513365778526623,764.5786505057054,17.413400893390055,1200
188.77629642807062,-9.253709887586396,7681.954682986808,0.6355915633342132,1200
177.6100314870461,-0.15094034055733177,8421.778618684115,0.6581079447068992,1200
214.80907428406755,3.4181671339867616,9695.22337290645,0.5554310983965319,1200
235.56889831938835,-2.329607062995535,4796.161861198834,0.04123276150685226,2000
175.3245365188947,-2.0365171148995285,2295.9229651449396,0.1971230934278071,1200
215.7164238947351,-1.5411309264936888,3911.5755091117217,0.05568231738925779,4321
182.8301771528386,7.900434770927701,7278.459253949475,0.5359185780817394,1200
206.16358294028723,-3.716660643642471,3581.830561963656,0.1272820980488534,2000
247.0045170231469,5.3880666932010195,3019.55762241708,0.399229780625103,1200
169.30552267261038,-1.0885647064195882,3178.8267610290154,2.2804004860958087,2000
182.105384973294,1.9779608643292625,10294.40136657795,0.04554407947996216,1200
212.90737077391088,-5.311759939868528,2146.9730926083103,1.3057269566146494,2000
211.48720722239807,6.417589037622889,2172.598256775466,0.3052675305638296,1200
261.96245151636504,4.610722788163367,9782.617320068257,0.4093328097578423,1200
182.33382379129802,2.2072948341398044,7335.0583324719655,0.8123143820708294,1200
227.8868465436118,2.993301945946236,4693.830100889517,0.7343864648068126,1200
259.76116325539556,4.189741070951173,3852.26815266305,0.01603928826936364,5678
205.0214649230791,-5.4717732647900315,2641.622611616469,0.4061235567482348,1200
195.80561813541908,1.965277942441529,2941.2323764836183,1.632677698264491,2000
188.52198585948003,4.8879292363426945,4094.0595143672667,0.32960971139453915,1200
182.61117709589783,4.069801316672329,6107.277686028342,1.2341175749596767,1200
185.34502833510257,-1.4042531494216968,4474.985341736119,0.11990443710015983,1200
268.20656448963825,3.532048217533345,4484.075252895025,0.6047691985785592,2000
231.21434669814334,-0.43664436647579297,5309.497119064518,0.4416890118421881,1200
182.31311018520896,-1.8629270769869324,5782.624028256047,0.07044851376858041,1200
205.781436191359,-6.961003221096247,2423.8722246637763,0.08155239202821492,2000
199.99784098973362,-7.482297016408353,3138.1957559512,0.6023395624955032,5678
195.8924152300212,6.394305329489767,3324.1703416261844,0.06278021396314422,1200
230.3894556022632,-2.6809161209878836,5746.799526222277,0.5086374328261877,1200
199.96676184606633,1.9556869123249332,7048.01384690578,1.0946221971341157,1200
180.24690676880448,2.0733694357245533,6552.829412543934,0.18580188115309648,2000
248.3954306003912,2.994616945610229,3748.355696525183,0.1360824929434294,4321
190.12294419519876,7.884065039111714,3606.573963588034,0.3871585680644322,1200
196.3047146977646,-0.27399160192396077,10733.433689713826,1.3139869018242256,4321
203.54827889910206,0.6266072678641745,6076.389416669401,0.03844435148278848,2000
206.0061297068674,5.843618466964827,7630.934964989886,1.0474957425909508,1200
180.1914770752973,2.131103803201912,10625.442525454278,0.08279867566349228,1200
195.0692324387511,-3.641776579470198,6134.593372878294,0.2718856754790386,1200
437.30257083918906,-6.904655287904451,2300.6772849403405,0.8634263414243234,2000
225.85628724318553,-6.571316195122323,9770.345292422004,0.41549392105634214,1200
141.58785031445223,1.3161710007121705,8876.833257667484,0.16040775363382517,1200
152.15067962452991,-0.1842338301407144,5780.465559865272,0.06558154532115945,1200
171.25523102547845,-0.6096362126416215,10047.505238929132,0.49948383779469113,1200
144.7577426014332,1.8220848033357189,4269.593832203776,0.8480356375017105,1200
161.1297803844431,-3.4683583687329396,9666.507137612334,0.32677937361675136,1200
209.72011710413727,-1.335645602005127,9568.005748548036,0.5888665968851249,2000
165.25276758017017,-3.4024345126120576,10257.574687984337,0.4126522071969035,2000
212.1459065875326,1.0698156056752846,6480.192351194016,0.6326804384176301,1200
206.8366894665967,-5.345144829315986,6373.884020665915,1.2599955191140921,1200
159.6942708988138,2.352045348359878,8513.58848296709,0.2355411496863211,1200
218.28145087962787,2.1858159032826743,5534.425264457508,0.6569366612917306,1200
168.08012316274528,-4.312587690366357,8266.928411022913,1.562910874385988,2000
226.32695382769558,0.17524819785695378,6422.463026734091,0.12707804164725323,1200
206.24895837329763,6.700782377791611,2557.4913149782324,1.262866858696598,5678
213.6814983800983,1.2411750380079027,4465.733603008377,0.2693543382844066,1200
196.7279919105528,-0.7208603899605541,6587.32258304089,0.02770229787720438,1200
216.0103628993691,-1.3850200590493114,3567.430301057314,0.12448594378432566,1200
178.109956265171,5.002827721030117,8734.713763340582,1.0951660690551288,4321
212.19633230652593,-1.3422054060669202,7328.104673676538,0.40464293307223237,1200
148.99798319990032,1.913762437888036,8754.044138468464,1.253133403490024,7700
194.43940995192418,1.0440780112622814,3595.5987685571927,0.3840823701127429,1200
200.11451289592284,-2.8587338514641347,2348.112587068396,0.0018265735144562107,1200
182.3908465241742,-4.009086539535715,7629.442119118024,0.5941265688861971,1200
242.62332152090596,0.9742190403549204,7514.764394194312,0.29736327463030265,1200
151.67636041658517,-1.3051929192132226,10752.534335403217,0.04061625384709539,1200
183.54740659842764,-1.7245892797561446,3679.3930674508974,0.15404388307210226,5678
250.92818781417046,4.402242598579369,8541.013385358143,0.08054973370477476,1200
235.64042467652035,-0.6156823490929568,7419.9109732357565,0.2991806425929652,1200
200.87633353038308,3.0067241986429423,10461.99112286911,0.1796939311548997,1200
162.62680273761885,5.369055065781307,6267.086976304486,0.11741919947101362,1200
234.1966861316727,-0.16122805268651116,9828.19231695207,0.5216107738864478,1200
194.71036800526846,1.3888599003922009,7281.937360375739,1.455518650973514,2000
217.41355299794452,-1.269199829937803,4450.302228939257,1.6205980414871726,1200
244.57927427663543,-7.195447853919898,10740.826171306522,0.23286251433956937,1200
245.68093347255933,0.9541377759095654,4420.733219588141,0.15340478213110567,5678
211.2976421061322,2.7156098614781583,8339.288074513566,0.49125341543745754,2000
193.9442884214899,2.4017804479614955,10608.492596277656,0.2262140295735919,1200
227.6267727299572,2.298370644239686,9039.81453033501,0.8208342106868508,5678
172.8844204108775,-2.38698548930826,8957.312780427554,0.24844911372274125,4321
152.39696362870592,-2.6588436641136632,2461.636931858538,0.4236093250407274,1200
236.3955787117205,0.4083600194631103,6382.045523244921,2.213764555887067,1200
213.93519514635315,-5.2009040813892256,10905.115125906483,0.0701828149396428,1200
160.93234026976396,-4.762732906265945,8197.186789476295,0.1930954044824564,2000
179.0060129899468,0.6498056299805288,9592.482563513899,0.03835490758783651,1200
172.55256853327782,-6.342100752193691,2869.692661155334,1.5733248392215993,1200
229.13297136729184,-0.4290207698871397,2103.514290856292,0.3366699885186595,2000
208.90068051859294,-2.073131612418844,2358.356933180919,0.19641485380824375,1200
253.68314283062858,-3.2233210972089967,9197.00609045685,1.3228841242484806,2000
257.28393905424105,-0.6522167908365009,6864.139266775191,0.2887095909191872,1200
259.2525837977747,2.706064703577871,6540.6681588203255,0.0027779768459139163,1200
237.75490295448787,0.6002046315676622,6027.437371591531,0.4117119131302024,1200
225.85041535598327,-2.2399604587010606,2924.6896541408764,0.04666611364003487,1200
224.5347417059604,-0.4381012051063265,8352.957404511348,2.0910021256409546,1200
211.33920467490591,-1.9257907304943755,10189.090585797516,1.2031873663633272,4321
235.20122533529974,3.2288705232111874,9641.360191231946,0.6942097081069223,1200
221.31066834002755,-1.7733673048007284,10539.426797178821,0.5027246251275242,2000
211.2402826726673,-4.228973956104651,4205.724354746642,0.022351778042993056,2000
196.78574619671457,3.9996786129586304,3679.389331754527,0.1274576452447576,1200
167.89917411941093,-0.5137023424886117,8055.443739123758,0.27340974651740035,1200
221.34998166392444,-1.2258941628265343,6900.516471282221,0.7493817734499084,1200
175.69969440350226,-2.8049580871197306,7944.938765950365,0.07552383718745342,2000
179.05907420582778,-3.610903383115431,2662.0804283099465,0.7023317673370097,2000
158.6996600087513,2.2180528391183296,3531.722664850624,0.4560630714036867,1200
195.03425565935856,-1.3591127333898292,8199.743346098345,0.33819548020046497,5678
192.9988173261592,-7.16891681446535,9603.856906393541,1.2680719403807137,2000
196.21295289122247,0.6654685726634246,3569.7599714781772,0.5416703737904632,1200
153.2845028008036,-6.030793832217796,10966.556702789721,0.15865856869592584,1200
237.15607160709362,1.9943751155938558,5075.15026878953,0.31716324349033653,2000
174.38276159418598,8.572797152653978,2161.4126064872285,0.5374422129579934,4321
138.48852804100062,3.26516813550033,4344.869857436161,0.048760493242247495,2000
190.24030239660343,9.895625246749667,8386.843716519488,0.07978958510982066,1200
210.9235068150105,-0.1128474153452316,4923.390933209725,1.3075765859458912,1200
210.13869772478353,7.79541247254331,7720.037800721877,0.15523478801184776,2000
204.41536968438157,3.3044077877306277,9174.257570225174,0.22403494199133955,5678
195.95867654938104,4.52620706560984,2911.8200079119633,0.06366155298849119,1200
179.80501187443522,-0.6317579064913463,9703.807452084497,0.10674400176375502,1200
222.38202668372057,-4.658537584969506,3983.5311019991086,0.05472830367142032,1200
271.3168527393259,-1.806707064895404,4256.212558270298,0.7078373564963487,2000
203.3498986792277,-1.8128670028655696,4974.562377873681,0.4017638602172499,2000
176.4841684827057,-2.78678394150947,5151.793923223385,0.1787917143467903,1200
236.8679715507314,-2.710427125111573,3902.1017178906286,0.15407459162931864,4321
169.7754229712014,-3.2318884652794964,9661.250479596434,0.01798759161253549,2000
138.04818837070982,-2.378178868590907,2545.1604535907322,0.4150085704194522,1200
256.7480195906424,2.029755123434709,2999.432967815277,0.11853530479420235,1200
208.8341752161372,3.6137659635915966,2198.457335348473,0.11069001090964456,4321
247.44827928305077,6.414465075209688,6688.22451614026,0.85992211716157,1200
193.629628249138,-0.8112645580854168,10101.394940896635,0.04988639514072598,1200
199.53898835758977,0.6697985053430376,3308.0488465561775,0.6039456513888338,1200
222.658716630855,3.597320497944088,8653.742178680055,0.14234663175581574,2000
213.3672708208147,-2.6425557293826323,4390.995091299117,0.5786513882356006,4321
169.4324327278806,-3.4627946603065465,3489.0839919398886,0.053763306339784905,4321
173.23432863018243,-5.184891452314079,3310.4233861593666,0.37949204030880057,1200
210.1823812743621,-6.801424736864424,4240.8996483969095,0.3038522386529142,1200
471.75381735776796,-3.748741572193956,2055.0263181245473,0.3088067084405264,1200
166.98260300354502,6.008232665265047,8868.81646935656,0.12421548757306666,1200
191.28912753453295,-0.7367864467922236,6300.342990462269,0.07452710767507349,2000
177.6417256664269,5.724602768062883,3113.0550403109874,0.8250321240428818,2000
162.1464141450803,-0.4473339257472978,6653.929612113614,0.0930531633275867,4321
201.55077642610354,0.08138496473512945,7962.041353222372,0.285222772950944,1200
177.19764421333917,-1.9187688087010788,9435.679851270437,0.016362581836353994,1200
222.17802210724042,7.973902839300173,7317.445494027537,0.09735869148032815,1200
232.87196165154583,3.5525856153331166,9198.858168153467,0.07341958052859661,1200
227.60909246281733,3.1374992848913674,7070.5557994121455,0.5894721231239749,1200
220.51763245062415,0.5273460119124244,2330.248199223732,0.7344248137989557,5678
151.0248652527988,5.6057107540700635,2054.586202883303,1.001180247691088,1200
225.41000283321992,-6.19832378932018,2040.5904559118155,0.02024593391103051,1200
235.4114617938569,4.380139685418997,6885.053902657786,1.0640076997087178,2000
238.76968803784854,-2.6128987333826466,3061.2349502506804,0.20000978420020876,1200
167.84497310508516,-0.6630720673885618,5771.406570869169,1.1735388371533368,1200
202.6013736219812,4.774254913631689,6569.479322158891,0.2680979242168619,1200
204.07866033238076,2.8775668214262398,4069.6825935696806,0.005861314383397455,2000
246.597196560466,2.271487691746334,10333.945384647486,0.34974527965925933,4321
244.7409527822685,-0.8613774024760332,2075.53882887004,0.45446839838703856,1200
167.93482094228767,3.281902939580791,9147.19289713916,0.45575991760116374,1200
198.5375674712262,4.147071406536834,2127.490318645044,1.3679902416650302,1200
166.75495333776053,2.423127595069819,8492.475068301243,0.27850221114692747,1200
184.67928588283013,-2.8310528766848466,2458.6511171686775,0.32911126229419946,1200
166.50496782803566,0.38632597121895307,7066.8669803435505,2.8230374272132166,1200
206.30453812346013,-5.657339852517031,9249.354641130505,0.01124140451749545,2000
173.66458710360305,5.502885862867965,6556.158591223337,0.4916315406479001,1200
232.46928503899272,-3.8224418066814976,8143.762050600679,0.5942350888746637,1200
147.31792949756127,0.5709769620528752,4954.37650943271,0.4453558244820759,1200
213.97797835081678,1.2853673416120148,4522.9039872786,0.3614465756172954,1200
218.30529788292242,-8.16426676895997,4879.15355063075,0.2225143317279707,1200
161.910917238607,2.523393679103163,4457.492841306456,0.5296894167280879,1200
191.1764799015673,3.5750756847775356,8741.886075601506,0.12487033998299575,1200
125.14931474644396,2.0006236138498164,6255.367633616114,1.3616439016266013,5678
244.3075546629061,-4.508091323697277,4060.183483446075,1.3533379844538065,1200
177.20742547366677,-4.209475001484811,7806.750431210966,0.3420297819702795,1200
228.44164715150964,-5.6911164207808955,6825.520496699205,0.4413459584337196,2000
210.8689795374112,-1.0061268949203053,6652.977893110641,3.85319553423148,2000
242.08944046958902,-1.0699743991663935,7398.203863050678,0.4325792944976844,1200
208.80277487602325,-4.614504701185073,8464.011896899015,1.0640174831816382,2000
189.08955848173008,1.531338151834322,8252.224429908078,0.08583773304991789,1200
130.8710288400358,-1.0982525481534964,4939.732310843814,0.24875631622607797,1200
207.338200982088,6.539433753135516,9841.62444080659,0.4473187649615465,4321
183.71334584873892,0.7613070664371961,8864.987579585559,1.3005592311847036,1200
181.49101225139052,-3.569212224575084,7393.952267256741,0.020119345584886972,1200
236.22703281133573,3.8549874244832467,3777.520981731839,0.7459351225256055,1200
219.56737483681812,-0.6608795765833536,2193.4021151299603,0.5354873726927943,1200
171.62644822059076,1.77766974839366,8952.017572287707,0.2479588547310481,1200
199.00105649523454,0.4527696768531314,4523.601465052453,0.6866757273055608,1200
200.54475676396268,-5.496992373237828,6425.61966849154,0.41591924410072934,1200
229.3156705757704,-2.016214952576132,5038.498899767486,0.2896317110829053,1200
237.6389239498409,-0.3567019030592004,3683.665100356334,0.03876524724751187,5678
190.52388595644098,5.322530461604874,5880.108125616956,0.23906170521068837,1200
182.9967265466268,3.579168805921124,9913.023680700351,0.19268287927328187,1200
204.70680571577418,-3.7055634013037553,3684.6099162738938,0.6388696041840715,5678
169.99297182808124,-6.16778587967224,3285.8100150309456,1.5409821509128012,1200
219.12268897933077,-1.5396413920593834,10530.511649487928,0.6919539281532803,1200
183.62328075947755,3.0660007830869187,7323.554578067272,0.28582825585024757,1200
196.56271813647163,4.9910448180919245,10026.724984091781,0.4792159927468528,1200
166.1513490274244,1.21245739023291,4423.65557022915,0.05688585309798719,1200
162.80537340994186,3.446367315031308,10856.637721983167,0.29821398681367584,4321
208.72740851377,-1.5365874401821966,3681.0803332243877,0.2775063603627874,2000
237.52637686300378,2.6148247460682708,2734.4507563141115,0.5842667814507703,1200
168.9379466676186,-3.765625169316487,7550.72820282808,1.8791371282393978,1200
257.746778009862,2.7430544157139614,9505.401888754755,0.37005533292724296,2000
220.34536447584952,-0.6349272936076769,2670.592654326855,0.48586353143639655,1200
208.27268102545935,-63.41317735154965,7457.255944594098,0.16686090144656718,4321
198.6576430521364,-1.2306475664436511,8407.315607041299,0.22219791433118236,1200
180.78999266277128,9.073290581998922,5332.821416748472,0.7641265857397392,1200
225.98781609805823,6.211052483286143,3988.1271236627467,0.08311182282456989,1200
202.6686828112002,1.6562814254647173,8974.39182976713,0.2084403766595453,1200
181.2607819214529,-0.8344479939740638,4004.2023509284813,0.8596771669844175,2000
162.65468894396363,-1.665646159226893,6926.271635374903,0.44622040681845543,1200
281.1208246991947,-5.681988218083155,3730.972336685612,1.392434585727019,1200
253.50768515417116,5.290787340931175,4654.951416984222,0.4939028164739694,2000
201.06212440628056,-1.785069884145334,5574.4357259736535,0.19022965284826518,1200
192.09569939809856,0.6056843008047322,10476.56712688655,0.04336751787467652,2000
195.1059230197895,-1.691822581375018,5888.795789707159,1.4156319016166194,1200
258.7161250897831,0.3063415042798693,3275.385092266167,0.3843488970976508,1200
201.8551649413472,-11.092992286554281,3221.1514133200526,0.35285162985865953,1200
161.4442636277007,4.6647381975910305,6225.206874151325,0.11889303260335518,1200
153.28379351757366,1.9660521888183735,9424.56030134104,0.362727318525541,1200
178.46314194043725,9.164606920551227,3733.553388705827,0.05525563668623465,1200
204.71111830111656,-1.9639227534677979,8349.795104574425,0.6469712658832864,1200
191.13775493382406,-6.710970763688288,7981.697746763527,1.0445601772891624,2000
212.3055453081835,9.72838802979827,6281.255807432114,1.79249229461455,2000
144.25332708395695,1.211055527584744,10265.280205453568,0.18180066222033736,1200
156.41773180956915,3.9910785603393717,5619.44745190436,0.116075554012173,5678
217.68006694766746,-1.7652762678035716,3442.1660991153353,0.08280790145796861,1200
238.75119763899508,1.5379022510526514,7537.120848300024,0.04962274092441095,1200
142.8460262197292,3.2925610472071343,4707.263677095048,0.826398478498695,1200
180.52043656807365,1.6958650539602267,8771.614150768546,0.2654203377397127,5678
218.43244804846566,3.5883118833894745,6721.346718480193,0.10208342900792898,1200
193.07686311788206,6.185552976153066,9318.352141786592,0.3493042772723297,1200
190.28542537160226,-2.627731100725,10943.385258613629,0.08274895952613383,1200
193.82537123553232,3.074036339947536,6584.823953011794,0.9254109159085444,1200
204.0240749488589,6.805371556405851,2274.256202857282,0.04427544932293283,1200
222.1260843104031,-1.8144792939548733,7300.386126559592,0.024828689146375715,2000
189.1415403172735,-0.8076753869437385,9925.514848865554,0.9243329625718886,1200
218.29073807480464,-0.7190433438271303,7077.6485605788075,0.7070383704451442,1200
207.82122178271723,-5.680843487491269,3780.4071861016855,0.31995029298488636,1200
215.39850853298947,-3.980881455880531,7619.377563134491,0.6173434330498058,2000
216.12565802435913,3.262550455686778,3592.0531280418327,0.03674454626153591,4321
198.22541970138872,0.2654260120162197,6227.733746004213,0.6176852109905808,1200
196.14836594189478,2.4827597153470773,4005.6984521744516,0.11953281766257623,1200
164.99298591403394,-3.6598596941999246,9347.866106789008,1.1027823657386497,1200
223.3931136611589,3.614097676295367,2452.128081426687,0.09998825113419542,1200
188.30596094411032,-6.4656503441792585,9730.005189787753,0.9877668500776005,1200
168.972274888413,-2.6454576762308086,3086.640320542671,0.7870669442770651,2000
196.26899128153187,1.2471942435167362,4028.3843561116014,0.025928695094768583,2000
211.87376266593685,-6.350508019017776,5373.112237446632,0.06489360464853326,1200
157.3764310547649,-2.718442388758297,4430.379641866002,0.13155541112510974,2000
200.23982011426182,-4.677999237011564,4505.432836638716,0.4646517743599596,1200
209.62327729757305,1.5463703073995219,6145.1495189273355,0.21371759368487023,2000
170.54479952841052,-0.6907906326830576,5238.499160530513,0.7039613045895043,1200
185.65137970152728,0.1354765632038016,3457.996473003157,1.406909396228453,5678
188.1453659091171,4.867147409603078,9092.46707981914,1.0800567321680148,1200
216.83148270428558,-2.0563914188128996,3332.859240506453,0.2646347982354406,1200
175.82189788541768,-2.4689750962344976,8987.629336180667,0.022135266826774976,1200
185.5576149256527,-1.7606086813902055,2834.0274332965287,0.1454438609728651,1200
196.60192549998624,2.30796360954863,6932.588061749947,0.2927757754723296,1200
199.58794235135198,6.140827195363875,5799.316227272442,0.2347040254118345,1200
230.3456149163048,0.634660014293608,7403.908248237287,0.2336534617323572,2000
210.77709822232876,-2.419324450697417,8406.600237814046,0.16226454311753072,1200
207.56438154371338,-0.7292422283407096,5048.175225614861,0.3129696814624729,1200
151.53556755555377,-3.73451924628321,10507.639776484706,0.820398457726989,1200
216.23350607389182,1.6978409478397318,9151.250907612186,0.006636114532370515,2000
97.13231309593566,6.602594450429419,3188.006707188283,0.29020742426065343,1200
190.2657806166593,-5.471237327331357,3283.1525171309595,1.4896497163499107,4321
155.17498117387572,4.638646015827382,3965.050846300863,0.5052999757233825,1200
210.45615202602207,-2.9941199045004203,2321.308136360434,2.294405452164836,1200
179.76631338772526,-6.311881427353266,4045.737174473373,0.2547829341058531,2000
191.5008900897939,5.136440245211241,6661.732729560258,0.1562540334282433,2000
212.89727583420745,7.311702956355904,5413.658543114192,1.2575477030934392,4321
225.88254290283876,1.0945090884780555,7261.45707954026,0.12185799184290377,2000
131.98094265697978,-0.5050038745785073,2384.1711276941387,0.968718953234972,1200
201.50749199842653,-2.35965749201331,7955.344833610482,0.1412854563211568,1200
215.28131370997096,0.35474948362424114,10021.574725783288,0.6838631078599278,2000
185.6240806027153,-1.5471016680336214,4328.593079023174,0.9172185694006155,5678
202.76510334593155,-1.2572502000245647,10249.45409701306,1.0307089558713305,4321
127.25595233910602,1.5611751306124124,2266.4381702325754,1.3753089729768448,1200
207.90722572694432,5.075821330746727,10793.369984782477,0.6022564302624962,1200
170.02740818952543,1.3982266637815604,2460.2598509631157,0.28577209667305975,2000
200.468729561152,3.8510520516476765,6666.311193295229,0.13341862912458963,2000
193.59406074255256,6.045894450487704,4408.215395079187,0.05516691441088674,2000
194.30921399987295,-1.366426050069319,4829.413974686782,1.1499630239053813,5678
205.37399053775954,-1.136851638097232,3792.249790003598,0.11860678393737946,1200
207.41286881978723,1.2877516855046782,5813.650568063027,0.6736221168709161,1200
160.4992664633346,5.7866771321492285,8850.818058162475,0.7233464361504227,1200
191.85676710176085,-1.1411988187329298,2463.721820503915,0.2417777093802338,1200
204.6733560699493,4.153976618438856,9253.0531960558,0.5241359553893776,1200
182.39404095327524,-7.857802730562995,9301.99939474065,0.06448787732709903,2000
201.83573528301707,-6.176357477713454,9497.095050133179,0.24415400336457602,1200
156.77289334816874,-2.496452287695066,3294.164137833452,0.22748644921472716,4321
136.61279586135942,0.31409490231895704,5674.51015698409,0.4036447812551123,1200
188.8597198744969,3.9661739641340596,5793.979295310268,0.32688912995912794,1200
199.1422573763382,0.43564599357546,5789.734868477959,0.0674530308684532,1200
185.63036530778103,2.864842862366847,6411.798770717973,0.3449922986640735,1200
205.26586765424523,2.7173695336253303,6436.808792852028,0.0067165776598929845,1200
145.2731242126264,1.5138828464594019,10619.24351456129,0.2879759729824999,2000
178.0958631144585,0.766218112696535,8217.829118389782,0.0880291136559073,1200
239.17329781758178,-1.2444682765002395,10774.06877209008,0.07556262415906916,1200
218.93136161800552,-1.3448297132638078,9971.375643051746,0.0007586462247220045,1200
216.83175885489345,3.20853453168569,5273.627998127007,3.1050530811863335,1200
170.98451287190406,9.418695756402789,9454.190407392824,0.38051881891144373,1200
184.0584927647487,1.553941279073818,8301.145772388118,0.3379255186012036,1200
214.28970196097103,-2.074669081851112,4101.662534570925,0.14766988799418304,1200
147.17099056588842,-0.8447958744481521,4006.0643383367374,0.6643477604268063,1200
215.15817191707842,-1.9884349215727308,9100.66601761615,0.4528931907202052,1200
207.81269136846535,-3.1980360718737635,5214.995923186203,0.7998800623206814,1200
200.70961661768214,1.8747927110407143,2567.516124373703,1.2650305475277372,1200
207.7418754104016,-1.6840850995879355,2110.2847951406684,0.38090384815683587,1200
208.4477012139416,0.48372673946105915,3660.9958653413396,0.07612888437838318,1200
172.56226161037503,-0.8623199078689083,8565.934967597364,0.5791279897731313,1200
212.9521627985043,-0.489872901605079,5896.781162118458,2.208480114626921,1200
251.78627767463573,7.286160356304715,4824.332775243251,0.1536863938075256,1200
243.1952347793628,-1.1505119619409503,3297.7488753010907,1.1622188786438241,2000
233.12588170863447,-3.5146525478450235,5128.6608902135085,0.5076450785651092,5678
188.41802741170935,8.445062007485651,5441.620987570026,0.4082959769430333,1200
195.69784679518284,-4.6368432964990856,5697.8276920969165,0.03190333084786891,1200
141.8188542530458,-2.096567525630191,2976.457054728071,0.2930309767578228,1200
112.35956709793572,2.6272737333463936,4713.48915796224,0.28743294356956123,1200
231.00866851915217,-2.624385491184915,5394.051660506329,1.0580553579035241,1200
201.7763403524307,4.219606393864129,5150.068549055526,0.4895609829688578,2000
171.77717805708153,-1.2242920540838471,4236.483632868795,0.9140466164863574,1200
205.14646196835622,4.021285155396668,2933.870725159637,0.25469190979821715,1200
175.03775315830075,-5.3095231476714275,2560.1470825582105,0.7922735764247851,1200
184.88191878299898,3.27501242853351,8404.090993799062,0.020859377254388106,1200
250.56447917194836,7.186795163209226,2386.9324834722906,0.3355834992648701,2000
196.76233519942713,5.1063938815896055,8811.600622635493,0.4478225166208199,2000
197.72439792108952,-2.09753052540746,2873.5206594150895,0.00796832554907951,1200
208.72280313956313,-1.5806578956631103,2179.3045890198237,0.007209462451842291,1200
179.34843646865087,5.4771224486059635,7077.9681518938005,1.2749045283769864,2000
201.80150124104682,-4.900487753084272,6544.198847526504,1.310639868952388,1200
207.54456311142408,-7.736100724766561,8954.095754392289,1.4209299989849862,1200
191.41191439934354,4.266590643318499,3271.102108816586,0.1065408679809291,2000
164.070746394185,-4.5506362440490635,10742.568025985413,1.5957386370674995,1200
225.3866189706087,-3.475873979931884,8979.927504061987,0.7047486211887056,2000
187.8178024281556,-1.787485225792097,9033.259631041521,0.29688803853801377,1200
202.76202008486106,-1.9644730602729854,7575.627078253985,0.33883047324229304,1200
168.590204692614,1.9315045999944256,5046.101925505065,0.19291396442405503,1200
159.69272986803563,0.6323958840871601,5174.0761441101695,1.1035796759605425,1200
175.03526283968773,6.193525409156716,9857.473494148413,0.5254820026534923,2000
212.72528800044356,-3.3652153740743036,9729.43521153093,0.7910589274740011,1200
199.80078266715375,-5.456744227878288,9873.16522432565,0.02642586723663402,1200
199.29778803292294,4.246661294117189,9735.970821789928,0.06172244562298438,1200
226.76613816430222,1.641171095861483,2849.70510534324,0.49233688278189475,2000
171.86429959422776,0.304470535984076,3244.331297686249,0.01090339153086303,1200
225.04828450858915,0.8998319286833445,9140.651969208302,1.0407753812786413,5678
246.2235895138901,-3.271935577578223,9704.977535467942,0.4993994228424988,1200
243.8655009382823,1.0716095441657878,3500.995144322529,0.015931399707336064,2000
183.95436057058143,0.43281592529081997,10442.594374522287,0.73473132844676,1200
186.6612051600567,4.614145318508533,5986.371901907476,0.4806973062059284,1200
241.27184254339429,-5.328234929384156,10562.948705098132,1.556082351709001,1200
210.01131278162498,-7.014898083076932,6072.590821793493,0.15154038600602293,5678
201.74556641749533,-1.707355348666572,8143.699469225802,0.08853882796376822,1200
201.86232698060346,-4.627136098286674,3275.4851842214784,0.3149856531244345,2000
202.98327919802065,0.18194087985572627,3709.737692463018,0.3354992601882952,1200
203.89334097165786,-0.2695916952846426,9058.6639593276,0.023362337522417346,5678
167.63023185717816,4.136319680616709,5419.838115929016,0.1922421280352019,1200
194.65399487471885,2.3775941439083677,6526.549225756834,0.15917240684598621,1200
203.35102512385774,0.4196298496762151,9167.443086035575,0.47073820797850824,1200
163.05766282760965,4.758690527484316,7519.239474629223,0.7201026142185003,2000
250.90653201454407,-4.992208729381717,7917.0755500854875,0.1476320161503174,1200
220.2787971291045,1.0353357213108194,2880.8766378483806,0.661552690058136,1200
172.35403067963927,6.432700910434072,2962.3827975561453,0.24580099930331872,1200
273.6491676521068,1.9438635640659216,9884.13150158251,0.5442911329656333,2000
194.35739086736874,-3.40620436278311,9106.413161114473,0.4565061166828639,2000
207.2436270230774,-3.940701036406945,9434.562043634574,0.8048455820438574,5678
191.3825902675179,-2.8487504302823465,6374.586942845975,0.5145901110149055,2000
256.6396682931048,-1.5704572460155453,4622.670273748152,0.1021169152213758,1200
210.5642586299233,-4.951102106355987,2183.094681772665,0.7777872376279668,1200
180.83456838631153,1.4453590657763087,6228.5404787926955,0.5857749907737291,2000
119.79798072537741,0.46202582273475973,3241.0483232678016,0.2564765217666014,1200
219.65127260696383,-2.206022461974574,4488.716004751508,0.003910554963974417,4321
233.55210878320057,6.165915436016074,3314.1770093438336,0.43471674848031233,4321
181.46915609582624,-2.848114889478784,7507.013458832574,0.4033902179062722,1200
249.4740208720228,2.049030720965784,9089.891907164663,0.6556904504724907,1200
205.0064698116397,7.322041419859579,6363.8250045936775,0.039840937937215555,7500
174.5920724326597,0.9596484733062726,6412.060033245174,0.27818314094466806,4321
178.81748461229012,4.757270839453864,7819.605932990289,0.41749879044362087,2000
177.78892067394352,-6.517545688657945,10996.398330492957,1.4542570530792531,1200
157.83913974239437,1.662978644853075,2511.626909627225,0.5637547652682144,1200
226.77342423947738,0.8888060606906378,3120.3395685827804,0.2694183991710932,2000
159.5004071338706,2.7509458374853586,4673.522706313061,0.87216876550998,1200
196.73098146699263,-8.070273518992039,3139.3490221608126,0.28175880031395545,1200
200.3658714481987,4.2329700797806815,6997.461202559504,0.6602088092978082,1200
194.04540379700745,-8.247459292280354,2652.560466352473,0.37716255128224124,1200
165.07096551466663,1.870204694655261,8489.06885142087,0.08382829312506512,4321
241.25312829479185,-0.7875525610007011,4587.700582469923,2.0789410148848284,5678
185.10417160047066,-0.7265373859891279,10741.499500020784,0.34948374137933125,1200
198.23337839681395,4.1811295251248675,3878.390335043714,0.08163794234909556,1200
158.63350198148459,2.389118291048945,6053.547898864825,0.9198703722592279,1200
194.31269291498722,4.056709705746166,7886.314306392873,0.54271015182623,1200
184.9111329525463,0.7306447821571685,8169.257417356007,0.24213495504790883,1200
252.88639487379226,-2.7375063393669623,9907.871586213252,0.164619432998178,1200
220.923675363652,-0.973121800665413,4979.522768779656,0.21625133202136426,5678
251.5571131784268,0.6978845310230993,7432.142054627292,0.6448079432394317,1200
230.9863741636475,-1.0395288274865568,3469.1327749019647,0.08464464251694527,1200
195.05444663836616,-1.985919825669507,2602.273925968998,0.25199748014905426,1200
233.95414753737796,1.6769978906095158,6972.143873780778,0.21220716341557772,1200
188.20948130737688,4.563245283409862,6865.970608712793,0.013131291834092007,1200
187.02452119813185,4.83865123106423,2120.4002252045266,0.3160866881062805,1200
230.91497510252412,45.88130436691206,3313.244589777506,0.06614623580303179,1200
178.09916343999598,-0.821803935479111,10668.191865645558,0.31741698766181076,1200
196.07886823929124,-3.884260543198639,6182.955286572912,0.26335797584274095,1200
152.23643266410966,0.7855264694634129,10598.282542248386,0.46078050370367474,1200
203.11307231436552,2.130616493356938,2705.7082364743314,0.2492658719927461,1200
218.793978523654,-1.182054636549563,7667.700411649262,0.21901762860139712,1200
146.98758800428507,-5.625836615579454,5447.305545664558,0.9366103193649596,1200
200.2811023922962,-5.38816492755657,9055.602212325288,1.840310084569927,7600
192.87396014890086,0.26717941218267105,4144.052142581697,0.23308746658073867,1200
226.77069523635402,-7.2785938664983085,5897.174949234409,0.4178133140489433,1200
202.13845105942596,-0.2607714984478936,5089.102728375877,0.2526959906431938,2000
206.07144238521468,-4.870355370434851,4995.143609473421,0.20075019915925515,2000
175.94135913020298,6.467170246869738,5546.123086129366,0.04717840376032907,1200
239.7805702454091,0.04538193986408583,6251.378138477699,0.13186413877992229,1200
121.0536292706219,3.1962339156453607,5999.780687809627,1.61247177711967,1200
196.09122444485567,3.0003786610627543,2536.6412791312696,0.030785671190458927,1200
209.8362618560827,4.257315298638303,10899.566064752056,0.44220900073692815,1200
161.3375634701489,-3.2044951012784093,4863.626542163854,1.101765145886836,1200
215.38126684661017,-3.1379237387798367,6724.259273319756,0.019918196527231025,1200
223.77457267263094,0.2238430423697844,2721.0223926984017,0.2030738821719194,5678
209.86696532723698,3.493154104581608,4269.483784194967,0.14776348905493697,1200
194.20754744978717,13.478422709639693,10721.420807424767,0.0983616059327718,1200
227.01803114594355,-8.531055395353208,4242.588446032711,0.14770265919961578,1200
231.9240867985607,-2.7797692819340174,4145.591114253615,1.8284106997377019,1200
238.34845458280654,-4.12203605947994,2940.0685974872067,0.21694268637760517,1200
231.70562769666168,0.8607904034436028,3933.5866990032127,1.1380705586543456,2000
259.84118513198973,-2.783708754743232,6767.841754407537,0.043005806890251075,2000
244.5270845719301,2.036705861387738,8827.564707298745,0.259636449523538,1200
236.53714795766152,-1.0864912354332077,2197.8091212895815,0.9359451000215903,1200
241.3604834572655,1.373341176050689,3404.8782829053544,1.858498626038901,1200
208.62893650300714,-4.362165744260784,2634.684965267049,0.16714906306362962,1200
101.325287473402,0.7640654628126439,9923.856188457008,0.22621022070562893,1200
210.12529566007265,-5.453248920427039,6683.362400700319,0.6725215547466886,1200
208.6252928559808,0.3730285238924778,2661.934254553992,0.5628187919475172,1200
205.96815438985894,-2.0968681974803687,2465.5716110519784,0.16206657049177578,2000
242.94694317590563,6.101091006549284,4498.6407370382585,0.22031057846732027,1200
196.44029420633538,-0.9572290901487773,2398.787436793981,0.14051279560832827,1200
217.23144336731502,2.6560860701449323,5571.685074786994,0.3542149537298892,1200
250.59237432058765,-2.429947879664253,8633.082626593112,0.37292116905384953,1200
214.15482353334306,0.0392945998046541,7478.371379152932,0.40161318929158824,1200
198.32253925052802,-1.1365745580173048,5673.297003538995,0.6121985864130135,1200
267.4007700916473,0.010203314610135326,10344.354875639403,0.33058227663744266,4321
218.24712448784834,-4.737628365159214,10553.649286705608,0.004088265474162773,1200
226.976132257044,-7.409071968712615,3342.7479049415297,0.20430142635140183,1200
208.0581117489894,3.344923934384656,8653.444250080523,0.5327026404510579,1200
246.13392360836403,1.6846970150741802,8251.74105045505,0.10302749983794411,1200
220.7057990186114,2.3454400629261585,7607.624809261669,0.39016927559575953,1200
179.3323085664306,-1.5421683353484328,4010.218067925668,0.041700974112213955,5678
245.6085067537672,4.402284944741327,9011.785492167608,0.3916882241617379,1200
158.43033166812893,-2.9148013226734015,10123.603361546238,0.6686259541405334,2000
224.54553723724547,-2.143118323908624,3706.105254713885,0.3348572605682225,2000
191.83693204486698,0.35509606549334355,7247.744053632959,2.118007508351954,1200
173.98975391409436,-2.277505716298724,7322.681396508347,1.0639933230386203,1200
182.96279982367565,3.561149235762706,3734.9694029402485,0.20322728892659397,1200
210.52528599981102,-3.3610508062545006,6342.31586562473,0.19210784714134535,1200
194.4065264140949,-4.606709764931154,8911.068609214362,0.9787192020563938,1200
166.69575108050566,-8.672891106327166,5466.591223232158,0.25206548214355545,1200
218.8727977442253,1.8307064509770248,4802.681258290938,0.01990862028356533,1200
214.869675119647,-0.21647744441322989,8786.447627976378,0.24709671371959072,1200
208.9373331049244,-1.041745629081914,5654.415685232239,0.031215927040559206,1200
173.2278117948756,1.4688623255290418,4003.016485113325,0.019104411677345123,1200
234.272491958973,-7.263087727544648,3748.624112650288,0.28088051608129677,1200
168.48405928793295,-1.520271981786047,9105.032144322602,0.6856984724462282,1200
160.69200389193512,6.356831795511375,2412.767231713836,1.4943349813643008,2000
211.5225220276944,3.936035299925942,6703.338005500929,1.3375630453258982,1200
192.41562473876886,0.6577195374463479,8870.449378762936,1.5661059405417352,1200
198.92061596046995,-4.203153331512218,5277.889846932949,0.02725119977523063,1200
228.43805588297795,-2.619356517378511,3060.380048618822,0.1951697616924844,2000
143.07418058918844,-1.9717438779540606,5664.59538473988,0.169282074770361,1200
172.43865245566255,-1.27806371356954,9813.86586509858,0.07695516720706085,2000
194.7449293625866,-1.9605746360106777,8751.905973034629,0.8534379034930092,1200
166.34661226083514,2.796539719949791,8167.661090821186,0.2805593268764557,2000
168.758272882411,-0.15559383794290263,4210.09925045228,0.4174082838367515,1200
207.86953795034646,-2.8824832344785087,2089.191299809133,0.1710953999214989,2000
215.22008800926858,0.3220067322950186,9878.605784514682,0.5827286219352147,5678
189.17045669769965,-1.295489741231637,8004.408376715626,0.8880460765963529,1200
181.21680150662706,1.9913218283058292,8643.151909528384,0.5616438345306451,1200
423.05114409433867,-2.7213200558905215,10616.581520400123,0.5582345354722256,1200
156.5296660679515,-0.7368797859903846,4128.698918293389,0.8036391014547926,1200
211.15773864774613,-3.8996845810284912,5376.656234931742,1.8394979482799276,1200
177.38150669606728,1.1687836245939893,5324.40618046214,0.23792869100815547,2000
183.61551035152286,-6.639129281785273,8834.178331888757,0.3041866186102487,1200
227.38610857325523,-1.6638225391545052,4886.265295834262,0.33282590034638115,5678
210.0360703051465,4.025505776715158,3402.742148997572,0.09387425602887835,1200
255.1648902222035,-4.9591556504962115,9259.247171802192,0.6569446730399631,1200
179.89983071315075,-0.7505541902851909,3001.818551362785,0.661029156686329,5678
167.11191004634807,2.514642462192995,6842.621253836538,0.07701506300551972,1200
227.71329139220256,2.429901248727306,6351.579167685348,0.16093383847183404,1200
226.04679434274095,-1.3298128988258826,9803.704367926819,0.08621510842072636,1200
152.43172627199812,0.8115548919993311,7673.908081927434,0.4917870839879463,1200
184.39157358074814,2.039140410769361,2007.4063201307142,0.4301012454413572,1200
115.7959023102762,0.7185389960456718,10615.142988417005,0.46554626601982985,2000
205.86982270665706,-2.3017786466482737,8304.11608399928,0.7144872205167849,1200
218.9695210338029,0.20148681478984423,8661.20175018948,0.9875422123781327,1200
186.45497603002542,-2.2800207808616086,7896.198656182918,0.4694972003987339,1200
239.99698327883144,-2.954276383278477,8964.580855082966,0.12623436401826194,1200
217.82291403267527,1.8122383033736233,10143.95458183783,1.06608680463273,2000
217.68754497621725,-2.794078346023144,10960.847169217206,1.1887702553543096,1200
238.8551273101603,-3.6857411354978127,10484.495992902219,1.0416411929982436,1200
143.1816160513853,-3.955767159384193,5013.137191304022,0.8174623810787885,1200
191.2485450005786,-5.363397575563911,10142.307597276522,0.13775113297045669,1200
153.42352141941825,1.469178542994998,9161.175648217119,0.3995724456231168,2000
192.77780958927812,1.9931966995968482,7782.302798688436,0.003683587645697062,1200
162.69100751109008,5.03761792803529,7306.506069431732,0.4903973154162582,1200
165.9730588080877,-2.5239577811724963,6627.182326354879,0.28053575963251026,2000
244.57304756274982,4.611722676584768,7190.615867240211,0.10445643158806724,2000
175.43017956716727,4.091889418819822,3923.0175284200286,0.8230113507663097,1200
191.67251427863363,0.7342499492458051,8902.299606341085,0.6225736584957979,1200
180.18479978964012,1.691034925968409,8313.371745470406,1.365973036646875,1200
247.76951124379875,-1.6798260823994557,7856.126931654935,0.2957047078880731,1200
209.22435436148587,-0.4366004082937247,5228.574294577766,0.6948452678737161,5678
188.9763302874362,0.9515865435815,4950.813192356579,0.02358578736641837,1200
206.03150975282048,-7.207126535092909,9369.87815325984,0.19821407724135903,1200
194.42027936168486,0.25423847150733137,3440.029918101113,0.3710351375814048,1200
176.94124998142112,-4.846453457183879,10596.571296620798,0.2526660145536218,2000
182.45943156207002,-7.52565642180495,3180.907381180868,0.6441730343465386,2000
251.70338531143796,0.3455543247373879,2979.037184667075,0.018303197237197928,1200
159.88949448687742,1.474551440110489,5131.320675211299,0.051674315380409334,2000
224.04740702053596,-4.844036694244121,10726.997028841819,0.061925186612862976,1200
117.19527424086479,-1.4650461858792063,6970.703056722461,0.2903650219023626,1200
192.52194970513798,-4.669978085679219,4952.012294236633,0.49844157894581875,2000
186.79381443881178,-2.7092714346711326,9988.514480124868,0.9987869268249034,1200
203.43354619647468,-2.687391295768958,6654.173827847606,0.32277791499429326,1200
196.81189882814732,-4.344983686400785,9003.099284302858,0.13273180595344483,1200
191.48285392331323,2.818699894779165,2161.189209682467,1.7819586401181176,5678
161.24378786403514,-0.1905166675497754,8844.77947044651,1.107228739938423,2000
240.33896008825178,-1.207632079201885,3639.7828071084296,0.4381463276958675,1200
209.35841249736652,5.91627302339547,9351.782921338214,0.7764813904452004,1200
239.63377078539884,-3.7902624077829143,7719.855317827009,0.7394303898300927,1200
221.0709828042912,3.6550192786139557,10610.91221693924,0.10797032610769038,1200
219.70145576678544,-5.765294660848899,5623.681264128521,0.17140851230637255,1200
176.90362832201018,5.766302216098877,8451.14211048573,0.07399832166608931,1200
162.11210812755257,1.6116404898073755,4307.173220283346,0.2321037219257855,1200
216.1572482727438,-2.880064621833302,3339.6709342794475,0.9094110142476229,5678
224.41881529273613,2.7302497827024492,10481.908773730844,3.028645862207049,1200
175.7865819697961,3.4434824536553124,5323.027906269419,0.07813903583158296,1200
203.49686175166678,-4.141718079352737,2590.1178792136275,0.10862215431809005,1200
214.78673463675221,2.4879896497975444,9758.875075726279,1.2341878395679904,2000
247.3631380686645,3.0207805342304743,8275.700426451343,0.07490162914223883,1200
229.123219383632,0.3481985529604753,5072.327061487309,0.874930744052306,1200
161.9324031463757,0.7062661062391576,6781.996744618801,0.3592797953506909,2000
242.31555894500394,3.518036564231488,2259.166081529846,0.09277924894345048,1200
207.24475840685568,-1.0351446726505331,8210.597829004648,0.23601708320157905,1200
198.43299662794539,-3.103203372305743,4149.735086859909,0.5773342645190159,1200
175.1528998154883,3.062020730725321,8042.919102996521,0.20889380566487872,1200
218.09617816635122,-0.8540864492650045,3406.514169322767,1.5265925284163813,4321
220.89086126611383,-0.6287301216801052,6434.3130229403505,0.09378590668806629,1200
172.35085667603073,2.055944646244114,9300.19903198033,0.30213291747752646,2000
192.00082546188108,3.849551701261676,2929.093516217116,0.6336229379064819,2000
177.05964565567072,-0.783291128641098,7023.746771989725,0.5865521472343663,1200
184.74822823357405,-2.1188202544757244,9700.019780546194,0.3711777753343946,4321
198.17232394905022,0.552581891017084,2275.442072529349,0.9667979149371133,1200
196.72192685236217,-5.314442943414135,5187.424251000508,1.3757396902999008,1200
231.72781157775626,-5.701644212203796,2915.4936524939326,0.6120684256634776,1200
223.36388086748855,-2.92395131012337,7507.820789882511,0.2017842793578317,1200
183.7790449202644,-8.722446620240069,2099.5825695851336,2.1216054839214578,2000
191.53521329426974,6.925405188973924,2559.9228358807286,0.2844627487919325,1200
205.60027454440214,0.6256700711347633,4329.44871848675,0.1554116049551121,1200
227.53308746558133,-2.380671638514416,3220.0689555401395,0.1603740876287814,2000
170.44029075503863,7.273885916432717,3881.844363764738,0.14768549624267785,1200
207.8218881128027,2.2487358467046796,10277.140287587083,0.06632052338231885,4321
188.2970192642889,4.286637345065604,8221.307293340451,0.04699265226170019,1200
235.63158144620053,-3.273836252978949,2179.4877332728097,0.26493958728945455,1200
196.28267144486853,-7.067675960977136,9457.745565470057,0.5135112863184076,2000
215.4512711875853,-4.518369078877962,3812.771985190894,0.10335558574002277,4321
224.07174858911137,4.959010680720714,8976.876154357182,0.40334560559224186,1200
190.70551546175062,6.3607271969752635,7654.165919375688,0.31817287009906403,2000
190.1593186036738,-0.3352384958438774,7823.1048082393045,0.9845086654328316,1200
514.3858551192765,0.3048728670045067,8772.501744976738,0.42579676617829465,1200
196.11848049252077,-61.644405121747276,3198.201391128814,0.10430600848367243,1200
214.95948533170753,-1.8023843724401045,10400.78038053012,0.029938690689055476,2000
146.7069932877573,8.073707517474208,8066.451977483668,0.5010319329619801,1200
175.0827423805797,-10.72223241081495,4383.458102360725,4.342601558405783,1200
187.7723724142129,5.945531368485379,10307.820618915935,0.03721279882998855,1200
229.39810786609416,0.7181474882204558,6998.577663619716,0.43082253073673904,1200
247.88619995309088,0.5454201799852826,10474.20738564786,0.6878597723070952,1200
199.77070375159843,7.822613013255262,5040.188973429984,0.15444759753406923,2000
195.80316943195018,3.87333168075617,9372.477847576629,0.6376113070600583,1200
190.2226709151861,-4.326357839672084,3932.249293764987,0.13270823945348212,2000
208.23872424694738,1.0109716157744206,6021.1216985769115,0.08437458022683607,1200
219.1516948771599,4.689447088831421,2397.3349521869713,0.1858486027615474,2000
188.7782308714596,-2.2836332250993294,5672.633669060937,0.39890565042732895,1200
178.22709387034757,-5.202214342903145,6030.068464912951,1.3429352516601862,1200
204.96912727925186,-0.23903257301126016,5290.660352103516,0.5889321670758287,2000
190.38470580235872,-3.2637833173244912,10984.532966633209,0.8318534323413828,1200
181.1382797419076,2.716433188488677,3585.616530315886,0.220507682090415,2000
197.53395897850154,0.06863640523252146,4855.299580266056,0.39104757488287817,2000
143.0043914205358,1.78558528476622,7364.076811312837,1.0762021304668488,4321
197.59016020325402,-3.555315924147473,8884.949660980717,0.7259069943160081,1200
253.22811623928584,-3.6897122873470556,5032.382465479588,0.372439741952273,1200
224.08191613733123,2.660935019722404,6078.5868798953625,0.48032475362171195,1200
204.14436654432183,0.19997192594534666,2394.0518100173936,0.48253812632218096,1200
218.9435261195111,-1.9801460232921733,6785.220590934345,0.28543804785757293,2000
179.86678217750196,2.108181216576026,4977.903989296295,0.156830600114458,2000
120.98491122596059,0.5532046036496014,2555.5650852376625,0.059683399780679096,2000
191.40784328280168,-0.8956065143644617,5054.538509950749,0.12253992315282142,1200
194.20612950850668,0.22260971653590983,6380.537615032632,0.9727076937226401,1200
212.63050244325402,5.4312282674759125,5130.055705923805,0.3833255786749956,4321
120.43038201407632,-5.179705022058988,4867.179727431914,0.0422095685573816,1200
212.5454901125764,-0.27297465433020673,3825.464571217239,0.18956548308626045,1200
285.72918550734613,-60.293463836858,5867.141762938258,0.2737388746285743,1200
206.79959474056668,-3.7271138940068473,3751.165201243712,0.07196799630563559,1200
260.283449374859,-0.38548152516669937,7589.344782323027,0.2742474503063868,2000
209.06833287107162,3.797105742429721,6574.076755094391,0.12600513710251546,5678
182.41834661837328,-6.616677335321015,3720.0297162493953,0.12985050737639386,1200
192.82714039962147,2.522620652751994,2390.3389531673874,0.565281886648927,2000
219.40664426895484,1.448106485358177,8751.802392982096,0.3098172582988886,5678
239.94183789578463,2.636063366822663,9650.653143872947,0.41483181222077675,2000
231.87715960408025,3.2378664401411608,6638.519958546604,0.3262829322263185,1200
179.48071460533012,6.10848490836386,3879.751272048446,0.9021984291751525,2000
231.95858312600794,2.3096007096921047,8316.848298566543,1.1323137465292097,2000
170.47617198549713,-2.6511702625802864,7501.857958715556,0.1573524216541091,2000
227.70677859282222,-1.801770199922036,6745.933118558664,0.6270913055576336,1200
220.37569816621865,-9.980750500082477,8050.780427362559,0.022678587084514208,1200
222.68035037855205,2.981023326552092,10987.82698498414,0.22067198823383627,1200
190.3861752981878,-3.2893331880382872,2943.003675833701,0.13104336969810826,1200
154.06480560053683,0.31965939968743534,10922.721241914323,1.0648663411844312,5678
174.37055806791585,2.2064622130157288,6188.185046166569,0.7733832357221897,1200
172.88940450102672,0.25088239954215785,5141.57523149512,0.06894390088034412,1200
132.1347264358567,1.0561471189279497,7297.831096146182,0.1267245964272141,1200
184.15083715255594,-2.8223319952121044,5421.405248915081,0.947724210226425,4321
222.63999150910837,3.500750828701761,9283.456525835947,0.43495812332557554,1200
184.8357566688454,0.7559285902801117,6504.346870562692,0.06567518731444379,1200
177.7599474690614,-1.750761918110817,2171.158977954467,0.03993582557639323,2000
212.03691140017594,0.7412562213705198,2632.351682337411,0.8325822500248029,2000
201.2349509311876,-3.168805729571981,10329.38371217525,0.0391931394129682,1200
194.86164144977275,-5.478241749325668,5121.479218016334,0.26753687203431464,2000
144.54169869410148,0.7652950800873144,4200.681915644942,1.6875701140106547,1200
224.0274509598954,-0.4310614686795589,4855.906469333572,1.7520248620639978,1200
192.6912574257027,0.6593290772189454,10948.000039039509,0.015338988923684961,1200
176.20685750426387,1.7318730598263203,6794.998935729903,0.0008720235801703149,1200
232.55617973787727,0.6298761246431692,8235.534126054326,2.0455510866216913,1200
241.07330031516932,-10.79590370542541,10800.092389487178,0.3042993747118842,1200
182.78557965463332,6.176717065238733,3116.198575442787,0.3415792121970418,1200
224.80213036608583,-1.5995306600890722,10794.547759069592,2.264990816596798,1200
221.8174978887614,4.277313480170574,10809.201143055627,0.48801572066480764,1200
218.7092982195865,-3.6771410644889864,2083.458396576267,0.353543454026802,2000
237.4359107450037,7.8957715690353405,416.27542446034124,19.585421868416038,1200
160.51297180945863,-1.8698020524436083,6386.036616985101,0.5067058397443078,1200
148.72663324570834,-3.4591918815557823,7406.697760668653,0.2843184185080567,1200
183.42260435889574,-1.218656624901107,5941.457271064906,0.47097747875497364,1200
116.25022867556008,3.2336771687214902,7347.837732975148,0.058788474550944735,1200
200.47964381087766,8.170531376081081,6338.744649963617,1.3172018306478435,1200
151.9966910106677,-9.59570433907853,8934.993702772445,0.023945553164909022,1200
142.55249601584734,8.214546347418512,7582.00285609686,0.07946420526848008,1200
189.54982618404523,0.0637868047390329,10797.059945900124,0.09400419773936687,1200
237.3394632419744,1.8910780452217948,2076.9422991744063,0.8520877760676336,1200
156.99197498451758,-0.22668132916262534,7454.383183523704,0.4797082724158141,4321
198.336009079691,3.62254488907888,10343.652963325261,0.0049022737206160525,1200
264.1122347574794,0.09490155677815831,4217.010204891456,1.6672957607848151,1200
210.59959193125025,-1.2480397294587595,3648.116512711437,1.551107466712094,1200
172.60298569697474,0.5185132174667448,5522.631360628655,0.7356036909054707,2000
226.34666572937596,3.6355780873017767,10987.326537563076,0.01836068682597745,2000
217.3174936160534,1.8340292971071708,9270.998134490366,0.10778596854345464,1200
168.46164779292909,1.2036139937087533,3628.7197411531347,0.5150133717993525,1200
203.5695478744506,-1.8519333882301945,3959.127692809636,0.7097493188578315,1200
161.7567105571112,-3.514379077238346,3992.766300358808,0.9296616549817361,1200
230.89330102482728,6.388506709277168,4165.762806186445,1.6757000345629731,1200
202.059887211984,2.520078896842454,6090.309992769253,0.4259664321738106,1200
225.60981107028303,-3.956582940988057,4807.817409083764,0.24869869728593894,1200
189.72361102820645,0.4230785094791089,3664.412833600446,0.1815126649679898,1200
213.6124492329011,-2.056886095637021,9141.637299782531,0.21408240389801836,1200
222.19655545739482,4.300784849666269,7190.302903041316,1.186222066883923,1200
211.17387362641907,0.255889296782177,4176.428039777426,0.2756783940804517,1200
199.46102260268884,4.759590535809697,6030.3308106712575,1.0199011544206784,1200
169.67813268285653,-2.8233462009110095,7685.351688249096,0.2897256895369282,1200
160.26087463110366,-4.123376998960248,7413.339531400151,0.939077237440675,1200
173.97040684284306,-0.5403508138588695,9078.654105995025,0.5025666900930738,2000
137.89836680712236,3.5908605412557555,2488.4402782338325,0.02804215213798926,1200
246.25409914416406,-3.5306025711830857,10332.929768154449,0.866971763044728,1200
205.6136732832202,2.0723623428042828,4783.09480246359,0.09115273173157366,1200
170.2968637894882,4.161165031139432,4263.03213503501,0.8271127875294286,1200
198.21437884714425,-4.532665034445156,2375.2199680983067,0.8891559934759261,1200
137.5719008942867,-5.704000144745833,7172.714613942871,0.17637352750761648,2000
171.46024767450115,2.1141821432998986,10022.042371654621,2.6966898838036313,2000
216.2786371472885,1.7101048567254138,4322.13265442249,0.35808123584117835,1200
246.79716398945794,2.335586669289653,7837.643273630992,0.08688251754582481,1200
185.32149427507767,-4.67546425091871,3978.8803981837864,0.5932515851348885,1200
241.36856934415906,0.3768399436062547,2649.876816776436,0.16255917149479643,1200
207.3537114546785,-1.333798826069767,10695.922171922317,0.07767907091306943,1200
210.706039276906,3.0453277400616066,5922.0213076080345,0.8484666844034601,1200
157.87589371637006,4.003529642788839,9261.661149596395,0.7915118481623826,2000
201.23647069813148,4.117597522827907,2104.9600568093842,0.016001535647378298,2000
237.08232745240804,1.7127352871650048,8851.542076699869,0.18342878505054924,1200
189.43458630924096,2.1857486996617226,5340.595054155651,1.8128434661174302,1200
214.79078287146652,2.1582753537035617,3166.718146363818,0.5590193735133429,1200
195.79346978627436,-5.502652220130339,7524.48500443891,0.7573405124498356,1200
177.39109526781414,-14.22311902970819,7848.610453137398,0.3188208537572266,1200
221.22406116343643,6.503358053860035,8283.43523881425,0.36898832594618464,2000
139.76337960156096,5.037904726701807,2375.212636250547,0.007475493050993192,1200
219.84207273536427,7.636859507008303,7829.321267192717,0.6710040950631286,1200
217.5902305342725,-3.170328330617624,7135.789743673323,0.12495148635283752,2000
205.58920213658146,0.372842642276081,7581.489115030847,0.6196298229093791,1200
161.09036442864118,3.763909856587665,7184.882608280982,1.0083448094089082,2000
200.35043250652893,3.625105642715835,7556.706209661848,0.5584147616229517,1200
196.91691642912966,-3.673047120798683,9107.012239267755,0.5013959326692465,2000
225.38080260792032,-1.264344957658455,6148.934952255513,0.6254369329625508,2000
171.64482358130448,-3.610664455766799,2204.1890380172113,0.2177648059044377,1200
135.91491619734887,-3.6200358631924003,3419.9619945307754,0.09157027949130017,2000
228.14365321728877,-3.197292406528963,3354.959851606367,0.3603527257810421,2000
205.96828135335153,-1.1154672226349325,9129.092975730588,0.11869755186413612,1200
184.19445529655593,-0.74486018548093,4122.997471771668,0.1611700532394715,1200
209.03031449072392,2.2634156932581435,114.15004801380167,19.932554809851318,1200
222.45452599185575,-11.355954850827498,7803.112228510799,0.12485805639620802,1200
204.36628277076727,4.674444531021255,7014.41466419256,0.2531063876002465,4321
156.6502091297782,-5.9445955463760995,9899.745086366926,0.8444330709910319,2000
168.48523942229338,-6.4906246457778325,8895.716166491475,0.2427931131267753,1200
235.23174127288073,-0.6833895082737168,3785.7933910186034,0.60361003719869,1200
198.0738258946644,1.9365428228848158,5129.298180775035,0.4050712480038249,1200
219.103502222303,-7.2161618339810865,6014.166718853044,0.17034498314145885,1200
181.81599366685904,-1.551351693234193,5770.450117495086,0.37800310583208774,2000
164.6004954265724,-2.144888231370983,3388.909671058469,1.3793496297253234,1200
196.80478325499408,-4.063134198513256,5706.889067849761,0.0476476259794428,1200
194.6781918269192,4.512813999711199,10762.681692051518,0.2662713082418849,1200
261.3575444886729,-2.767216406393087,8964.095598180795,1.0459002927925964,1200
167.73966100339248,-2.5726020833255987,6654.215893265836,0.033441870563852935,1200
183.78109749265548,1.4830680938863507,7909.8518111855365,0.2325778702825544,5678
139.08169201484083,-0.0035880051808668194,3164.9433559257022,1.8684495426083927,2000
215.49620115137205,0.7918317874007694,3815.6141077934512,0.11297720486861997,1200
234.29176537140444,1.9581142549162063,9869.867126998784,1.6335163761387694,1200
260.79643067243546,0.14613259987466576,7255.021371567073,0.5673015917879384,1200
218.47905834086117,0.9820120460143414,2461.5366023515726,0.07168597853707294,1200
208.24132943343943,3.210044159969012,2050.2252776373275,0.15401195244360674,1200
198.84888259505695,-4.597140980651746,5713.790583079853,1.327250953331617,1200
237.20432683842165,0.08447387886144486,6062.360492773519,0.28210381882412067,1200
244.50641448977453,-0.3974121754385442,3972.161255446515,0.8038343886976662,1200
172.47359290387647,-7.05113050427776,3303.112596091857,0.12105043109307584,2000
187.83286410579905,-1.7434092095593536,2572.897877398482,0.2500903848292078,1200
185.68795708901195,-1.0679915366870183,7927.817099721778,1.2290552752980501,1200
232.9499576950131,-3.6526859606474567,3085.1029873264206,0.03833261678973728,1200
212.2331214204239,0.8008106668882014,8556.100367199191,0.8817349133295316,1200
178.13813911837698,-0.8549797050612786,6704.851445269057,1.0847290825759763,1200
197.7347337983612,2.3062382624250075,3140.543591623453,0.08136224462536214,2000
155.9130255788175,-1.7962798505620472,8704.76328256547,0.16475256267932162,1200
218.49067962605994,-5.305304853103765,3888.938421666074,2.172649902230051,2000
172.45718934440504,-0.2052663444502036,10732.90669328791,0.5605227864234245,1200
233.09749983574062,2.926176303539838,2140.3574847102077,0.4520099217447165,1200
224.78765435546674,3.409791978656695,7769.646022080273,0.25551509816059614,1200
195.115426075677,2.5230553505956492,9240.850309636164,0.37318051203614194,1200
191.36929966437344,-5.722785911936438,10652.391229821416,0.5481785667998866,1200
173.3062307406852,-1.431650908888626,7886.105326009502,0.6178753634934334,1200
192.20219791710548,-0.7742224406783255,3022.422599761976,2.334028726248712,1200
151.07074179234448,6.469354614533494,8854.017716291888,0.8969901982523637,1200
238.92501959761773,4.812761276475024,8336.362286254891,1.0848817185412158,1200
240.58798616042782,-0.2515562008210497,4335.6370077603515,0.16397595128549716,4321
198.704089651369,0.2921859781162466,7062.441282229944,0.14429816155821845,1200
213.91628390534188,1.8601080284830454,7741.620151669128,0.2569684672422561,2000
186.30497589154157,-7.531881204161027,7398.988796684943,0.173895167159377,1200
214.61366804258438,0.22810104743475673,4367.845474882673,0.20530265969959235,1200
181.06687289172677,3.0968837698972744,9100.992665149504,0.5093923571145486,1200
150.41522940987386,-55.264839900409484,6055.058894478008,0.5179823529509439,1200
231.40616835658835,0.8862237883476338,10581.733615811472,0.36739432153297363,4321
206.73499952130103,7.204725651651994,4756.6002349423,0.48889672484866625,2000
186.80751788009132,-2.639519692412212,2887.51584830002,1.1606991359980037,1200
203.60927823009112,4.839435048701124,5652.406531262656,0.3004014090688412,1200
200.21898417416287,-1.8840836904522043,5931.598464039234,0.4473965338673688,1200
188.451439837824,-1.2755344702734583,2071.08763185619,0.32408867680145986,1200
200.58325568134165,-3.4482656083521315,6850.863328369263,0.11929383702023068,4321
197.1622237695375,-1.8051757901552747,5643.706770633398,1.364074541456043,1200
177.0533737717823,-1.4848419510436193,8108.723663143523,0.19182673375728468,1200
227.12458768588743,0.1476640562321603,7591.132550778004,0.08916558116222584,2000
209.79452852545805,-2.768064452096798,8612.404723868352,0.6420411738193614,1200
187.0350465749849,-1.9286484653150342,9773.164477453623,0.3332767589428165,1200
209.31447787519917,-0.8288843673108413,2809.591325025335,0.5846114219782852,1200
241.34283378606463,-4.884386943494371,10518.122073696277,0.17433854123331047,1200
245.85979595799986,4.00077884460121,6631.676034210041,1.428022216979356,1200
252.6476084062849,-4.239243324606534,3819.464977384025,1.2488678380561995,1200
234.5298012812546,-3.5943886617647087,5954.02746040393,0.6814338196018042,2000
190.03136980994805,0.6147228902309915,8504.39486638161,0.33420241261085415,1200
175.43457397210187,-0.829115115656365,9567.456266574944,0.13597536764009666,1200
180.76553140800021,0.09727923262090246,10297.143690814375,1.1933638477211852,1200
198.45580074525822,7.517331030499117,6528.72527337189,0.1805172424958406,1200
210.43508589726238,-11.103250507555655,2214.893696218436,0.9566341608462358,2000
149.07579288450276,-2.121807944093621,7812.406193309058,0.37834420976751076,1200
234.35224773215094,0.25134226329712844,9381.659509838108,0.204239573848354,1200
154.21400848175216,-4.333302923224777,8599.03256110012,0.42735470926664826,5678
227.99250455376696,-3.4297826500555346,2645.93950752859,0.2831416151675862,2000
169.13979424088004,0.19704737272697442,5956.910503519377,0.208755850399946,7500
189.39412608382875,2.6804172137916686,7837.926025115061,0.9737002701103603,1200
222.58804300161722,-4.436566965546865,4203.174438245027,0.025862253882428386,5678
174.15253599346138,5.398340715493122,2896.989205849323,0.4389473132745391,2000
184.85644582331082,7.533230470673235,5735.813330441619,0.6486622078839609,1200
243.07304804437484,4.916439024046486,8752.017076917611,0.04301031099465285,1200
188.62917616437954,0.8650099504111652,8174.959306110337,0.36648251448856056,1200
214.57419549867723,-1.5976000972061082,3015.129435890646,0.4278623273121457,2000
205.535071924957,6.6942960768097715,8491.365156575743,0.3922687300982214,1200
197.4114585052958,2.8794812424547884,9018.750140516684,1.826276190024232,1200
230.42979837121712,3.3675629866792405,7729.060269010506,0.47226149247653443,1200
224.91127559167947,1.8328263946165866,4135.89238191959,0.6818240903241882,1200
176.52652860848008,-2.3089723040613057,2326.9760044666637,0.3873819028097301,1200
230.40748199213527,2.258647653756236,10573.757265698234,0.7610731207575452,1200
181.09438229204392,0.46147641924211813,9193.916019771546,1.8615898094253116,1200
236.0709318366542,0.18289316134023204,7239.716081420587,0.6102629030344198,1200
148.97296214518974,-4.202438670568903,2411.0595563913844,0.1722710307998816,2000
170.9846144390247,2.6801830309773553,6502.873213635387,0.9748510316461784,2000
179.5678622621272,4.074525686560853,7136.047247558677,0.14467696165503907,5678
234.09380440906517,-0.5899814773591399,5796.946792780158,0.821939084457132,1200
154.32880056051442,2.5588183160888662,2577.5785443447844,1.3810356358518705,1200
178.50677710735465,2.9081362058051288,2932.058726208457,0.2390795439605562,1200
179.85367273996258,1.1292760628620209,5920.612327331117,1.320700065678276,1200
280.7540909134669,-9.008089568941399,8014.829510970943,0.18622108089909448,1200
180.64010937004173,3.74421443954874,3282.362962849976,0.4931217095179256,1200
205.59490672692343,3.6747911245252913,4435.051918034598,1.6097553832123432,4321
188.65048169783464,-1.4338832531869266,10719.487023526503,1.361468366995931,2000
181.69717349685752,1.3715793748808052,3557.7784237555043,0.023175729117430426,1200
160.61894553508512,1.4800372249504936,4377.691251106744,1.022612882486421,1200
208.12719926021933,-0.6020210767531837,9501.995788089294,0.04809913820474969,1200
201.98776609409126,-1.4382614960361906,10759.60534317812,0.03049628150897308,1200
241.20894227633332,-1.2472716849464176,5299.27059420799,0.933250782720103,4321
203.8501433413088,7.94191416175147,9129.023976273991,0.09855322916252444,2000
244.34129181673904,2.6359835145708126,2341.8089154971553,0.30251146203579427,1200
197.51831525346654,5.318580786545335,8568.007081488213,0.688519171082966,4321
224.86230278144862,-10.437512962780295,4146.059006610995,0.48712409810075397,1200
251.09980642371985,-3.6050595908637013,7116.7080505201,0.03429331650045016,2000
229.29388230396836,0.9850415955766265,6775.788436833867,0.6346054243572655,1200
195.38849168863237,-3.8968659346975865,4269.523253143159,0.45425214523746477,1200
206.52534015776115,-7.678445240458646,6940.293162152656,0.4997047254696785,1200
163.90184346499365,-8.356274521537522,4098.417837792588,0.742460893420436,1200
170.19372078092934,-0.6682888567652989,4070.788966587872,0.22179575928863304,1200
186.7735882544281,-0.5805904063387928,2302.588713416558,0.7154621095798926,1200
212.45915194220902,0.3521371033214673,9104.39212288479,0.11807682743698303,7700
191.2395804148789,-8.461822556423439,10251.785441168362,0.625192809199976,1200
200.64388396994175,4.384702022218054,8241.06823520076,0.5626159664505658,1200
194.55628344988276,5.670730202272399,10897.02883972656,0.4693305213557282,1200
193.13634983574545,-4.023625955955233,5678.974660137239,0.5750842992066728,2000
234.97728986648627,-3.9691092615782466,8160.8302329191065,0.23388284396202538,2000
202.534896905654,2.1915841018310385,10389.111372812591,0.13371194349877766,1200
151.38026412642364,3.1862958096056206,5625.0449632107175,0.032728762524915675,1200
214.3214087549622,5.261657649498416,6605.930863030476,0.9232621358543224,1200
205.0620286973666,2.3672716675708214,8536.458672621851,0.735916754179554,2000
189.00880474553142,-4.054046471799427,8784.094323898626,0.3837122460562562,1200
200.10142353017588,-2.092192691003152,7547.4995795380355,0.7494428594476747,1200
189.43578652866358,-0.8852163704935033,2014.9428738615318,0.7223806932318204,1200
208.53726907210347,1.8597447086970793,7773.338982519103,0.6373841578585308,1200
227.76067302893364,-2.412730982214041,6611.232327118645,1.4486600397470402,4321
155.71741706142979,-2.030331167046092,3545.409298202972,1.3101583786014095,1200
245.6389001334009,1.1381434082982589,8019.216222556473,0.2825369249294652,2000
224.20513432825928,-3.6514995415042684,6888.228466442263,0.1817733089672338,1200
203.98782830726464,-3.3718513276514868,10651.096828103184,1.3829622479182722,5678
181.97263087095936,-0.3331011043789166,7426.983137424485,1.3046889706575648,1200
195.36099053097237,1.022250475698057,6205.203075142308,0.9506042868164823,1200
185.97961610753592,-1.4029718942862037,9364.130821444807,1.682738480186019,1200
231.34690155006777,-1.7243410683882785,3008.4286231064457,0.19468400506985037,1200
176.8042994178488,8.450907693838532,8873.412715888411,0.9819673042394588,1200
217.27344165014583,4.586455314748562,5458.006549445243,0.018247198502565398,1200
241.94220783017136,4.343833734851293,4660.517095162895,0.17293430179226707,1200
132.16452929978956,4.745831662281138,3402.264738883642,0.2832368461598302,1200
241.80351273845454,4.967912065173578,4874.734020244565,0.7577889676964327,1200
243.25606881494252,3.451788179148479,3672.195837567431,0.2156665403459866,1200
188.99517314663066,-0.840912077989136,9390.947747064696,0.00046355073487444777,1200
204.7378491771066,-5.173194853559808,2884.0806811800667,0.6889375682793601,1200
231.33473908731895,3.099375338596033,10612.323694082388,0.42607389287527053,1200
177.97177732631394,-3.071537993376642,5797.866394123021,0.9811500262540678,1200
212.41649458931323,5.248862655743527,9173.143439540978,0.15310945027682568,1200
229.9763383046806,1.2564328629955381,5344.284390754865,0.0959652129196267,1200
183.64480874966205,0.05692050695207081,401.6371777421123,22.72335006937864,1200
195.48237861675992,-3.626847917095925,7162.628021788432,0.2998612151642637,1200
200.02235739829257,1.8580268403837679,9145.73089909758,0.2056128396788144,1200
201.2147560434481,-2.3080085153542274,5150.174771584773,0.8926037119578167,1200
245.62980961335757,-5.084753035605789,7475.5564798016785,0.41772312382192806,1200
206.12468010268822,-0.8346931995320389,5234.523825036989,0.7726675622698403,1200
204.92952728843738,-5.67004523645807,5753.962140416524,0.14074423739186398,1200
199.25310506281548,3.1481704882287276,7541.538510744916,0.37996073256444957,2000
221.22803748709669,-0.2985083462153201,9615.488204522797,0.8861595932985288,1200
206.89418807066727,-3.9029826432365526,6268.844054639207,0.5237195446234393,5678
201.05589023183708,1.4763551484381383,5684.100507038257,1.5864472298947714,2000
206.81723576975034,-3.6704389517416773,2296.000138956191,1.0915415947235758,1200
223.882600305547,3.7410335357915874,10156.625727354683,0.2591898089616905,1200
205.36986659526485,-1.7701697438462567,10370.989979297148,0.38644456347754774,1200
187.8270312804509,3.0773743306357293,9781.302894727698,1.1020070418508752,1200
190.1417936309995,2.6423765922399225,6410.283564802925,0.2180174840560586,1200
204.52120115642396,2.275331852164528,2937.9267323130284,0.2354630150711596,1200
166.8242257880845,4.869488378228888,8129.062039261135,0.3772190442588522,1200
214.73678794213777,-8.723984953128753,6336.066404433915,0.34115275701955716,5678
275.31022807627704,4.195020263324842,7765.222712562866,0.33183642047693523,1200
194.46307040852065,2.5530997428465616,3256.174213948342,0.8724380161041503,1200
181.43514063759824,-2.6060068470133437,4490.861523287775,0.26611087958987695,1200
213.1019259105408,4.154774578093238,4147.806058968129,0.007991740957496326,1200
199.55117768689826,1.1146060628254257,5568.328961922181,1.4265854116295016,1200
188.2407745078956,-3.4351902361588613,5052.841869841954,0.04760821742330749,1200
226.88188073404092,-8.393720531175992,3214.39594063341,0.11347660677277371,1200
218.69655412332568,6.088296439176245,2919.8432514309625,0.08799037075433107,2000
169.34747416579026,-1.2840492085062634,10200.212417189885,0.4431612811788883,1200
161.75879417353394,-5.098141457926827,8249.92896339676,0.05048672871076129,1200
155.61430834694278,2.620214094020375,8857.654231219201,1.0247469801282925,5678
198.36211020814017,-7.016510086827354,7740.247478894074,0.06608932141303933,1200
218.45116610635696,-9.253765519029718,9485.862955593426,0.47466242441912887,1200
146.40240535291468,4.778425386697682,6325.801310452843,0.17884726600933412,1200
225.54544376559218,0.12412439989216324,9244.547760034427,0.6692221651027523,1200
212.1176553269082,-0.04541339398122423,7414.356929516167,0.015373489556134354,2000
201.14274080253188,-0.21988083371148193,9059.04088236876,0.40264888060143184,1200
203.2234287005776,-2.282702504260184,8522.909431240561,0.5308883424843409,5678
187.51432503437687,-2.1076802385149067,9459.799953753609,0.23925600018313276,4321
220.25698000381544,6.049225947869492,10838.549268997383,0.10438126234661232,1200
243.92451346856458,-7.1145450149785185,9352.743710642844,0.008068709961105251,1200
208.48551414443895,-1.7634084243617298,2312.044187423193,0.06138267987874239,2000
263.91564981884306,-3.8088239232564756,6295.843929362832,0.23691330500994287,1200
131.65225142883253,-3.851791671346413,6158.662246031141,0.2044870799433558,1200
177.9337603570047,2.8323748570561484,10953.619746400713,1.342476840220042,1200
123.61911340151066,2.6983005613284288,4714.784788490981,0.0735525423531296,2000
244.74423739287445,8.813536542043792,8206.600834513098,0.03377165331114042,1200
183.948608339342,4.294145422188309,5722.3071375762975,0.06653336663708972,2000
198.52864895004768,1.8422663788518092,7998.479569642381,0.10732065066278221,1200
497.8720420001605,-6.763382485439981,3911.768860517649,0.45030497080184506,1200
157.05333737326544,-0.13518652853718297,7440.76994495307,0.20024981536372677,1200
180.04574896761804,-3.231374443070963,5996.906954220412,0.29766059017964486,2000
199.07896795214398,-1.4986162612985239,5557.000895219313,0.11815741370303401,1200
195.74868736163907,7.928616175904404,9418.403595726544,0.8626224287514369,1200
184.66393720972292,-2.9365526542738163,10320.736286180932,0.008777960899071187,1200
169.57773896293853,3.7628109412963107,5129.85412324024,0.22580021531415448,1200
252.70224681689757,4.254024378120985,6140.515302621377,0.24362025532592257,1200
191.45527044425344,4.707528165494415,6418.469985534494,0.667738447723859,1200
217.42328609078476,5.767859911751114,7926.770994176655,0.6517013141249198,1200
191.29721173445182,0.9139846987002015,6567.802900354726,1.5902005315269199,1200
204.10821989305012,-3.0251221815716454,5699.489085644587,0.6268455592573622,1200
163.77138931705724,-3.3939305795888526,9097.162478332753,1.0499944662589011,1200
123.34684741678666,-3.6336745024408006,8498.82804941369,0.40083373838360975,1200
235.02097012221301,-0.7179414924164945,5243.5792021824545,0.27582886413389496,1200
229.75859403658978,-2.883687757131482,7953.8853025847675,0.7351271930998752,1200
200.88814614820765,-0.8067751933975269,7186.851142079236,0.33152211057379294,4321
133.2384187927751,-0.8727307034088148,9218.066178625933,0.6290769463201915,2000
149.7122007572449,1.810210096180177,2058.6232590971913,0.1886512618493464,1200
228.31672014834598,-0.334470027644657,6035.952711613788,0.6650950704789077,2000
248.0881712646892,-4.2503516478064,4652.507881905778,0.3640984066426336,4321
184.6551418329757,2.4762742447724495,4749.1871698034665,0.11071229071958202,1200
209.62667194580575,3.8580474019080198,7080.500514708313,0.6246071319204365,1200
226.17951325688773,-0.418295513867016,3091.5829367289807,0.1810431957154992,1200
221.29865162505476,-1.1189634826161612,2891.261853299717,0.0756208672203892,2000
203.9409677054452,-11.419585676529088,5133.882252219573,1.2803219103009384,1200
211.1628846104948,-6.627588715786346,4047.0372618580122,0.8054825243407185,1200
227.52682635715718,13.827632525761063,7698.51310425865,0.05286762081052854,2000
250.62724003922,2.5414818845720744,8779.698055434354,0.029237265099095692,2000
215.8812900154734,-0.42622501002867963,5512.2643754595065,1.0825307408208977,1200
238.7895153286546,-2.2477223116146945,2422.7790270784876,0.11140024990438359,1200
211.49158280309803,0.48280761481894946,9774.882230155219,0.8982517608546557,2000
136.9382986792503,-0.29881130558240443,7591.3530922416785,0.28303539085482754,5678
283.21205536990846,-3.671944823523424,6024.669484550252,0.3596351411242543,2000
187.60996289065304,5.903835982111206,6144.810828808396,0.09940916598337614,1200
161.1127393945319,1.3048755789167161,8012.178374459887,2.791351161371308,1200
220.8018570117539,1.6868160566437456,7405.509741337154,0.0024619761549767886,2000
243.38214045072027,-1.2656337471624104,4534.794929871385,0.9032130523856905,1200
218.9631182990276,-3.17508763724141,7791.782010640421,0.12639824696771543,2000
220.51035921285956,1.3636043338430757,2510.576832390105,0.13077900209151416,1200
166.70367747868346,-3.4560234261585085,5242.287216648434,0.7223425546382055,1200
177.70161456494333,1.7948528685805027,10166.664710611509,0.1850060459311171,2000
194.93917100289843,3.89877376753698,4099.304869078262,0.6459503462678223,1200
189.34449286813953,2.0881586294868097,5772.813728918123,0.18010789347126424,1200
231.68538176351572,-3.0854735507652737,6929.584374461158,0.19363628357287316,1200
194.48367805088603,-0.2689218155914521,5700.797158476316,0.5132587554293684,2000
200.07186777536404,2.9395827760449396,9875.64747202667,0.11196907533651303,1200
191.91694014881202,6.323813827602979,3573.4308225518857,0.543901740419471,4321
192.40529373398795,6.411097210741459,4919.116718130684,0.03294071784463437,1200
183.78624314910343,0.8371794119918657,5748.485303874979,0.06356513905973966,1200
161.82422039378355,-3.313697240403524,10630.8185506667,0.5625495710452646,1200
144.11422326872992,-2.5673520133065133,9391.819380543238,0.5695561949116875,1200
231.27972685595358,0.45752113488253754,6325.120336291844,0.082016338290711,1200
230.59855875338621,5.166554708216827,4786.773332313296,0.1400126091004703,1200
202.81657869215783,2.4601779215204003,10972.742838090753,1.165215315571188,1200
211.30292762857695,-0.4554995262556309,10882.529474706127,0.690514568274185,1200
196.00590034765173,0.29178797790508604,6953.469820961365,0.0054881013381978165,2000
219.35304244477402,3.093195791373974,6686.302420068526,0.15258901051173332,1200
290.2307388082346,2.8385349656441123,7475.90787465976,0.5006088064979948,1200
95.42621971020425,-4.511239943868099,8491.481328330734,0.06672274154022878,1200
205.17900805920993,3.4720101736723925,6559.732223422081,0.9752066790709782,2000
237.71439084795955,6.76598625884573,2989.979479515612,0.9647140085706327,1200
225.81629506381273,-2.483423812769581,6982.496927539917,1.6501508783011316,2000
235.68802619863726,-2.3371689954959414,7769.13126001258,0.07375674602074044,2000
214.69536182775954,0.18340861420673282,7529.201172527945,0.2101530534343316,1200
193.02972635009922,4.9824195654977474,4612.777777142757,1.404319284725374,1200
193.81291133841907,4.2111722276834085,9659.92369257641,0.3938091532546836,2000
192.6706757000967,0.4852952174365684,5076.333375908473,0.4832865422748953,1200
225.7110739496431,-1.2256322034137115,3464.964424866675,0.07660490163697331,1200
170.41727508930725,-1.5765365791218944,3556.0095744553782,0.8236242558968508,2000
170.85530655235377,-8.097286130608113,10438.623290067591,0.135131829879665,5678
150.01375637321485,3.2619645438224194,8685.539385753404,0.030607535096927926,1200
166.03850336404295,3.658602815066428,9369.719678309853,0.1769840298299113,1200
221.01847323051456,5.208259498050147,7633.404863282135,0.2687380246939669,1200
209.99888459856408,-11.601898153008898,2934.6491652690547,0.21183664344111697,1200
171.78352056634054,4.2797598324072395,5371.637757107399,0.3125335628964603,1200
177.21175795740155,-0.4190071204365586,2747.454466779953,0.16145481817593219,1200
261.9357796486894,-0.0996042814520738,8137.970991099584,0.023490469779444294,1200
201.49280215847253,-4.786547823090716,9528.664134401439,2.496925923630228,1200
197.00880550865253,-4.730108475382497,8063.879653519038,1.2947834399050153,1200
183.4963173068216,4.238984944617574,5021.525777263581,0.237397154464815,1200
168.45991296015757,-63.56781825012167,3115.457263820057,0.1455135232569131,1200
184.70772992738395,3.3593011747702426,5006.940261821115,0.5311206799262955,1200
203.78155254316883,5.364859000097459,10914.664931401088,0.98901299264166,1200
211.18958123461766,1.0823083075661715,8741.657168974049,0.8821762182815591,2000
166.0011534305154,6.415483565972529,6339.786797222868,0.6821034593262437,4321
199.01855713019654,-0.42757945667748887,8720.337476187266,1.7399475283699117,1200
190.36669589115868,2.428668604230175,5708.178117453096,0.1729661573272164,1200
196.52059972272357,-1.6745214879205272,4847.683840051888,0.1172473655763453,1200
183.79878058622188,-0.04095116872820436,4356.862253384492,0.5281045116401741,1200
175.18865557167086,1.0763755395082895,8986.32162283922,0.3523315619244193,1200
157.30100672353547,-6.074221332328948,7188.049867178269,0.2109203900093222,1200
205.8281166742365,5.715753455107051,10813.87391846273,0.13871981114476017,1200
171.20326457621505,3.2015445082333365,5914.200642862299,0.8721739039357005,1200
187.7753763881636,4.267682086801246,5889.160750147839,0.06830887153919793,1200
180.07108859983228,0.057543575163510365,8556.555629497416,0.10836206432961337,5678
233.0755237721928,6.704184427847346,6952.270787164039,0.0782611120330796,1200
198.9037831747104,1.7556323049586327,7980.613323049132,0.5495652085018597,1200
220.8946188111808,2.594401433189279,8905.686159650544,1.2068250598633279,2000
208.4285049856091,1.3940401911596352,2075.8624259164912,0.02933494889829378,1200
211.01682355116392,2.167160683851089,10327.758667487098,0.32720140565677336,1200
226.06786096473604,-1.6941316185289323,10969.113706911992,0.6172127491237613,4321
171.3279012453548,10.817877564318092,2623.9916508267543,0.18666368566452668,1200
180.34687553806745,-0.6172171826652404,5680.295925338498,0.040444491537109016,1200
189.72066105990444,2.043880278748677,2854.6490757566344,0.2238678578204576,1200
239.94461873201283,-0.8269545981833072,6044.165927957347,0.9432541011384448,1200
194.18053635804102,-4.8439140109147285,10919.041860139221,0.31885986073748307,1200
200.85543126649316,5.718728939553056,3841.3676420614993,0.03691835352075923,5678
237.479260670001,0.21929243968884665,7529.737115566668,0.019054594675734327,1200
203.0752078402725,-5.556491538063141,9174.513074435708,0.23127277218880493,2000
251.24227617914966,-3.0530159757160846,10987.541981806546,0.14906550808864877,4321
181.26831547275418,6.37284325563922,2372.5523002744553,0.046442639509856255,1200
155.12447278781036,-0.18920541941431662,6043.15111055314,0.42447131463653454,2000
183.53094028642786,-2.223892204562708,6665.635025206137,0.12218132639895564,1200
205.543627242698,-0.16857469831470429,6139.84194198395,0.7216721476055513,2000
205.87791992858826,2.1708420097310692,8409.197986331197,0.27234831353708067,2000
136.42424486132592,12.583203018844166,7745.5515154188415,0.4500412762978851,1200
195.5789956114906,-7.461818989423641,10648.716145686614,0.6633435007659927,2000
221.3686383384857,-3.561821835513417,7468.97425650683,0.49849252342195194,1200
270.3783929232974,3.7099322009542037,4384.835161618972,1.0704979802673353,1200
150.14324462841623,-5.541620685197115,9868.799878016132,0.9360694331434171,1200
193.326982347192,4.247954884287229,5469.571475403793,0.32188687394553783,2000
159.46310122175743,8.846742619955439,10099.590466986561,0.8270317952634143,1200
195.55521363575926,0.06718435300720985,7416.338301372113,0.09086365916352981,1200
180.24718727776303,8.289596461529,10432.909201035915,0.31294726857249877,1200
194.18184038831444,-0.44842969307681124,7244.38588951652,0.05592047570063051,2000
229.52965313798933,3.9096454967638152,7228.025196050657,0.6376269219196357,1200
243.44395427552865,0.2329582258185573,9826.776706945486,0.2840672735748698,1200
183.76867718196144,2.5418610554150263,5020.691188593901,0.3206570339044714,5678
225.4057596691712,5.9924578522336365,9407.379990491565,0.6566556144510711,1200
141.96181547184915,-2.8979787782122988,9455.063887673241,0.0020710945688552354,2000
177.24825867859414,-1.8596191681346605,7271.485340819476,2.3477343321546034,1200
158.81514046872047,10.859259795247326,8518.391720392465,0.18144666616769112,1200
249.04243410523674,4.142444219492209,6175.520962993708,0.040517389305294166,1200
249.48678773997193,-4.901488498335894,8778.966520941092,0.08632911594642428,1200
179.4224196386198,-1.2444017198232737,5577.873564877484,0.7169892682348318,1200
198.30148137637175,-9.20251189635778,10029.18713848123,0.9582153435558848,1200
176.27779490772755,-6.6582188519251275,2220.247110946026,0.5546569260999157,1200
214.64547031226752,2.4644497271242156,8348.888822714502,0.5434745984731264,4321
182.49432046591872,-5.072713650698686,3681.78913122093,0.9234320395394942,1200
166.55716750090406,-1.8424758425782142,6573.706632501257,1.1441179360314957,1200
175.80172490829835,-2.2235418399621127,3703.2118470918376,0.27274497282960997,1200
204.74614751708518,3.921391726416405,8266.93632283442,0.3121912118465805,2000
165.64297303016548,6.6735339621848455,7590.247796130309,0.6340498718817441,1200
222.5910006496588,-1.7788042306946996,7571.339257308576,0.16234019076864376,1200
128.6880045333915,7.983915405639653,9800.327386258798,0.10024351388477067,1200
192.00797570800395,-7.648335602513017,8191.942516153415,0.9743492315944638,2000
206.0520122424721,0.40761231347421095,5630.69733762402,0.4597641331229628,2000
190.10188014063496,-5.4106320536537105,5413.002960933789,0.007882559319206471,1200
211.6075006804593,-5.5413840189615895,4546.211295403061,0.4168807443916206,1200
236.52484063979477,1.2003766891966503,8691.77322410385,0.8934477372506976,1200
206.79397729937978,2.6456364267680352,7044.304438821976,0.1683307012864964,2000
186.91574006412668,-3.160998850117753,8010.602327124175,0.8262772460059179,1200
204.58088921815678,1.7557011972491536,3202.4481029594954,0.3923153734562224,2000
211.7595282674869,-6.260520020697683,2555.5558622087337,0.758734630805073,1200
242.23550244692703,3.007504055033115,10812.107508135517,0.1451140546189176,1200
209.56729055197673,-0.7797609367664234,3786.0970980094107,0.008120246308141874,1200
182.29652085853596,-0.789480518444773,3240.5289723465303,0.11154094344536201,1200
172.33044729847535,-1.164842614915475,9026.65206208515,0.6869764210158018,1200
146.008563692348,2.534554899584005,8732.106900665316,0.04966696710504081,1200
231.01257449864028,-8.173891770702436,2104.2876157473634,0.2445595309084593,4321
210.03669691005783,-1.6831144119477999,3453.234510172655,0.06534643381902004,1200
139.480835512843,-2.0142639913001705,2080.766164733634,0.20062863302775397,7500
242.0574804273714,2.1431816692038983,4184.637852824133,0.7499534734066143,1200
205.16216292714276,4.175251340913056,4077.1610276320384,1.5008816968263183,2000
226.71442973721548,-1.4619555531163613,2594.7301508282603,0.745572393701466,1200
187.05772247079827,-2.024475342923515,4549.3013181241895,0.2577530622583722,1200
233.5314165870376,-6.009212531312914,3401.3594428656634,0.09453856818050024,1200
181.18127951717852,8.699320901583313,3370.2941276020924,0.5672719783600529,1200
242.61933751908907,0.8666993951263838,2682.6356377003713,0.3889863207434679,1200
190.08933812887017,13.335060024488797,10650.914707428034,0.1866632608985077,2000
308.38212785217354,4.571393172227884,6340.573823722521,0.22650301644470458,1200
219.79372870820688,-5.617621030805111,2167.5743788869027,1.004661986631355,1200
183.4901156123078,4.598186051621069,3859.769114600219,0.026665443367822155,5678
150.14499014556623,-2.198875470075305,4230.745492656346,0.4241012013218053,2000
189.9935870896342,0.6481548007780474,5772.170337206837,0.7625452451294353,1200
243.8455592640183,0.8744964173734091,4439.668479392332,0.5311400357619525,1200
209.09388653839463,-3.9687584368850146,4721.0564497608175,1.1494808204517237,1200
255.47193918980682,-2.117783205535319,8737.602348259294,0.9301413890727641,1200
243.28626984974474,3.7714508046753807,10525.930405270343,0.1620124185081212,2000
177.9884886873197,-1.771344297905665,10013.170623391525,0.30831310647767,7600
159.34133585163835,8.239047519484128,6784.246661785283,0.03834071039055488,1200
154.65286768696996,-1.1898568855056915,3250.1459561761108,0.010265006707107392,1200
221.35566695296944,-2.9287892890853144,6137.256913754256,0.4368809739684983,4321
209.88595873705438,-2.5696875933679566,3007.4314113729847,0.07754546108021067,1200
223.61593365106418,-1.183711678018175,9734.402977761156,0.7835442355190422,2000
128.48119393112216,0.03983394472313975,4805.157835872968,0.5136356697059027,1200
184.7968417523777,0.99841492173405,2063.6419686648455,0.29900377476304935,5678
207.67599053687815,4.958906314080688,3971.5278164311367,0.31184772186559745,1200
205.93988696486912,-2.9463363997264813,3238.227061873511,0.38005041081092217,5678
194.79828390355914,-2.5563798480240703,7690.809185721594,0.22982326997099228,1200
143.372469677806,1.748454315193922,3111.465023370195,0.6371435401810691,1200
207.94377305847806,7.66324485045824,6351.278045965994,0.3552040292212864,1200
206.4398068203139,0.4823920725047058,7931.303643061534,0.4008083393046274,2000
163.49108943353295,0.586119153936359,4450.316338730769,0.08931262507643635,1200
225.35988291371712,0.10252105076674745,9312.885716168945,0.30852539831320347,1200
201.41106307795002,0.6166732040345515,8101.676314039903,0.642971810019156,1200
175.62203750386536,0.6210161841187599,7050.090286352448,0.1226985009235647,1200
241.95064397330907,-1.0017247075323248,2119.3063195549967,0.037688304243252736,1200
249.94728855755235,-6.758071218886213,6855.306194659082,2.954482145382793,2000
200.29570890954716,-0.41900259747712665,7307.6525160516,0.09151013422098653,1200
182.0156945471078,-1.3184465913476344,2142.5464401268823,1.5655324814941312,2000
239.4621827833533,7.830911343361559,7790.0635344117845,0.1544701563272348,1200
177.62163367877665,2.7946188659164974,7177.952748377531,0.36577087483404197,1200
226.30189325821496,3.818420680408999,6654.470948372783,0.2875248318888175,1200
162.15119788860687,1.5764031577963618,6015.653903145582,0.07904381269125751,2000
201.79122666189903,-2.806945641533877,3906.92614668955,0.327241997446277,2000
176.75374819508738,-4.195621882041691,3992.4244664881626,0.4527669031244691,1200
168.9511363642041,-0.6381037899651463,2185.040342063246,0.2063369917415884,4321
166.6696565271688,-5.0985754742245515,8467.472309167051,0.0837365877507338,2000
169.43435614788052,8.46697376398102,2074.9759198014444,0.36947460869893706,1200
206.5547186740831,-4.6128273008741285,2507.97084844288,0.3641735845384931,1200
233.85767622719922,6.262885951130363,3081.307011878641,0.027583184690574854,1200
231.7393231863555,-0.7910672090046346,10272.865124479838,0.002729217020928408,1200
147.51615191521466,-2.734423791853427,4728.531968351917,0.3109712507628118,4321
147.83864315926417,3.70053609547236,5372.2441118602965,0.0466192621404278,1200
181.54806918993214,1.1376619319756656,6769.002950771419,0.36958275037240323,2000
291.70986911890606,-3.864386826634282,10694.129896925939,0.16770953766772936,1200
199.63240910530314,-0.9348760966036407,7987.177735140728,1.610169805428428,1200
185.83982563600193,0.387460019226855,10146.155093023448,0.5029877899786036,1200
257.8218529644953,-0.8093774614370488,4141.439149293329,0.20031388325280927,2000
235.27954952451717,-0.2672951614749429,4704.855306677593,1.2580762612820926,1200
216.29005334070382,-3.300485527699476,5982.672757803357,0.32943357132108814,1200
243.38007828026053,3.254901664178779,3088.1416482679974,0.13470670869046886,1200
219.9535607807375,-9.491642316079387,8800.233490429704,0.3000512734271428,1200
206.19226873740743,2.709915841061635,9299.42630758222,0.32031902751916297,2000
210.36415005910095,1.3167689154535707,5120.9559858721295,1.3220129875235387,2000
185.54400695327467,-0.22780474687266133,3603.982538641523,0.7161633065993528,7700
203.13417524729388,-0.8369173888201564,6535.474824061185,0.0241616366381507,2000
214.32651685377311,3.601534737874861,8185.873868763895,0.7141187700945787,1200
164.2449139491118,4.449480898331757,9772.21435589706,0.0972372365051693,2000
213.92703522256525,1.4891057521285698,4915.375979670773,0.8793623246257201,2000
164.3289045890258,-4.300728172794373,4792.212888735827,0.0065737640705677254,1200
195.58922634627206,1.6847756286673738,6720.239060545151,1.8029033750325758,1200
162.36926787278875,-1.4982519929804146,3790.8789568586735,0.5351571981602693,1200
257.60024505529145,4.401980767331281,3850.2444104202,0.03832783067837608,1200
205.24231648115358,0.3845136348402249,10941.770430022727,0.021934483638140018,2000
226.51927216887054,5.094910457687152,4888.87386651851,0.03303197632030574,1200
227.84578733174826,0.5057817507096815,2828.4191829062256,0.060571112042716,2000
222.2453836402422,5.896861896631383,5162.786325202553,0.2865187690994773,1200
258.57711344150414,-1.7535935027710128,6189.640533926061,0.032140608242251616,1200
209.9976902282299,-3.0418371921867813,8923.346853089963,0.19505336063961218,4321
218.7537471956357,1.2293907295337736,7296.048679978975,0.027651842699165378,1200
213.09357505351213,0.22364627299966788,10521.270696397298,2.958807220348976,2000
207.69795323120695,-0.8640309749549332,9938.712529901455,0.06843625038522246,2000
196.80274249469366,5.525464422758556,4949.341088666952,0.6335497216229933,1200
175.44320630366823,-1.6883996648422253,3592.690395694938,0.08061054255098131,5678
164.47354226886446,-3.4839543090916245,9310.78516369263,0.14621883291511553,4321
211.07946346662303,0.5829298417360139,6744.991791175973,0.16926828968474925,1200
174.89395161838442,-3.8444012226584823,9552.884844818214,1.914681554351315,2000
215.50731321426278,-1.2649946236722365,7497.382908300901,0.4232677497119935,1200
252.38142023644735,0.5841812707938621,7617.877312801111,0.19260220709632989,2000
183.361873855241,6.730678385831311,7250.139023079311,0.901303896858861,2000
163.76038566237725,-5.129200054446917,6130.284629443904,0.09496236359144838,1200
189.16264128951482,1.7989549507784166,9157.429624903032,0.03703433351531057,2000
211.14395502677382,1.769466668420014,6638.903045521406,0.7021082488021566,1200
218.56655701628605,-2.270788270810819,7993.853180303032,0.18033411346577485,1200
176.4923939437368,5.277573304510581,7965.289361973713,1.2695924326260881,2000
183.5334374449345,3.5675490984345157,8164.839412841758,0.526072789062492,1200
174.2303556374653,-2.7352253387242564,2683.4660057175324,0.3210874679441752,2000
245.33754393105403,-4.067932014026983,5775.607747308452,0.2225940792708569,1200
155.87654333484198,4.73923521084237,8216.050960586104,0.11974186615955441,1200
214.4116248862142,-3.7478021011958367,4373.512822022818,0.8726722752491656,1200
186.99472166719056,-0.43442592939113456,7601.41414459259,0.7147058255440466,1200
212.4712561182407,2.9417726121705994,5949.733284663866,1.0779071723909917,1200
184.40995370649443,1.23209649025294,8931.527231639699,0.4499980557929432,1200
160.686076522375,-2.980537192168294,2708.8719165732878,0.10041322003205702,1200
215.86256310173687,4.269819107520324,6027.486730906954,0.34610339993929334,2000
184.74827865712672,3.4798767633980208,2488.1008788609793,0.16253178860843315,1200
219.34569311644296,1.7582479269777793,7479.422556968081,0.007188779174215151,2000
211.98054613244105,-3.806516801604888,5016.741596526263,1.7232794978916597,2000
263.98721983566026,3.5925177132648414,8333.939616066964,0.37210107717536123,4321
122.5414835703184,7.017785927550503,5810.460291668707,0.06546019865138383,2000
205.2724037448569,-2.1709293407302876,2477.266576658328,0.1862132258664817,5678
233.74161182063534,-4.372795352673014,9818.059245197144,0.231449546461467,2000
259.0861326410856,-1.1530460858143652,7249.127181215475,0.3711930651093157,1200
176.4804094024832,0.27354881887182275,4836.460371339285,0.23545323076124397,1200
166.79521022146827,-4.198093974713336,5200.407951404826,0.6688345721521083,1200
141.16069071873937,-7.1467152629857,3892.3599266507854,0.10404213907231112,1200
164.31399701948595,-8.37578922441364,2784.403678960488,0.3200453090855091,2000
216.63594457200585,-6.40147220186192,6886.206502539596,1.4176850980256506,1200
251.2912436136915,-3.0201716120551034,8859.351519446898,0.520548183312953,1200
228.2814610962384,-6.08320633146628,10506.32930723322,0.138316183769498,1200
262.7251323492735,-1.6813043669554304,9202.945086919819,0.9916893297894342,1200
241.57884147351996,-0.04642057013908153,10441.63331273652,0.29479696919378834,1200
139.02736901778263,8.873037475358686,4223.7577167015725,0.23776013130631424,1200
189.5768024778879,5.352154626396157,9920.70316540456,0.4002207511624274,1200
195.3652627755415,4.654237746159587,4387.635930516761,0.7145804315374705,1200
226.57813212483708,-0.4331141317388371,5718.349846906867,0.27340544520271964,1200
178.3311273826268,0.8245495642786922,9717.536318915812,0.04722908426890038,2000
173.94153537164198,-3.537940680253257,9266.381773785655,0.06381702520215582,4321
185.57881700366875,-1.8492571151762243,2119.1324722562877,0.30144291614193186,1200
136.26464795740696,0.11209123793213754,8521.20463088678,0.5452140630668337,7700
204.83979790380795,7.021970848464497,3687.157170208262,0.26208138917561596,1200
175.2750309730619,-5.319521218641582,6227.1335618866915,0.18553688358621698,2000
198.23619072537832,1.1601724066677475,8049.131259450171,0.46496017977255466,1200
180.9540165824721,3.5919026801120815,2520.7417356504525,0.22710721310131163,1200
218.0054583509974,-5.266663734262248,4806.626222339117,0.06735567887424197,1200
145.8919838711597,-2.9446981236791343,8102.1962505017245,0.07592509928714951,2000
184.1087278040175,1.415319161511799,6616.805742979428,1.5679666454901005,1200
223.51541300394288,6.465990527902957,2118.143270665843,0.14310170237635023,1200
176.57872960059103,0.815242908883324,10799.398957176621,0.2105427299846668,1200
215.80026995894866,-1.5310618074416007,4293.956327662629,0.2929843981125856,1200
235.5708452910606,-1.5866926373398975,10339.976467148668,1.0866872124443354,4321
226.16127963657868,2.9128577456989038,7286.42759582882,0.20143676572551883,1200
224.16480672712572,-1.2082254934035102,7768.933876457454,0.9425615650194581,1200
186.14226586261793,3.0986608266811797,4788.471187105686,0.03793084312959994,1200
189.61884808595045,3.1444841249584115,6224.357652442574,1.6259538346507432,2000
215.31479423966778,3.0507262729080993,5058.989901000637,0.16021850737952262,1200
164.53117315965153,2.098319758314191,8851.44883440807,0.10511660085124881,1200
180.01421292696125,1.0535571987067625,3287.4455452472134,0.33401001571444516,1200
197.68413520019925,-0.8569444925743668,2392.5310522654745,0.09896324083507989,1200
196.03387635559872,7.933107568011059,4565.400096373216,0.17688033706536052,2000
235.22892561675536,-4.796708929522538,8995.688891164882,0.029143700207744518,2000
219.82639432910693,0.9660543478992978,8953.41687163036,0.3640141627888101,1200
199.7069255481096,4.363211426376602,3301.668657057571,0.2016412120989484,1200
217.9896289943876,4.773146938048744,8888.946510617352,0.0756421325742041,5678
182.47602812561865,10.111892006795015,5590.144250610023,0.9660861667808581,5678
180.331929298075,11.36304974708757,9216.600022791088,0.28369925737550145,1200
182.75703747117274,-7.777847938631529,3132.001626729712,0.6031081139267507,1200
202.75719108306185,0.7411127127232179,7860.970974813498,0.16474881228244298,1200
171.95254603899286,-1.560018583244961,10901.959651830743,0.15737145196580132,5678
170.92344912462707,-2.122430562907849,9005.999319279406,0.4073361691477967,1200
183.84433200659254,-5.010525051461613,2788.0248560005844,0.5118521759792063,1200
268.76182289622193,-3.0666406610848895,6033.54735703862,0.4090924152500901,2000
154.87664889315346,0.34731620669580776,9941.802459932369,0.6177317332746379,1200
241.25613981871408,-0.29968560462815796,10622.079101448991,0.3242929817108113,1200
209.77702691819243,1.8529816430888983,5143.372116070367,0.19632459434928923,1200
209.22674255016835,1.6464256951353993,6291.707707880341,0.09033053218722423,1200
209.66863822561422,6.772119392676464,5091.097721813066,0.02640704180369654,4321
204.23585281778963,-6.078928507802933,4399.61657213062,0.16504456313403212,2000
192.21924194456759,0.8086550961354763,10515.667097494967,0.3423404944856697,2000
181.84471311669967,-4.863387987889002,7305.537179232082,0.15588061480994442,4321
164.50927215116468,-0.028678532370871472,6543.314485132783,1.214899253396374,2000
182.65717722016285,-5.85832703430216,9931.82843588898,1.1100237634973504,1200
203.71552163838652,-10.551539843841441,2879.2532328183756,1.4099904861136145,1200
214.04845126397004,5.749068747269604,6275.919053099537,3.104785342456281,1200
153.68854891493015,-1.690758860502945,6216.066378962965,0.6135655825376974,1200
198.9580215850908,5.37682045424319,5232.974846259281,0.2836086652662726,1200
235.53358773450518,1.6801221892742004,9941.443720986057,0.0024509165590299305,2000
198.3430831998658,2.2770107557509287,4218.391943628121,0.7312068123741076,1200
209.9467082732796,0.8490485965946234,8802.974098916584,1.1854992608119543,1200
205.63464127181166,3.618768452880876,10427.39029419957,0.9278313360338191,1200
482.9601643296507,-0.2251652747945923,4134.299626069109,0.31838473950364066,1200
218.2638096835652,3.3588567357172705,10418.54820965837,0.5097605411825341,1200
170.30774036672315,3.015725100262917,3537.5503242555633,0.46482048687429045,1200
204.45415787478856,2.9021223274696726,8283.426369413173,0.02050205880855035,2000
181.43944745217973,3.9239485691166758,8122.288220829836,1.4865977723825616,2000
176.3222277367459,-1.5608686948392452,5829.249013343642,0.2437717273376473,1200
222.49752361351204,-0.019129947871298035,5436.0527695587825,0.032450736232441144,2000
179.09576942633197,-2.9119754205265753,10657.850529088762,0.11189577574926157,1200
191.60495159035216,-0.14459723470992228,7716.7639900577005,0.85745542726878,1200
174.2213569246261,1.4991040262718027,3039.174787570966,0.34829271968042647,1200
212.39848789080145,-5.713657139549057,6430.102840947965,0.9231250597524296,5678
233.55784474269356,-3.2595922825452677,10217.724302956301,0.405105378158713,1200
201.57507096852535,55.8346331927595,10450.31712744069,0.07125071603168309,2000
167.61391546719787,0.4369105604531151,9992.077719404495,1.5844039512160755,1200
153.33230024165198,-1.7089579059802895,6731.816337157226,0.0004719212638207054,1200
179.833066217562,-4.522535157853423,7214.014159641844,1.0520674769863578,2000
216.81057439464837,-2.044025365553204,6042.39659860855,0.2354738043463647,1200
199.10066830914835,5.606624518621288,2392.258016201955,0.019890026746466772,1200
186.77332676555733,-3.7096573445670886,7023.920647675316,0.631855191162344,1200
162.230484490921,-4.920295811665795,7987.081869064674,0.2493358080976405,1200
203.14524515749963,4.8516474586712715,5136.423967082594,1.264927418487962,1200
197.96782879067842,0.05589291139065971,4920.150801791392,0.10144375884416064,1200
464.11987239633584,1.656992222525992,8598.491301127202,0.14822705790831361,1200
209.18648564561332,-7.277646216496263,4675.8410967535965,0.2185782774502628,2000
181.37198039596205,1.8834780400719398,8440.955688378926,0.2802974363266829,1200
225.19400349986427,-1.902358003767631,2004.9910766864157,0.1513770804762999,1200
179.80734219690564,0.1361253184412767,2876.564727744807,0.2728226089318403,1200
143.47220929856456,-0.7535530948788138,3815.916961832034,0.2806964652831954,2000
169.3895144752142,2.401561046048528,5156.8094833538,0.5183691781345681,2000
175.67643115267347,7.6277206806843045,9206.779448301062,0.5238422501456477,1200
209.3734018509138,-3.750817192352576,9968.347345649905,0.21640992756829344,2000
190.3854960970091,4.976719804774271,9451.441641739897,0.5682276281503643,1200
181.1059259241689,2.784323818493253,8799.368276143534,0.2513498205649916,1200
206.26404531109898,-5.282983551192955,6468.189057028318,1.1029333356803683,1200
238.0934672610103,-4.4506234150827675,6232.496928025668,0.3313771554563457,1200
156.43415183973968,0.7133523396653043,10110.209410996762,0.7498065106161883,2000
209.44403310787072,-6.434528544913122,5320.392824862956,0.23164914459637606,1200
194.32559768197436,-0.6529327123435849,2507.950277729081,0.42766199747164907,2000
170.6412363472176,0.4807357688124745,4899.990710986196,1.2599364459029396,1200
149.96204466016252,-2.1517109979652718,3887.8002995307143,0.8489665774238416,1200
250.27182207773816,0.320662903221854,2444.5218585350253,0.19315083141285194,5678
223.08997205838833,-0.474861324981842,6421.432187216896,0.036761319443389784,1200
262.95493344384124,-0.3833719085840103,8598.676412367593,0.00983278656226149,1200
185.4296917194498,2.17145550277107,8465.87073197704,0.927147519446383,2000
204.04137822216865,-3.0417020290556693,7398.205399678137,0.23036718725441238,1200
176.3187091209716,-0.12547802493897953,9877.185500811891,0.07703232588171308,1200
207.36429717455277,-6.497968481925065,8389.15042836764,1.112375857832402,1200
209.32815764017514,-5.460746312600512,2666.722865264136,0.3166214524329401,2000
203.89848820666475,-1.3793738772695379,5038.009780091256,0.8854459389727899,2000
226.81700967476814,-1.846834849021475,9767.659787793415,0.03099207270178705,1200
165.82022162678575,3.3355467568187036,3254.782922389494,1.3971844750814735,1200
183.9395656527004,-2.9364232530826877,8277.5873950081,1.8921442961676078,1200
227.23852592874624,-5.255890671981633,9495.8791612914,0.12631663911618884,2000
161.68101449688177,6.691554413763376,5381.9458794004495,1.473053779843474,2000
184.82862876772646,-0.7783885580075228,5578.867935818782,0.671001597984866,1200
264.8276141691931,-0.332501945533909,7758.613738964908,0.6380666408414895,1200
195.53367561016606,-1.9806875154752788,9780.41065143114,0.5681984829850105,1200
173.04268786497778,5.341921768742918,7477.034029580606,0.4424250997223306,1200
300.1937099409659,3.841316394354654,3807.818008394003,0.7918805113484993,1200
185.6655024085305,1.8895876012691175,4416.559694616329,0.19217414632179006,1200
179.20931034520106,3.231790794150555,7784.392978926129,0.12933272995523135,1200
309.55074825478533,2.068251011896332,10621.487965859806,0.12784464518322844,1200
205.50207447494387,-3.0638402972293974,5110.674984017956,1.2838710642547124,1200
240.0475600341191,-2.205051586621222,6433.471974485687,0.24167375474230046,2000
203.42149474666593,8.048977872500362,7764.615572300493,0.5713938262558336,1200
201.3743844010502,-2.5387875844486256,2506.1073876004325,0.7318717532989055,1200
223.76865305539062,3.992106977896084,8102.548630421783,0.48481992416321573,1200
171.37226829226458,-3.301713721325911,6543.025199037495,0.5749116209109937,2000
192.36807513687614,3.7737242121302703,4432.5479379894,0.5062842517529611,1200
147.1801394207224,-5.819346910834117,5135.0659223213315,0.19955784512249497,1200
214.3715147169676,-1.2462031713774737,4970.303661596503,0.7982784052392771,1200
241.88885993811533,-5.969984902368454,6358.18003803232,1.3943540545057145,1200
211.62123183531423,0.7903977467911343,6385.262583642129,1.9946516697886205,1200
264.1616478988347,-1.0748865839843136,4510.872634581809,0.11298715755200367,2000
204.49897634160888,-6.082256835443413,6708.985239976271,1.1251193622878886,1200
192.14564888048585,0.45899494862119233,7729.286890230339,1.0440853550824687,2000
209.82951679129178,-7.022843857222965,9264.094239837787,1.8878051036765662,1200
190.50167385441017,-2.0952944685435964,5476.979568751585,1.176220425538069,4321
210.69848458179777,-2.6606809496932486,2320.5573794369143,0.02837920137170431,1200
195.3820349595845,-3.4711479226394113,4798.026732014316,0.06659037866501678,1200
148.17721020756755,-1.7153970107467458,8315.442051920108,0.897623988140345,1200
149.98085912826113,-0.7035650712393907,2520.465434957788,0.7861034769977411,1200
211.71992856648248,3.0923291986107615,3599.7529059114204,0.21149009046233386,1200
521.5818403432721,-1.7487165435248564,5469.093484736495,0.4440357223454355,2000
239.59779928192512,0.1573809980189408,5351.447978510325,0.07433592783300702,1200
190.8709703617155,-2.4231900571554132,4753.807044033791,0.666694317004856,1200
191.95732784884592,9.15932220228266,8564.078831588566,1.7451026714614537,1200
200.5532556272403,-4.4579637169357165,2448.3410624161716,0.08500780836023185,2000
216.14354515973736,1.9286192406757645,4058.3390391689704,0.49419703588162245,2000
239.82300434067872,-6.037771645454554,10531.545425717988,0.01489670717467606,1200
205.77567105330215,-2.996164688692309,8302.836362744576,0.6011524453308307,5678
171.35879761237328,-4.514871938004125,5030.89532433917,0.19693290351119064,1200
177.69258874825087,0.6679333556336907,3350.200822788404,0.09092657754801058,1200
219.70694296380094,0.42064235226681596,6301.370410860878,0.5966045704576767,2000
161.68060266988968,5.205194989394716,6387.396093422928,1.591760501959773,1200
207.55869665149223,-2.1554208521089997,10589.62586354683,1.375979336702308,1200
171.2494461801571,-2.0306566088323272,7764.982374031713,0.578639170855375,1200
168.64577678716222,3.877914013936263,5122.716962891172,0.2024579687896364,1200
210.39408785517557,-1.6695085966072452,10743.964036634472,0.9460505938822098,1200
192.60367415922698,-1.0780374453692567,3636.3955963606586,0.08329229090410503,1200
140.884105684981,1.082083090987123,3551.9912672935543,0.07173491013319844,2000
194.32927948846472,-3.416066172380819,10935.684096553845,1.0731499110668423,1200
171.46009261335658,10.010157948437277,3990.0459173213226,0.0012960963832191637,1200
181.01267138153062,2.5608464951012513,5761.267407414065,0.5947637539660826,1200
158.37358531683375,5.435701450797761,4881.584246810649,0.21773848585325972,1200
202.72445152433144,0.045517079280559654,10169.724388422412,0.019708679787789948,1200
216.67164551025948,2.103296502780196,6401.869400824366,0.04008565761517587,4321
170.37712034467663,-4.0751730477592245,2043.0897760135301,0.03520884028798519,2000
224.34878036860445,-3.7802283121758693,5050.258059589946,0.030299703717398326,1200
201.1088105964773,-0.006097319704775247,8988.47679184012,0.29379265771973506,1200
224.24107527070075,0.48231951432326065,4063.2841254533855,0.17894763057424948,2000
205.3910080229616,-0.6103021627116991,7197.153261057895,1.2953922142929137,1200
206.28148855747594,-3.3456413372898033,10272.259629447364,0.36430477549376233,2000
212.24449963883868,0.6273097364400118,6845.242490866206,0.666373382976768,1200
196.03138531992087,2.271331372811297,7560.662825823393,0.577761716896061,1200
216.14368001408218,0.9684814224060077,10801.6515251046,1.2259932544116723,1200
178.9442711309937,-1.4153960664922414,2912.3403328830886,0.527121210565763,1200
211.36311760884658,0.7521665500540284,4176.74798124978,0.04714569564584437,1200
181.73182057091853,-2.910426416734188,4456.373165446683,0.07548393768476831,2000
160.54982374148864,2.629916465609293,4342.321124528668,0.08094191251023165,1200
229.79348762883575,-3.905207245157384,9888.161055760145,1.1017095180649878,1200
209.3418746895763,11.463685831072219,4400.2821794648,0.4529226056750314,1200
120.97762600887663,-5.942824021802404,7109.174228383713,0.1882111882969999,7500
230.49711108528345,2.9319617786062295,7097.462516783577,0.1218946574426869,1200
202.8021936074599,2.4574095398543365,2753.608273924687,0.14876271303359515,2000
200.68209883155117,-2.279815997938558,6854.766937450725,0.014540582607303404,1200
253.99582172827257,-4.252711028006736,10679.420970186657,0.01066176762342081,1200
190.02745716688423,0.3306367252061526,8379.272339499345,0.190300437237619,1200
194.1797727310595,-2.2201595690587284,5493.045273496624,0.07594604454594493,1200
184.42364641309598,-0.2527427588156461,2606.4459081598106,0.9026222128108935,1200
279.7716950806912,-5.083598980065451,2812.465155585648,0.1249626634190608,1200
201.81487913569276,0.056005902761450364,8831.714427603025,0.11625044230752338,1200
238.6647069508066,-0.708806371516633,2648.0562940079135,0.000906121421873901,2000
240.29455146928208,-2.9165930274056633,9735.377066996109,0.5899619360307347,2000
173.1428998289082,3.619202171791088,2080.1835036299617,0.22294921793929878,1200
227.5922262119092,6.518238194293205,2106.216906016546,2.092606719196675,1200
186.47159806404687,-0.9483210999490677,2437.3153276252383,0.16390392822236005,1200
194.69830856433938,6.908809681042264,2573.6001041059676,0.20586641497613709,2000
173.64213057130183,5.561052646776431,497.10898990699667,12.826707159666075,1200
201.41118545175402,6.249641995260186,2741.656653062003,1.057355488986253,5678
193.59412243189607,-3.0044319341833137,4849.210932804919,0.483703084787279,1200
223.53113354249592,-5.3032228606403615,10483.156005061006,0.04678933728289537,1200
184.9130319296101,-2.114065918794821,4175.20953283299,0.06848985654597349,1200
169.5483588112181,1.51343777909971,2841.208940258528,0.306272503557569,1200
217.90198098624336,1.595525856603535,2327.55302376883,0.050842741789437,1200
231.91225796118516,7.283495914476086,6744.310251038521,0.19234183185053613,4321
221.31944684267725,-2.303847090898632,10835.787752609465,0.2719735257505796,2000
229.5598666168952,1.2369995739342816,2839.152878593223,0.19378637010859093,1200
199.70365743173116,-5.956126086171484,5718.819636216876,0.8157695399018888,1200
138.8270362108731,2.5381674467676105,3030.5894458781545,0.08775596534248274,1200
151.2685317484599,3.376100499699788,6822.148358727475,1.049948773384112,1200
222.9950577178026,-5.743379034950703,6669.063642586466,0.7831854541481885,4321
192.69577109978573,8.284468866778964,3580.628373044645,0.4762868994490391,1200
173.67701789650255,-5.451015227289541,10824.118098636825,0.4320630142741277,5678
216.06559672243438,4.513749366457448,2949.2789258216317,0.7855594223871067,1200
244.99491990463318,5.67234685588044,3792.5813286893654,0.5100325014805199,1200
214.95027109586354,-0.4403584115370392,5110.013416120759,0.06456822562827756,1200
255.89769439782958,2.8231293439928202,8595.714951968803,0.3526104453430497,1200
167.43652008497372,-4.648334209507829,7940.485400275063,1.775444674761401,2000
249.0958296038658,-4.941681892359672,9154.159712666173,0.019577036757440783,2000
157.56821062673606,1.7596226808396507,4153.568625774342,0.17775672052989244,2000
132.9955967541153,4.590499907305265,4359.833442050789,0.41176854556356274,2000
179.502547092055,-1.6565937661026884,7763.239993425659,0.32189013996157256,1200
202.55702655293192,2.3128924686041885,10212.17895662008,0.5561336438607453,1200
227.2021136566266,3.7861011764770556,8549.208249359628,0.020290889133699384,1200
221.17998432813704,-6.504661036015576,4139.4494845587205,0.7510981874811057,1200
194.0031896657314,-8.555160362076016,10821.004029648811,0.05056551358761358,2000
206.41005807356643,0.32220020968465685,6388.837107498487,0.40689039492898765,1200
224.41400360264373,0.7821599969491456,4572.7149150315545,0.5272578317948362,1200
193.5124866612343,-3.2882321843423927,8640.381678376116,0.04835989011704855,1200
222.038134793516,-13.37617618349118,10465.964478071946,0.11997557283560843,2000
163.56852091017234,0.8775641159311743,9379.815030641425,0.9146675898042546,2000
223.5345771851283,-4.79772625743904,9394.097693215273,0.6840604188893695,2000
202.17497858697692,-0.9889842809347454,10112.32119270879,0.1409525382502684,1200
209.15914309788684,-1.947930711975033,6793.246719882915,0.14976225376017702,1200
227.26175310576926,-1.2295468159843614,10684.874861869619,1.5282593417855013,1200
196.11941752324014,7.004238986295175,2950.697143764875,0.8145911342377314,1200
243.08077414957202,1.9078358883119735,2777.5178890518496,0.1702589714505215,1200
188.77112427600275,2.760320522187108,5275.154675552152,0.04109492756528949,1200
213.39705788467094,-1.6626234241667606,9392.542405325696,0.49755413524409703,2000
153.7538307461615,4.284965647090556,3777.4416566291457,0.2242734097181814,1200
132.63561162450986,-0.964996683376296,5718.7624385367535,0.16632485734351296,1200
215.49830428124528,-0.14012348297306879,9210.623208790974,0.8857988585204047,2000
222.94654284636943,-0.25622742958733835,760.2230388623041,15.625378734631896,4321
155.6813092043923,-1.0638679947046727,4188.010669112085,0.20856365086792983,1200
127.2460202043988,-0.2349840207331497,5705.6946590414955,0.24285806068692414,2000
212.90645083570055,-1.5523569650354496,9165.471255481407,0.9020453820702716,1200
193.5540392673983,4.300197698197095,3798.5470957349007,0.24136911042302586,1200
190.11991353223092,2.0720199208975836,2337.523639480238,0.5537784774161789,1200
201.98193819993594,-1.0156597323674335,5648.484509874742,0.10942381100732503,1200
215.45433015167208,-5.25999429868638,3134.912045251846,0.23203582900461026,1200
227.11637906622633,3.242235530579583,6155.897898486369,1.2323655419340007,2000
192.5742810157532,2.813243923641842,3750.8950548148464,0.4385655049603359,1200
218.45058313147598,-5.379780375335894,4373.94056591475,1.3535012282473142,1200
250.02516192464054,8.52514004845296,3842.3978234439282,0.7329921882144123,5678
196.1069256565532,1.2009387125678954,4644.07749277363,0.00812377204133549,1200
167.96247318207134,-9.540051779075466,6598.333769152858,0.3182503063407363,4321
195.1051560329052,1.1526806646327064,8980.81571666478,0.8963422408375978,4321
191.84118741047138,0.199917703914294,7354.194485760558,0.0212590246017858,1200
200.0031098393744,8.116668531925281,8888.9199041561,0.6192450488245586,1200
245.12521478450077,6.613102065791687,5801.014415343659,0.9111261562214626,2000
231.08199195996048,-2.401815218725612,2606.8911830357993,0.6338078558679032,1200
138.88206405362732,2.7260591399443346,4754.7837713900335,0.348749164568402,1200
166.96194895873458,0.5223040046049665,8390.764737900508,0.2062630468688258,1200
201.65196640196575,4.011575286039227,4565.482722435707,1.057174169200477,1200
211.89640830847915,-2.060081408729115,6708.61516218843,0.3058622134768419,1200
218.27592464055263,-12.601508331861037,2749.4891251187337,0.13014070163633282,1200
245.39719020564382,-2.0046198126169945,8992.470279132158,0.061120694467344,2000
216.08943617663448,9.385678236095712,6496.502564959303,0.5062697567047018,1200
236.86800205426658,4.425451832046479,7619.889205891076,0.2959711652310203,4321
210.74781564683795,2.0367729306574622,4924.956781185707,0.19272320210229338,1200
214.73153390468912,1.6132544649648966,4233.37331070306,0.42334795883953996,1200
222.0810323814946,-2.221123790958659,9890.779197591255,0.36244846142090054,1200
190.844090308868,2.7366040778554073,6736.3026712425235,0.3661223178275682,1200
178.44176259659875,-0.03992164342546862,9884.228346251195,0.11248362800359146,1200
203.306449468222,-1.1003651177797644,7770.348542165972,0.7216440944302686,1200
225.47880204614975,0.14956638927013605,8211.66550545649,0.03227967877803901,1200
222.98406863782466,4.787590417576354,10836.22019615288,0.43526998051715693,1200
199.7468584153958,-2.622853405896117,2100.368403279377,0.15646994601636624,1200
231.74526207535422,9.628579636310226,3683.9431945704837,0.044841911962095735,2000
213.07683412808169,-2.3082114351423497,10124.015504061052,1.2930619936519545,1200
172.89720937104713,-3.5877391791628,10141.981716315091,0.18946870300668842,1200
217.97145854558084,0.3871832090174443,2046.046665356024,0.10835567638610638,1200
201.58412025518683,0.7061296923191641,10403.084500270443,0.2902059214932392,1200
228.8730407097934,5.093216758740016,4443.713248116903,0.43183958806278827,5678
212.89150041908118,-1.1166486583890958,5593.6256973310365,0.2011969333496131,1200
213.77440199766016,2.989136738156404,2067.374296092716,0.7771965584674972,5678
177.59996857381324,-5.466859465282767,5669.269229509349,0.010095933553812454,1200
197.36533325509572,3.239441772457111,10612.414181389746,0.1154694118463537,1200
265.61625837058943,1.7890888417131334,7641.026005625457,0.2595892635408581,1200
134.04987106455957,3.2307456042681197,10142.942283751598,0.05660725215491544,1200
165.77072380016153,2.677730882643132,4019.0554922439214,0.15698582359767052,1200
165.21393365707314,-1.9901472178762156,3428.3610313307227,0.03874001669027686,2000
190.32267745506698,-8.429217132857048,9235.42138553393,0.014428015133927663,2000
203.69690949107593,3.79474010001991,7974.835334984257,0.6809027106918415,2000
175.5584358867551,-4.555743504583689,2276.5021385184523,0.6543728109286648,2000
203.26920497195968,-3.266507996808995,7570.0036600888825,0.9936262380764246,1200
199.82509191253192,4.790079074684002,10564.75750577207,0.0427685728736521,1200
173.73623152993963,-0.39902198609586237,8588.65083873738,0.2429435970067422,1200
153.89601283555785,-5.589851996125745,2980.3490912189623,0.19347612571818965,1200
190.46296198104534,-1.166347079374615,3512.3347841305163,0.6434480276183351,2000
216.7381287706694,-5.242506745279418,2062.363083992928,0.3273697690865205,1200
218.0044955160894,5.316241359454928,6151.943509930067,0.8222059594571556,1200
160.25954149872064,5.389291999868373,10737.485481568196,0.0028601808328215534,1200
238.8709231649337,-1.1656051839478694,9680.313729722257,0.1183607686032595,1200
158.0674513472563,1.6325477464173233,4280.978948108892,1.0895799375810689,2000
230.430391453842,-3.1808526843595177,9269.718959049316,0.4046990507456339,1200
250.50445102560622,-1.0138767184949073,5801.956364430349,0.020870543419766522,1200
190.34485410823888,-53.93045116546428,8507.429716157061,0.35020382030347474,1200
210.58849827499648,-7.731001786168496,5440.034067990575,0.5873677792481432,2000
184.63176579555298,0.46910944704321167,5027.796402700646,0.4428396490946131,4321
165.71202192037794,2.829075370894422,2779.8459096631477,0.8321703451590439,1200
194.01146467754,-4.908515046599593,6023.61183330696,0.20857147572676513,1200
194.34418013615164,-5.312559143505352,6351.113367447917,0.056981785024839936,1200
189.1640812966811,0.01514032509213702,2489.2642029280823,0.19282673287782864,1200
182.2942789789439,-2.041803945157347,6499.117794839914,0.6462818481065428,5678
185.54442037983856,-3.6664890366052463,2238.0390847567305,0.09208610613389688,1200
208.93494711049496,3.9674181856795814,10917.745744318849,1.287939923361003,1200
203.56388813108765,6.079492037802356,7707.694515210527,0.027467555422641645,1200
256.00433748760713,0.9649032807422664,3844.745328677589,1.0462911429433976,1200
210.2639637186705,2.9865790280441322,10031.79638565651,0.8847934981290885,5678
222.66646641913843,7.190048166961481,10250.014465008704,0.09501700902190341,1200
243.05490997412048,-0.4859108180904167,7527.621017862238,0.5456714186021081,2000
218.6442925935779,5.78157391766647,4392.183721336165,0.08974182725651912,4321
207.1911359045259,3.0986263418879334,8261.672507492138,0.10990275071575452,1200
159.60649710636153,-1.9270530966305524,2131.679337289575,0.40481053406118905,2000
188.17249057846954,-2.9270062812987603,5062.822633199683,2.3361189149257515,2000
184.0324886202836,0.1991000710586663,10075.929127751522,0.28028041409756865,1200
218.9882016032294,-0.7418441118168134,10888.573843727949,0.3458170525408237,1200
261.74282856005743,-4.585526023098336,4143.373630922297,1.6913220896686882,1200
188.0537453924132,0.9559163785760937,8419.946297421342,0.3943860916660179,1200
165.32452914589172,7.689086725194451,10444.507793863517,0.4473030857004655,2000
240.27376036495951,-1.1473794518302904,2491.5747162899997,0.46723510380820754,1200
190.00473600005662,-1.5128997580588033,4152.137174400386,0.021939732616400573,1200
160.37222183629495,-2.9135789673094554,2965.413100460493,0.424793872320683,2000
172.7402337420668,3.848680161391274,9571.459008714843,0.12724666005651372,1200
202.34274784966118,1.730722974650086,4103.394004932279,0.573581246416308,4321
211.81827164786873,3.4094373900373274,6807.444901000346,0.5108703048107397,2000
224.11066909531456,-0.7345306710816869,9853.776980038896,0.11993498996287907,4321
206.92530523367745,-0.9380304560864604,8236.375770886942,0.06450027126693789,4321
117.35945152157828,-1.9982342622064286,7962.229828531011,0.6099395867966088,1200
275.7905240212962,1.4120375016753484,8311.713758505426,0.03780195284207347,1200
185.68761161336172,2.044655200718027,10377.459994253555,0.724739274615385,1200
190.40855798784366,4.75287384959148,10371.16408115356,0.4349110757765243,2000
224.9139094789169,-1.4146570429779313,3618.798134453822,0.2598092508643402,1200
224.3354385185151,4.825307425439661,2714.123223787462,1.3959800531963704,1200
232.72793492915608,2.8160061181604332,10394.905721948353,0.11713402541724958,1200
186.0956647590337,-3.184360646235849,6028.105391251978,0.07507221325188385,1200
189.38542488308866,-1.336467784217557,3119.631539149129,0.4427903411301864,1200
196.3104223545817,6.601171729944277,7349.589920624834,1.666876635344992,1200
204.27738802793857,-0.9516351744345487,9270.835842885597,0.20450114033030833,2000
451.2677075682215,-6.48524062781499,3166.1269216814535,0.14866022040546806,2000
243.40031022691244,-1.364231943860726,10595.479123736002,0.19402525633388437,1200
133.286439718683,-1.410168954882375,5378.744508904869,0.09207717931618667,1200
253.73098219927843,-5.258647235403467,4532.888549356052,1.4032856314038962,1200
230.07698248045796,2.869209689696538,7880.645710251486,0.010490429495124824,1200
217.60696243534414,-1.9687726086924675,7091.337451681786,0.0008391904810162732,1200
206.38717989455242,4.617400616977107,5963.23144081451,1.7275339586415428,1200
147.43143114663212,1.0970287259777782,4155.848618897848,0.22600158729416053,2000
212.57246979531567,2.1388156080191854,2519.5055573037084,0.1953712571463287,1200
170.5289745094535,0.9261289024996892,3602.412776736336,0.8074893430835569,1200
187.85898769266961,-3.06780760805014,8996.015456813395,0.7757994693548024,1200
133.67421028309815,-0.8519427180587857,3361.42157197666,0.3390456411986445,1200
201.43720287143552,-1.1451016401696923,2926.845303363773,0.4177825856094084,4321
221.77441180769114,-2.040298719586407,6929.032789950065,0.10789322545373158,1200
192.51788688666252,3.5870212988622714,8988.86257003172,0.6462484203266037,1200
207.25595992468214,0.9220489729254067,10285.157616884142,0.46965605721948755,1200
230.04903646136918,2.2320682705099486,4969.106122135944,0.00041648195134320957,2000
186.3318306649682,8.14447364492464,9315.797628369186,0.5242567628117554,1200
131.93126979720375,3.7706642598833504,10806.305882785575,0.24939334799694118,1200
196.266779326066,-0.01377042234883743,10443.976386555742,0.8022250476208325,1200
143.7547553201619,2.3056711068472397,10946.331955283213,0.6650103644270631,1200
229.87317466898776,0.8775304593716471,4509.674353123008,0.520003022266146,1200
200.1644746614186,-2.876053143594022,6041.5266038185255,1.062124666318832,1200
185.64839739626308,-3.385191557591788,8476.979680119919,0.2521027455411489,2000
193.39917169598027,2.418476428056028,9454.584614920273,0.22210934759562656,1200
203.99463694101433,-2.286773283638307,4817.460641292551,0.4169352584314426,1200
242.95684575409197,3.9387542285559065,6798.168593368962,0.14036480297367337,1200
203.26889486827832,-2.8220951195981687,6398.827709795015,0.0368147425537945,2000
185.4978216968581,-1.7854009721302098,8617.113970768733,0.16516692521338489,1200
209.87893448871677,-1.8771120715358505,7766.829422053,2.1906317901505563,2000
212.51302513874975,5.644578896717648,4248.782712009977,0.2525415766546418,2000
225.4595893085015,0.9051140579362112,5818.152624319862,0.8547994010305842,1200
189.80086909323995,4.573302322025346,9755.931059140754,0.6866382689621708,4321
169.55134099672483,-2.284890783637399,8656.319148593026,0.24078913601298307,1200
188.60486852399666,-0.381695931707356,2441.3659740349635,0.3325730199471232,1200
229.719104561074,-1.4217481210724283,3540.7630513394242,0.1585654402859762,1200
204.08308255225455,-6.981848163666425,2460.5425540292185,0.05080572658048509,2000
188.30298416296776,-8.431777604021514,10816.936413745228,0.2644396863730303,1200
195.33338944422803,-4.583802225641752,7764.533610802469,0.5321022911976093,1200
254.1225171912846,0.9707512829384147,7777.043494471394,0.89362667297724,1200
176.43401697369637,-5.905158310987531,8178.820460026958,1.8735799393171912,1200
187.19960792002945,-3.174184987869304,2996.91283840264,0.10376550224918235,1200
240.1624023877904,3.951519618648338,5773.292796493461,0.9836174487621386,1200
167.49594544102698,2.8349194537773075,9601.318434537592,0.36027668097325505,1200
145.12903696647615,-3.715929079618762,10324.487527704438,0.008414356454888692,1200
171.72492846877938,0.28631292280902143,7714.789024525183,0.551619069476693,4321
192.37081125957943,1.077843423188737,3280.425471336303,0.28483071945104554,1200
182.41762911077916,0.14364152080425138,10986.860424110622,0.4380350189983928,1200
203.25757322072528,-4.024584014952834,9923.743772584789,0.42960080144966806,1200
218.1835909145435,-0.3172790968187212,3254.5899512223095,0.24186346235142625,2000
231.16904318525664,0.3536230242517089,8765.70994459618,0.5498225414972614,2000
202.8629277507422,-2.3328451759522504,4626.220836663931,1.4469008052382237,5678
212.44354179099122,-1.1901094472350189,8462.903710863084,0.6390144859496623,1200
203.15292066572584,-2.586936741845631,8624.433956467412,0.003229339761891169,1200
228.63565925793392,0.5135885932614748,10687.411237973627,0.19210679896943741,1200
223.00179224002966,-3.559735589242136,5760.023497406992,0.08300599866157864,1200
188.59841390381558,2.0238128924426384,6178.465494535485,0.16764617763184778,1200
210.81219372973118,-2.173399913413469,6983.8184525222305,0.21537175852289675,1200
190.31165455565008,-0.3938389556908429,8289.117741365037,0.1851167933627211,1200
149.6342487418518,-4.32645410084834,3680.965609153591,0.46948579587611305,4321
221.11691020309848,-3.8308445430330926,6542.4158924901485,0.7258497258061687,1200
216.31401047712018,0.2769098433110127,2568.8310268603464,1.2197553514752513,1200
199.37799346063443,0.5344068475501524,7464.097243012868,1.7323818937140245,1200
162.38496328112362,-0.7513596355190995,8635.752693662933,0.04176257589084228,1200
209.21096393697425,-8.895100608082384,2169.52447744378,0.010879603850025683,2000
241.38380740781466,-2.2682044645660078,6747.44631105737,0.1404400550720872,1200
168.33908053144467,3.710880791218109,2846.7677381300086,0.012705626162122077,1200
167.86052775074154,-2.1432569190046027,10072.353526283292,0.479440133792336,1200
235.35964970664608,-0.33733061923256785,5174.289188478755,0.3373458692135529,2000
276.0032333140913,5.348744213201821,10865.046312517768,0.08181833319929571,1200
165.71921443142156,5.479147464743421,8215.499501857941,0.5615370648573749,1200
158.42338444513115,1.6485995594358183,4955.232183219251,1.7520178891117817,5678
143.65879139487217,5.321941840977436,4001.099655104419,0.039906458111685965,1200
209.9140615735473,-7.501094840855392,3341.3659645548187,0.06366229226372938,2000
228.6967416339342,1.501911815300253,5166.420038480488,1.466785962077145,1200
199.42018146686686,5.94931917587074,10653.175105412087,0.6633689751919558,2000
223.72824085098313,4.083590424806651,4791.702802832608,0.027581436644258047,2000
146.98974760656455,-3.5094314413795344,7225.805415733697,0.4703231522207422,1200
155.5959532111577,-1.2064348968476846,5128.212865600437,0.07207073415074133,1200
226.9009199223046,-7.109902373463968,4688.806030011181,0.9177288357235384,1200
250.70395815443237,8.758114508089403,9480.906957994584,0.4215930787112941,1200
239.54942062621728,6.420174024982857,9330.832911986272,0.2836440150435801,1200
192.90925511461256,-2.5758534443440895,6324.643468764103,0.11136313362265789,1200
145.5092191520231,-2.203776911621038,10371.266132850711,0.3674035239332103,5678
199.86353462207632,3.558115380558316,2120.7609094598433,1.310021363159898,1200
156.58367946993937,-7.667657107543844,3956.508643004203,0.6989093613219618,2000
181.23615441216756,-3.6513043429814243,9641.133654860412,1.365111756140669,1200
231.90248409609927,-5.263581046572636,3196.1776827429067,0.43919064702522226,1200
253.0310678481436,-2.7249543795915754,5502.930637856047,2.514350694947983,2000
199.65286446122323,0.7099919342279629,6821.344993470765,0.5401229979660926,1200
131.11969764050815,-0.11026628691834822,10779.495046747725,0.38607490930719884,2000
226.62997873943962,-7.615705254039171,5620.010411181369,1.5830277808313482,1200
203.11102652320213,7.047312269748938,4058.1071516798143,0.11246683012506527,5678
249.8278684503968,-6.986859650674492,10060.810397760026,0.048795401299157395,1200
209.34205442796912,2.435244005594317,7249.669341557243,1.9731105555627575,1200
222.89500333546073,-0.5965882540762524,7887.548338529998,0.015319362215998765,1200
261.4551901998111,-4.4704723664513715,10207.834806670724,0.3835187382716527,1200
179.65351946822378,1.183403992277964,10558.825042777868,0.005122911496200224,1200
227.23627652253538,-0.7540557803316328,9868.819389445009,0.5340411879864271,1200
189.62252263301986,-4.11756786983374,6038.454529895722,0.39894815868223804,1200
227.52600454484553,-1.0593955305710725,7109.471829444013,0.7130539793022791,1200
214.4635700524905,-3.5893165960691533,10368.705594281544,0.580430971376168,2000
213.27563387833027,-2.3477188251085774,3379.845588524462,0.6905626621991051,1200
136.66119023213938,8.804339876552856,6351.491686435564,0.35841583811277633,1200
182.03102873458226,-6.486594620623474,9701.591703195492,0.011697104141898222,2000
162.66540442853253,2.95341962611143,7434.1701922741,0.1685343810003885,1200
151.4982442039539,-5.528288941020661,6470.906303516346,0.7813550750583965,5678
187.61101660692142,0.6884707987700224,9441.46216017622,0.17829003584178765,1200
239.14664367515823,-0.5222930281456684,10307.699426025569,0.003100973923899925,1200
174.16408610424998,7.055712493327819,2881.591806155704,0.24872741041615598,1200
217.41096834514582,0.6810122330695324,2191.6771765645153,0.2843312160350087,2000
202.02734293823022,1.3336598282135743,5688.030245340313,0.19302327837278116,1200
169.12354129360028,0.13973176087269698,6722.066877234784,0.6811500056530312,1200
245.41476927116642,-1.896524290472796,7479.430755967466,0.26041857659531276,1200
193.52218778334358,1.58417909506195,5776.7544695238885,0.14287306167548364,1200
154.49678682724152,2.701521490897789,8731.470247348727,0.556288839962692,1200
229.5093698220852,2.5555192438622876,2787.3826869776667,0.3010774799084515,1200
227.8272371758064,3.6900701793167765,6396.617451561941,0.5147609998929367,2000
167.04942939307236,-0.41196069758480286,6262.413250101745,0.3998982591832355,2000
237.01090069422324,-2.991172437821461,10732.19754333097,0.7240466735907586,2000
190.8843948935766,0.42258338812853735,5721.749624310922,0.27290692499677077,2000
222.11201296627252,1.8046645670930967,8639.242249144294,0.40346913046081473,1200
163.2190268297865,-2.6217861495328196,2902.551550337081,0.04272784933532127,5678
181.40458428000215,4.727475202619892,3837.3880200777226,0.7648811265858868,1200
177.3102372856593,-3.613180200474132,9872.721303801205,1.1698756729201707,1200
223.25029581840192,2.7465820709114865,7058.16330708645,1.2169770539166644,2000
196.03379432140562,6.706314210099652,5525.279707474558,1.0315131305516139,1200
180.28144967849946,-2.70606436300602,3528.7894031223714,0.4378623750651778,2000
199.85951625526212,-2.690808380731545,10887.5332889358,1.1882672036387867,2000
137.68959809043528,-6.396750699398101,10531.31249177637,0.17703993378401847,1200
165.66928017379428,-7.183701371202455,9021.920821511252,0.4770625698541665,1200
264.58259620907756,2.6830566880351774,9753.931944851882,0.9560393923733137,1200
177.13645786822536,5.406920123877748,2992.9251030139503,0.41959999002348297,1200
199.3305290515434,-0.9510255964700538,5629.409929687762,0.19766875923031302,5678
198.2904822572187,-0.506785000764013,8653.910995852766,0.7383203104623214,1200
229.8213096073283,-0.21911464222437538,7643.062332860707,0.03417190283475921,1200
227.18251789686215,3.461894110826439,7214.680243362972,1.7431829134395211,1200
227.25054862597483,3.639273088330951,2649.6764534668505,0.1001906629331386,4321
183.53255633300117,-4.665880911513411,6287.663028021382,0.3132639630185248,2000
246.31099390487415,10.887469114780277,7397.396011317435,0.07562140989271166,1200
231.9215664920246,-1.9603150365238267,4364.974700209166,0.3299905689580952,1200
174.81999042118318,1.558848804885395,2963.616878003105,0.34352619143527474,1200
196.01098846046398,-4.440325368901557,6310.826175911977,0.42435472249790346,1200
154.6129145895668,1.939321190057713,8218.275031793335,0.13315684698825497,1200
194.21487155159804,-2.2137767272160263,5652.438318316406,0.8220514422609029,1200
182.14433270283573,0.26210062518512517,8056.237459534717,0.09797326292282338,2000
187.7112594363806,3.1234034708631957,5110.8331915490435,0.1254077390753964,1200
218.69758865463595,1.0575095012376838,5894.4140470370385,0.15078489379780285,2000
214.81681574872877,-8.313635429781318,2957.0700219207883,1.6765044603463057,1200
184.53147379621709,-3.1837203953482494,5902.528486271972,1.1241484632463514,1200
193.08050552090077,3.548722722816081,4877.6704777063405,0.13647752954349,1200
123.67337226717038,0.5142697040894378,9294.848305010622,1.6054612223087374,5678
170.98198913418042,5.943266384399995,4017.4808848317525,0.1322539741710221,2000
173.78959455119613,3.0379285531854707,2701.8241124915207,0.30931463032240586,1200
166.91739520370956,-2.599060199189291,10957.229571102102,0.27682943694973455,4321
170.10505829152538,-2.9715312004311363,9552.645935347544,0.3068946419090253,1200
214.3836411499503,-6.750989185172795,10783.466585444723,0.8563607906488453,2000
195.10012527445554,1.9509012625599453,6620.076992132495,0.60083973816241,1200
168.1783568134605,3.393861306980959,7483.008972446416,0.06849514525616494,1200
214.5892529203451,4.616115402286882,7061.881196638303,1.5623999544831473,2000
161.03379593584756,3.372861569415363,4522.018811476464,0.38423512450073943,1200
145.44017854763666,0.3923902903901556,5354.591225553528,0.15639576802155358,4321
140.82388130296863,0.9635010002168509,9390.624730353398,0.3279174042356674,1200
186.12256631188083,-2.187386042027688,2652.6158276363353,0.8006087516688988,2000
238.72175591259068,0.34979444557018624,9937.861221228046,0.4737368399547584,1200
180.08387818725447,-0.28935887964413004,2714.161875149271,1.0309098097204448,1200
221.1276686119122,0.9601229825126857,6321.321648632499,0.08437496206926211,1200
175.99262027076958,0.9773323339886537,3288.9229954228904,0.02483495513330338,2000
194.67943176928796,3.0370290360587093,8651.304400782574,0.1360924700449992,2000
215.64488459791096,-0.8051208908416417,2324.4808735518604,0.13871853259933117,1200
216.92272715719636,-1.7636251715205915,10087.459361265457,0.4855178358817017,2000
159.26016415243384,2.1535792189977103,8804.602022898154,0.28944839140098344,2000
219.93986987176743,2.8130061269412456,3876.946603829609,0.6815734593206061,1200
192.13238663656375,2.0333298952553873,9818.806551993002,0.38119712462392596,1200
235.2962732421277,-5.295478358032526,5293.283226887849,0.31980838297897035,1200
219.13945363835862,3.1515065798403064,2841.932639295897,0.29285253753131424,1200
246.68666499887493,-1.7775190724300798,9979.553782210776,0.1376862638242355,2000
268.64572317839986,9.136898699885315,5692.339141586117,1.5952812486869767,4321
220.27084352939386,-1.2309641761608219,7496.581058546004,0.008272936945500856,1200
237.8199152879023,4.373819228704272,7606.246411066512,0.7671765309924093,5678
193.20146400271162,0.9427270450317667,2014.5845815702319,0.06847367350474676,1200
210.34723313725766,-0.44534904855544666,10599.19663317162,0.3785026578000417,1200
227.32913029074686,-2.070559597166503,9986.336712779437,0.2463612819764533,2000
229.39100148541908,6.562304867083979,4498.7015239895645,0.2883760994432666,1200
214.44533739539784,-0.10305864550647478,3445.6522048776087,0.9060612019837878,1200
216.49306947511155,-0.2220581841234677,7627.092637864119,0.07375914331123375,1200
256.42715832721285,-3.496686630398219,3177.425969701182,2.0554536541512447,1200
189.2876945150899,3.9443542290351674,8077.24198134297,0.5610630988338973,1200
199.53133430048115,-7.484597200448047,7937.517684084585,0.0013203078308890621,1200
194.16700136451138,-2.9633743692070387,6976.588582950169,0.8581654266900605,2000
181.86150340984142,6.329013433965495,2378.494120658456,1.3896053394750454,5678
214.54874501905906,1.7089562229693895,2701.81206661696,0.07274414117264444,1200
220.70770551995764,1.4940053530945292,2354.5011794633842,0.46469237450194933,1200
233.28548463326803,-0.3484270377205431,10887.487925496685,0.5983212811407979,1200
131.57152944901077,-8.233768451291136,2002.1293948988207,1.3631793834996986,2000
206.84336047576218,0.7822971621034603,4984.522779903882,0.42905991677746297,1200
228.28182621183672,2.4420910693862665,7635.075646369253,0.3968672091061568,1200
206.06518313254884,-0.41195672594297567,6045.2176663921155,1.11739945022834,1200
220.81785283682248,-5.694150354382497,7875.40025088076,0.003019279526797388,1200
198.07813514808814,-2.7899991662433545,5089.82732551413,0.603041949876078,1200
223.54801017537943,8.799826202226122,3923.055827400349,0.09271568235187867,1200
149.63708771272675,5.625224621023461,4832.789102848752,0.42596392150735474,1200
193.1896197957404,-5.788169492322926,3828.928221933904,0.6461582194017494,1200
202.82881365666555,-10.155919008711082,7637.800837227721,0.2627804002314975,1200
213.18461834258983,7.012780716556197,9192.218096090102,1.1452570102734356,1200
215.90009072257848,-1.3370078576473978,3035.8046065747367,0.41204472661838804,2000
230.6127448502452,-0.9525324632864636,6376.864543342,0.43670001301268685,1200
250.75734747574356,3.881997927563633,7665.5829087362945,0.8237341071159088,1200
221.4331816661856,-0.5117786817127613,3212.6559461643474,0.11252866562079449,1200
161.91327198057428,1.082467491651903,2267.574562164176,0.015166824489162635,2000
203.10621707406747,-2.517260387359064,9830.819145035191,0.6864732329796154,1200
175.5635927122574,-2.8185692474370008,5708.0185712946795,0.538752722136772,1200
197.08244119683903,4.238228050126367,6450.633329361446,0.374537421290499,1200
194.39570146019423,-4.310232087340501,5573.320836624111,0.6623993735370001,1200
172.13614620683913,-3.984802594479476,4166.80440909213,0.27979464282490835,1200
202.78032052522923,-4.1698367073339355,5109.581643447071,2.799535089830686,1200
207.53535026363622,1.5727061872476777,7229.231720387032,0.05951894510624072,1200
176.7530597294432,-0.856267207912837,6000.207030569081,0.45879871530429867,1200
252.29497609411686,4.5044393310035264,2713.375560632345,0.32492673340959066,1200
211.6041738891513,3.97765239209756,6227.217501404803,0.17805691437160487,2000
205.18501820037693,0.6014769838526002,8831.884037796255,0.20197012393896743,1200
453.764777696396,7.896048910834226,6062.9176748077625,0.18088887708920068,1200
198.91333525024984,3.2951832681289743,8680.820411047906,1.1069008773352824,2000
227.81050732105467,-5.634263906086078,6287.167971157363,1.27729798198443,5678
211.23147733183086,-2.449620989662544,8038.566773255153,0.9100081226084675,2000
229.04135606370818,1.3433941344920444,5373.32803265063,0.7057004124676236,1200
206.6099889322052,-3.393314942274848,7838.041561205514,0.35794555813234463,1200
233.61028473738872,-0.8625945785518184,4295.543525692632,0.25892269668649964,1200
163.5006865674016,5.711776447658381,5126.2436974219145,0.6417920416871903,1200
177.17587986559306,0.5346637053232964,6680.687148521372,1.3275211538290175,1200
228.0732603333438,-3.4505079224161013,10709.039296604582,0.42867980375764525,1200
220.53720183093003,2.1693757111655527,5224.52706483837,0.47958176778894374,2000
170.3342481794064,-0.48388630615018563,4396.58217784472,0.5143753627989156,1200
184.442122682043,-6.0718043243220885,8075.852603886323,0.023500099396104705,1200
254.90557975449377,4.7167097664080355,3227.877214535266,0.10673855448760262,1200
243.03112317556182,-0.3475501360888588,2792.5743862475197,0.1432896313198488,1200
191.8997809321959,-1.8302974675856485,7739.901676070206,0.09272285486672893,1200
142.31752947969926,4.830595955258507,4907.863429176035,0.009999746098725414,1200
176.95671149910177,1.3924993529710534,5801.75803945939,0.09660124060185,2000
226.18194276533396,3.237424373779036,6973.203098551078,0.33704629031169486,1200
210.2835297046074,-6.101339013212681,3527.678251570465,1.912287488161235,1200
182.43350670871496,-0.5154508251315624,4365.413692547796,0.5271549443970553,2000
245.07695427151836,-5.983064702084388,7090.2197821803975,0.8375859764415146,5678
191.62343145025858,1.6409231553317345,8169.999643460833,0.30833110687921095,2000
205.00904271942323,-3.58399913206223,6595.1497490750535,0.2146979749609684,2000
214.92859785731304,6.041879783765716,9956.534996722192,0.4352802129929611,1200
201.1411067249604,-2.536027178106063,7272.278743807094,1.1588950430285212,1200
239.21809269854472,1.898351263263496,4882.706065463182,0.7778843981456599,1200
235.47910725792565,0.5349638634474388,4169.223491522418,1.1196606412280943,1200
188.9874838420164,-2.3992104871244733,10052.303857323763,0.14108834748420174,1200
189.9532796310888,-0.3227679460792056,4642.68678102436,0.05441449889273693,2000
183.94307077819238,5.238868950964701,4785.560786139521,0.08325771740649793,1200
230.55399111200842,3.8730036854874053,6823.67190563767,0.5051029095485359,2000
228.33292609397583,-4.668417618508803,10058.216499723234,0.06450438020990155,2000
181.87944014869436,2.052011059179432,3032.6051392634718,0.012385357854305936,1200
225.97073200071145,-0.6119455525926246,6806.309684151708,0.8574534836001324,1200
201.1937270234909,-1.131340069738646,7070.412953640848,0.14717195379950174,2000
135.57480463081447,-0.008606146501312703,5856.528424536442,0.3377436633468712,1200
213.19112620997723,-1.4639372084676638,2586.135632611532,0.063080147103204,1200
177.41572784349816,-10.27757800468384,5264.157933206448,0.5661493217542272,5678
197.91603970861752,1.4705785610749937,7982.674093776005,0.1757890512942553,2000
168.57405369201052,-0.5286655341436244,8062.658887751665,0.02859141955878208,2000
185.12080687403298,-3.1560227718411524,2167.2967146112896,0.6236769462117349,1200
197.76060886412495,6.772981319875093,10876.09215890217,0.45156472388522995,1200
267.7204482586651,-2.198419359632143,5832.772676660166,0.092857010983825,1200
157.26792875180058,-0.5271030708749427,6957.452769765139,2.246115714311755,1200
248.81674387600523,-1.5961034500805062,2857.642632922284,0.7648780508050093,2000
144.03936725092743,-3.1166765481764154,9143.507280227383,0.9110444457029161,1200
200.40928268445728,0.41025469065342496,9619.508359502133,0.1646880328161173,2000
172.85593476403596,0.10688266808577046,7220.870367297536,0.40669018658718614,2000
181.00355219520182,1.2013685168579327,8479.988214684814,0.5653204881144847,1200
175.98389533208112,-0.7521945488226511,9911.889655462728,0.1776077939433782,1200
186.20114112282022,1.2565595120869093,4614.710131582075,1.214174758023472,1200
219.19557943075404,5.788067825777087,3878.6645578220923,0.7791895752519791,1200
168.3806986900795,0.006675819538357358,2991.590559788292,0.504275552368758,1200
168.59867150370786,8.536440961844516,9429.991942086812,0.3038224722179897,2000
199.61375646890144,4.836948978865316,8725.942226752917,0.04286051815868946,1200
235.78589517962303,3.6425561277348124,4762.6913040694035,0.6858904092727679,1200
220.3328753898844,-0.4073102774863069,5416.483902769696,0.25166293501985154,4321
208.25896547382598,-2.4896577539608162,10803.10089582042,0.8443822330938042,4321
235.4207578215089,-2.0852937146113497,6972.029847320707,0.9558494823925887,1200
202.66361499516125,-4.0861814155008265,9375.156104516389,0.12379290812847293,1200
206.38378891590588,0.25363462004655163,5366.799595425642,0.962211118784661,1200
218.62398077019748,1.596634286133575,3630.2178218535532,0.15822578912032587,1200
182.13374928928712,-6.8279059036758225,4579.373804790857,1.2351915965308005,1200
186.89472104843577,-3.143632976864987,7305.852263763664,0.014946095507722792,4321
137.09276878033012,0.5458608865479175,2001.4629453389932,0.6310529106776606,1200
243.07775164667896,3.550487828022008,10879.169824641162,3.826182714447758,1200
210.72131317690474,-0.40261740088867987,3071.7388040523956,1.435640609980676,5678
176.07139363017154,-0.343989223693017,3411.942322057869,0.8749914167503478,2000
196.49834584266054,-1.3502108197983467,9244.629610263699,0.39187681228132437,2000
168.70781178353178,0.8212202152675154,2515.944698161118,1.63802816127719,2000
220.23860166647196,-1.6780442679179968,9203.494752047573,0.2466732774228749,2000
236.67967142428301,-0.6339372124288428,10483.090453842473,0.13030984364016762,1200
202.3347900980394,5.364083576307463,6446.0286491913575,0.44764403934163344,1200
206.5595815533337,-0.8392525266788294,8203.584148103211,0.058061715379698856,2000
198.40112095660933,2.2187359566658507,8855.770874046266,1.7914589012944904,1200
278.96297690244603,-1.5782015318998177,7967.065504409931,0.878145690175427,1200
163.21453114423002,49.286639473688865,7792.661339601017,0.2922283405692825,2000
228.70408391407256,-3.3166382772009437,2070.655358728259,0.38157984417971647,1200
175.57939073234834,-1.875683283284962,2186.562368978137,0.6686725345817637,1200
187.8306413927714,-0.09752669671392349,8525.597385314672,0.18310115250234915,1200
218.94971977907136,5.1967184079772855,4980.386928064151,0.1359497398525205,1200
236.4056930946815,3.572248267827051,6355.304212077975,0.6009620403121232,2000
203.95033503112307,-1.9382310502990934,5841.923167289797,0.2849538469805566,1200
246.06050496821567,3.6121089409882075,8560.99603212778,0.4681288427762861,1200
238.05395795386906,-0.8263090237472207,9660.195149039098,0.19497210200388407,1200
228.41194156907312,-5.606793584618229,3130.9741740874338,0.7004079560760487,2000
284.7023222811738,2.5315898947934508,7188.710145434015,0.00023687686404517746,1200
221.8985714561423,6.573722014219093,4230.950946060268,0.8416089437518853,1200
215.0394863965102,2.076066519732868,3189.0122902088306,0.5169032064105887,1200
469.96525621449007,-5.624333156801674,8460.22297952795,0.002734552287334567,1200
189.89957216240538,-0.9261094883791123,4871.004473180504,0.7413646450778406,7700
213.25367090051782,0.5042796722226208,5753.530947079013,0.021267343902371845,2000
194.53909122926237,1.2590144420712277,6914.655807641068,0.23130371286734708,1200
197.79603487954162,8.389205865180205,3370.104669961708,0.06809447314117877,5678
218.1282538390053,-7.335154911311454,7960.45808401217,1.449276011265186,2000
238.605931592371,-2.082447949118704,9655.936078472452,0.16694884054395887,1200
203.12233579693023,8.010416096926646,6687.917036859083,0.8084893550118393,1200
237.2944401100339,1.831371704457396,9309.621742705864,0.26769543423923986,1200
192.61375495877886,-2.6487978302153676,6209.257476548505,0.21927364175166836,2000
150.95979584414476,3.0472858199605497,7596.281031658671,1.0781041314545898,1200
172.80969231233126,2.8101480174645084,7791.937261797447,0.4735577879424654,1200
162.87601373254606,0.3138331392267184,3880.4335949552624,0.4413070378920622,2000
206.54708509143634,3.209300926224957,10523.605507898115,0.1956734732731034,1200
170.40878102221467,4.599117807396815,10773.507741806117,0.9629846740926221,2000
198.65672262133674,-0.07403946327782225,5171.368188609093,0.29502929875286027,1200
216.1358945028814,0.3006650321601435,9612.215780054026,0.8583412278608352,2000
205.93702985689345,-2.5286681378417177,2184.68746713513,0.2209547858090801,2000
190.3119193577432,-1.1860091184492036,7723.699046102287,0.8404151214321652,5678
171.4289040159073,-2.5642354857996392,9008.499457881418,0.08448790401945416,1200
169.50368894717056,-4.775196730387916,520.0130170652833,17.511406697148985,1200
192.19128876461525,0.1387655366754248,8814.465491737526,0.41165471172818097,2000
225.29027039911628,-0.6954950979208614,5861.903895533402,0.6712169032368197,1200
134.18844369674235,-4.09487635652077,6503.852382146781,0.2576526859806355,1200
197.8566101461539,5.3690428573157805,10509.494423836079,0.8358796958081559,2000
121.41050016127843,-6.735176712670738,2569.3681298742367,1.4921128140008868,5678
247.1635158257148,0.14088985600334344,4104.017511648194,0.41149766431845086,1200
145.4742075843542,-2.6773403238100513,7579.876862381705,0.18390405855033365,1200
152.9482379201656,2.2745971636306987,10422.22073224138,0.024296726838818384,4321
156.80232303871915,2.6211472830231157,10563.38727002235,0.1764140509678825,2000
205.02625305650426,-2.4246961434289687,9075.412824294774,0.5028721571203674,1200
197.67487601454334,0.41403653375876337,6260.209925242397,0.28162986958420205,1200
208.58064032101936,-0.9578410676950619,4774.628902580702,0.5804066626707269,1200
196.50750656457808,1.5835402004207433,3230.6257830274744,0.4703370232831545,1200
184.61864005633484,-4.11112975096991,5562.225479826853,0.2039204100066295,2000
175.53845250290502,-0.5245752062198673,6474.679662558728,1.6271793518362172,1200
176.1911114519771,-1.6801308126262304,4334.205033595623,0.0508182353337541,5678
198.36763049048886,-0.337982172346181,9588.951449701617,0.5293045228020521,1200
216.1756474160095,1.3602238868399734,6900.72992327428,0.5258701178321943,1200
166.98402293784628,-2.544741793306598,5373.68093930665,0.04341814608501869,1200
180.99471153999667,1.8121898008943134,2887.513321487783,0.040233243334137705,1200
195.86368433595615,4.048654300870782,10441.560069426265,0.16605741277821506,1200
279.2018252634947,-3.5014707142290913,5970.139564136771,0.07378632337117258,1200
244.81670725598232,-2.0229080929429535,6457.001453230417,0.15557111184193378,1200
152.41315643878414,2.9358496307587627,8675.876496072546,0.31665586703887083,1200
187.53319814029788,3.6314824013811084,9208.540433508593,0.25809119862300356,1200
186.46670819521566,-12.677226888603784,4503.6673401334665,0.16724096389684084,1200
197.9992273455813,0.46867359106579687,9016.2904830188,0.044161871392848655,1200
189.91346620931782,-1.5675885703908667,4442.270546027348,0.6730523506237798,1200
243.27390450955386,-2.624404403295422,5094.753133451666,1.1715135292518852,2000
212.1956430096127,1.5626724292487333,10538.272719408891,0.4689670434005859,2000
187.4767950051167,4.677606458187265,9282.8647004135,0.08074944508689465,2000
194.05097034042285,-5.279464918285385,6299.039000930852,0.2811406494939828,1200
209.43274836450598,-1.8204944894094148,3277.5210754144964,1.325140125929858,1200
165.35796922562122,1.337541627348648,7545.953112499266,0.3801006743641941,1200
207.38849847952696,0.9931523714532412,7013.562301787051,0.3786700562455697,1200
247.39227661917496,2.791719118673732,4243.348560352793,0.08876794871419959,2000
176.66419926803658,2.7855052462891576,3442.0676923615006,0.6654268495537794,1200
168.67839019048802,-3.302562022904634,3243.7236580593526,0.15526824699891148,4321
214.73081190445788,8.142567054831686,7068.1808300147595,0.1391123892076631,1200
179.1066986907046,1.8576993688033911,8158.932452758149,0.08650014440312094,1200
203.50745720226743,7.825451519539263,5074.275614053083,0.2753710708917019,5678
174.943443095182,4.656646022526879,3416.0435345427836,0.2910908002564959,1200
175.06809002878663,-3.6404296806254486,6490.564624724706,0.13954607777068126,1200
192.66976158663942,0.635897454130437,3286.117665053408,0.6428892377517498,4321
236.78462935895942,-5.587831288725181,2426.531965743146,1.1574926678640267,1200
191.5802847841013,-6.195320058475598,7868.76857074351,0.3094158810442652,2000
152.2696812748223,-8.762106571662196,2090.8842342114435,0.20834083146094498,1200
226.52928832594887,-3.53415245838883,4128.178553026493,0.4764138685144036,1200
196.03894858385246,11.689530016195508,6355.051499666645,0.6874224984732435,2000
208.4803228400692,1.7271507892646967,9403.860810383867,0.16606069400339143,1200
171.298784780561,1.1384713346779898,7174.071063122923,0.20672072187444562,1200
211.0945943128581,7.477286281370675,2314.078073390537,1.1717251704814222,1200
195.53857912081259,6.626649792746045,3019.3558545667697,0.20611135457204485,2000
195.69149511698467,-4.774506700032471,7228.075655032789,0.09877523911638787,1200
152.33619338754184,0.7340985228292526,9837.62339235348,0.11766279615864575,2000
167.4096423205113,1.351940715698393,3833.4648451761295,0.15109306744078582,2000
217.67446117860322,1.5784076185244202,3340.016212539659,0.1764895543795095,1200
213.77130851354357,4.7030709747030475,8579.508768105374,1.5965251323953458,4321
228.15654962996894,-3.3462726467921318,9330.251578551895,0.1067256729102653,1200
235.39831018085425,-1.411420332986109,10857.664535960757,0.5911155161842292,2000
213.5384404864422,4.76787183271507,2801.1656978815504,0.7063017289425997,1200
193.42727175113052,6.08384654468401,4423.492295252099,0.5252155024978823,1200
163.07223831236973,1.9172116779314254,3004.786925151601,0.31888692636529653,1200
209.57280939849127,3.9980649047885977,7603.633310268796,0.8239495900681986,1200
205.73724989884343,-0.2967677808746889,2236.373185010577,0.4114173868578294,1200
214.3496437413926,2.6357775495787656,3014.0378362787906,0.21625712757374965,4321
187.43885842684816,6.581044379268481,2262.6363345293103,0.1524096734372043,2000
137.37538629746032,5.570282504723831,4409.998071576356,0.23169428073433657,4321
206.76997737626564,2.9076187238077473,6413.436628335619,0.26061739238210097,1200
236.345714092813,3.7876551600732364,6466.126740363017,0.3630065312503142,1200
254.97999444095746,-0.581635699742232,5071.230117581988,0.03720908518609918,1200
193.4678204391582,-0.03197047620718838,7042.8424392823445,0.0654613259502994,1200
211.76523233712717,2.334713672424036,4496.939519102172,1.7957990432843034,1200
186.5609328764166,-6.921746042446931,7125.581283641375,0.8734655928127345,5678
158.80133350140446,2.8218441894609065,3562.6332879752204,0.7755894167410592,1200
202.80821949038784,1.4591260759251778,9420.654560650062,0.07321813972155047,1200
218.83487627327787,-3.0270225174864303,9050.073667022822,0.0025726145649936846,1200
207.5686312404643,3.4523612040769143,5616.169113761084,0.39137608729679113,2000
199.96261327000116,-3.0280177515127944,3050.452392579392,1.5609772967143898,1200
226.94426921999107,4.4867398870967525,7408.98070475103,1.082249779382961,2000
209.4310056140149,1.2015178441170498,7981.923328159371,1.1315953316846827,1200
252.694187831533,3.152923800430647,8184.458473260944,0.1682806856899833,2000
179.88060552386008,0.2541976039832494,9931.806589837397,2.2728053621999287,1200
123.41806747046309,3.2915797616048432,5556.868168074481,0.8288929898536418,1200
198.03977819159965,6.410285360413599,3893.681733616435,0.945280692918013,2000
185.4443106315784,0.2982417831060756,2945.575726544482,0.19027178152151714,1200
198.49713904063583,-1.662680455014664,2190.012320438459,0.00019248365506220364,1200
147.18358568356783,1.2743532876608337,9104.4370575837,0.43289206230107014,1200
202.07428510410264,8.258957428598649,9490.465449577783,0.39970284605264234,1200
158.3349956540133,-5.160920210279378,5227.471377864345,0.7918879837183139,1200
195.6307333123294,-53.59446711581555,4043.6341792813428,1.1201316867190205,2000
154.58941195236912,-4.1935376596636065,8396.185256160163,1.3868861369148717,1200
222.92275273607964,-1.166229091659884,8325.652442276409,0.032285361016920325,1200
186.51728659780932,12.493046299258268,7322.420711874347,0.14166455505737646,1200
191.03227398903158,3.5538945147476317,4782.443177988019,3.610959106769078,2000
240.15367785063285,7.426316478251579,3740.3902567457703,0.22545651601214958,2000
163.47751967641875,-3.151704327410555,2594.840845929957,0.0042928261065743835,1200
204.5166106285748,3.049470720900041,8452.962100075061,0.2700258887170158,1200
212.70808484872654,0.029001530012803936,4379.557725759968,1.3500099294691903,1200
225.0576028886835,12.638811159585863,4045.40144518759,0.10542727096516749,1200
541.3830810323311,-2.5018815957407745,3964.272179521434,1.4800727113309267,1200
252.91621679367324,-1.7978424209481263,10403.547292015124,0.10342646266374081,1200
206.40265848528455,-0.9100306109627068,10098.965199906228,0.05784891068354474,1200
158.1825569862929,1.7908489295152896,10684.636495017741,0.018889059969604372,2000
149.87857105077575,-5.3853098002350634,10209.099287911866,0.3675277686609833,1200
196.42261939632837,-0.686479364361308,3583.8722561865343,2.2285387310589924,1200
157.06863050163807,-5.014807200616374,3751.8379772084277,0.143884350348951,1200
173.5659692412238,2.9907581065237006,7709.499861077526,0.926238380891138,2000
265.28746752900406,-2.8514522073755018,9838.202935086927,0.3197202345708372,1200
221.64273880064854,-1.4614048325850248,8130.533548906745,0.04460593934160071,1200
173.3970747531859,-2.7238539314772026,7912.802729977281,0.6102393601706936,1200
184.44603457303447,3.799724619211132,9247.906595961236,0.1310822587591202,1200
232.97562725659503,-0.7518310472637314,4521.626364944498,0.08104136632685888,1200
174.84739648924278,6.437873277700035,9317.681297337136,0.18173559443783394,5678
203.26734060552363,-6.607947344394057,4072.203596022416,0.029231586693193968,1200
226.9608971889304,-7.328879566810571,7182.959637279858,1.3544222340372603,1200
189.51612400986892,7.086570525702805,6839.094168964377,0.14565916018119615,1200
238.95941547189588,-1.7443415038939574,5716.635746764012,1.445300434305883,1200
544.9172119301828,-3.8251799174946752,10101.146618818893,0.19006992114867494,1200
177.9631121020266,6.402460930872721,6790.456545831425,0.06075739234541791,1200
213.77428361836598,-2.2367090015151563,9858.18036919534,0.4375264956962018,1200
219.4661928166177,-4.360564794984539,9502.053954528068,0.8003131864890892,1200
213.34698048470895,6.108706875721739,8200.777106715308,2.3216903769762887,1200
168.4456815922456,-3.610526591187491,8897.334628568433,0.4866449457814401,1200
202.39261190099603,0.17278446676652728,10251.08093740137,0.08249961758193125,2000
185.34343721583437,-0.5161222708656293,10096.998666403397,0.27674425534153496,2000
177.77849081553524,6.156065073873257,8631.595868410146,0.043481591223838996,2000
226.71779950293626,1.1065194683373119,8339.35404224881,0.6936944433651651,4321
157.70745474289487,5.479489833738683,10150.71029413,0.1491886729053464,1200
224.24813865860438,-0.2789768765823145,5394.211401879766,1.39648594296211,1200
210.6944161110081,-0.8202478929156469,3070.9613191642516,0.004915538297194547,2000
200.46970993728712,-1.9570197376814478,7518.286962373872,0.18940645566014747,1200
163.11160798497514,-4.78616464991325,8260.466463958548,0.4020230842506533,1200
200.14825527944737,3.4356337780918107,9413.092048967337,0.08370360400269072,1200
211.3336464088135,2.1728855474468096,2744.2231170788145,1.3313405454903522,1200
193.42595164802344,-0.7796500120045404,5977.419983519307,0.22492566228543118,1200
233.9410090068401,4.501877743390616,4941.412788728531,0.2276341828311776,4321
286.10203212353713,2.3704395496852286,7040.103391198027,0.25291589033361456,1200
206.3247851127349,-0.11194567330055681,2716.4755906569458,0.1551598446031912,1200
218.50682579059196,3.375732313582323,3168.850643414158,0.8717560298123376,1200
259.6026816267052,1.0630674338560742,10560.435063537812,0.29169128473889167,1200
153.4672303134653,3.442939543910698,5689.947492067231,0.8611924260916173,1200
214.7185891871136,-3.0883453764339226,4643.98615190922,0.2604528100399102,2000
201.30322333170236,0.8238574898409342,6166.915465817554,0.14916159830575504,1200
204.8980284235922,-6.664933733184302,6756.059133571396,1.118225791612398,1200
183.4291684666578,0.7361792680019673,5121.988659543449,0.21735667615376694,2000
180.41498294467286,-4.564080573461931,6971.751393955667,0.856759458435415,5678
190.3231558397575,0.8503305045661734,4077.8571740099324,0.35054246249508164,1200
224.95066062185657,5.4179237449819295,10662.035069384863,0.025750935168262414,1200
185.1047322326563,-10.202321417805711,7305.605601877337,1.0137870710235515,1200
222.64635069518854,6.516749631229652,6340.303485383841,0.040805487825069264,1200
103.48397932679346,0.6403207055626468,10515.552921703375,1.2015897216453906,1200
186.34519066692565,2.1824116546376873,8358.013742336803,1.3615821766949807,2000
241.8765910460348,-1.618108287415447,8672.814109614446,0.6097612026893813,1200
193.06606652255678,8.278469336741116,4714.177215406966,0.6907323970224355,4321
211.27801925787122,5.8825917822626295,6974.383928119108,0.6325291373503202,1200
189.22620408169269,6.316099460931186,8949.599891586466,0.27609394017025507,1200
225.8520491988986,0.007857874444670933,5266.176934417929,0.4085886623920521,1200
175.64460456519367,-0.5181801398519861,3347.6113984802123,0.7016903678068271,1200
202.97590471987112,0.19077039440273508,5593.799177885828,0.44178777073276904,2000
210.00783026476415,-0.9890860553330302,6275.3702911929995,1.205188226514007,4321
218.5231235003808,5.593540312683102,8260.312384836006,1.0909211119090623,1200
185.75057386124527,-6.854729627180411,2239.981160311728,0.27803890233392947,2000
149.4450986872469,-5.411980937459706,2047.0663512275903,0.0851262120070301,1200
203.74669118455176,-1.0842852324070589,10988.088861605951,0.6088550009641054,1200
203.7443389739857,-0.3027985888462136,3274.28807384432,0.08007214000248139,1200
165.85483124623295,6.167414156767507,8171.247224434011,0.08089827402381303,1200
198.75480571081835,1.7560894004861498,7790.8537218316205,0.3544330791959272,1200
242.97780343651766,2.2323577977952063,9173.224752617676,0.09323388071643027,1200
196.11056413486838,-7.212831568599363,5265.950779419596,0.13040662283611412,1200
179.69398760511095,0.25898994745457576,3479.475968496644,0.03416831437148386,4321
229.84951931607296,-3.3008747153627485,6836.742884209304,0.0912380689441298,1200
179.88494042276315,-0.46904456817645745,9388.439186992842,0.07832838007787735,1200
266.8833322368512,7.7456869766200525,8344.835246474544,0.30376291571999925,1200
220.82359318167386,-0.23493632249681123,8199.409084908199,0.7344176198140858,1200
251.64843637826337,4.117248480615617,5680.465197891225,0.6283967860020269,1200
170.49980053891602,-3.3655672508573264,3775.8263050776977,0.507631307470038,1200
171.10423352783317,0.716401716303894,9141.53340283829,0.5377272859929499,1200
171.31034280605587,5.713679238752054,5919.766857975314,0.23885951515967407,1200
216.19011267025513,1.9276535878943104,8359.459338852274,1.0078085622382156,2000
237.3986931379911,-6.011778110751192,9774.915571467176,1.0985639384472912,1200
161.06812272133445,-6.9414771248647025,7600.393145682453,2.31278565901454,2000
234.3673013805032,-2.5506216789960887,9688.528116406093,0.03791535041277244,1200
225.741783822714,-4.652662024350388,10037.641734941739,0.0164677373557425,1200
193.20352424105965,-1.4804582014227339,8161.082827868642,0.622523779734366,1200
229.4212740027587,-3.7090225178282683,6649.018454962736,0.6424086561376776,2000
208.79646000851352,-5.640048994922832,2135.2670865599575,0.3156502388363053,1200
134.32868640795806,0.10946961228516532,10474.312412310954,0.05354093282994405,1200
161.98375990920073,1.2321448898337728,6008.003663113304,0.3805303093563615,1200
203.2187243820078,4.869428270148708,8501.243073497362,0.0813886442552503,1200
246.56462159783163,-2.472896827177098,9675.577064431745,1.2646381619264362,1200
129.57382333829582,3.8967523497831626,634.4110244716693,23.047178071525508,1200
155.43995097031222,-8.98738313939476,7476.436930110547,0.22059219798174967,1200
170.6963569361313,4.4191955008684,3192.5663147815985,0.09409057133939899,2000
144.56125279377525,-5.988142678737678,9962.292009655175,0.5455086242793588,1200
208.19265766571283,-3.035948642459481,2629.6862870007703,0.40245210471836235,2000
186.8778702286958,-1.4402500599007129,8826.239397879594,1.0997418552157758,1200
235.2055037359912,0.39057829913953784,9982.024685370856,0.7002902006102941,1200
160.4822035959575,0.967015011473075,9190.688316955055,0.16597366424197038,1200
165.31824663720315,-5.70005890292858,9252.571260320845,0.5566549265525356,1200
200.18928456033055,-1.3055276122341462,3959.6324463865735,0.12169153898764691,1200
238.5205623838136,5.499014979320292,4287.8891683639,0.3462024654202614,1200
184.05516248819967,1.8235852973784499,6441.211812837923,0.3188221799747578,1200
245.84776290365136,-5.207570572463442,5384.322393247157,0.9723887738672122,1200
220.77775756018684,-9.792665914071133,3558.079960210398,0.04791440709137357,2000
198.4504154174577,3.211610227221723,7689.807364692963,0.007175110783380617,5678
132.08428843160397,-3.477865527944927,7217.560678516601,0.41886724309780415,1200
197.55218782534118,0.6595711427883972,4098.613397672614,0.24097894054398064,1200
173.98698855820138,-0.5976425959075251,8708.307471355372,0.12261616628452274,5678
204.7639309828154,3.449981404718706,2675.6808018911456,0.052676488271830524,1200
233.12811973804997,2.77792347708807,735.3866729736382,13.142263269479727,4321
203.80822177300348,3.09903544648384,10152.209099612079,0.04311158846594265,1200
186.2531979626851,-8.516865496136067,6788.218450468401,0.01555082651341458,1200
205.2526780184801,2.9400062021054474,9903.662535280184,0.27737434000421285,1200
192.43650335742575,0.8765411688999599,6030.195280622989,0.19393059233412932,1200
166.4816622137065,-1.4851682131572355,6518.266814577616,0.2898527063184617,1200
172.6989454415144,3.9632408414181577,9117.239264912383,2.677306284393284,1200
185.49368426524745,-5.365380889597404,4134.155280758364,0.08890259409237583,2000
227.0654049685715,3.9961067535420534,6191.572309242166,0.4018695233289844,1200
246.11645218500604,-0.03257682017757851,3192.107665094535,0.6067210146131393,1200
238.4699550139904,0.8585569935975498,2298.0158327620334,0.43199217550560776,1200
241.9300310183286,-3.387644820731559,7210.345252246444,0.10525471226466432,1200
162.95170682234564,3.3870599666634242,5404.429191631671,0.5021901978562543,1200
246.60347076540822,6.636341858043374,2742.0056912045816,2.041685085221391,1200
196.7810109034053,-2.4171152211382725,10972.466943694091,1.3676852354819429,1200
192.62960809620276,1.401593475628921,3443.6786863141783,0.48259701578868824,1200
221.27706587287548,1.9838945609082144,6914.008912600942,0.11153522764364936,1200
175.02497942333775,-7.271888778415791,4483.518543587401,0.21303447122967906,2000
185.38324080040096,2.0671283457912777,7193.103358916875,0.39466151626740115,2000
176.90770485481931,11.148421984549142,7644.736032744844,0.5248226641169097,1200
208.4876691863728,0.975294281398577,2290.3584251504262,0.03715015459776512,1200
193.89778133214713,-2.9183648807047313,10667.349184967625,0.4977209325437568,1200
190.0915907335132,-4.555414061865583,9948.680761189684,1.6888930045944048,1200
147.54407974051486,0.0549522402527908,9902.61379854244,0.2443057143032051,1200
216.6426060137536,-3.9743118413920233,7427.475366128417,1.0164031327681542,4321
212.16312033925186,-1.9762840052113015,4070.825835006692,0.2786498062971498,1200
205.44276959701784,-2.769482275603263,7680.605881292306,0.10364353970710834,1200
187.92085454271967,-2.621323385574111,5525.106330808173,0.30182873453609244,1200
250.60199843136925,-1.8324383390162675,7085.60773187612,0.027131550933717778,1200
149.02135386034126,-4.04069477402755,8333.610615243568,0.024223437095240427,1200
203.02533691462503,-4.530981781366524,9006.789063165086,0.20591424682544904,1200
205.52719863515955,-1.4996085549131712,2819.7185695621174,0.3023991280040258,2000
162.9254272735626,-1.8087222991567622,6962.475142105628,0.12931677283190024,1200
203.59341169480055,-0.6032622070708589,8076.438716571557,0.36751708749371914,5678
189.43724208015166,-6.063282079648095,3094.338328329014,2.0437907957512245,2000
206.50396280493686,0.10605818783783,5781.846521932113,0.6466745168433318,2000
222.63905532194005,6.12579363253099,7080.773918581347,1.06433327690451,1200
229.4983430918655,3.937959449033882,9929.420557762718,0.2402123599896316,1200
212.52438526821857,-2.686565652272899,10655.870527863484,1.692363351374111,2000
185.5674025383872,-2.686901968552755,8058.197815198374,0.09656572329932929,2000
243.3739624513298,1.9752119823819323,2153.3879119794,0.3977500029786508,1200
169.4827102037387,6.210639126693009,8819.775847714487,0.2442757956811825,1200
189.92296491104543,7.193722022319084,7757.256218541109,1.912290386034006,5678
200.03716503573025,1.0660853310485643,3965.1507083513197,0.3226047977472414,1200
227.0041292856265,-4.962424178004262,8291.803471022578,0.41826476607749025,4321
229.15391454932723,5.893018902035702,6498.168907379376,0.8832405255249225,1200
189.4382042911004,-5.2284660027070915,5610.401494865106,0.14814737129433664,1200
217.9748252779541,1.762042587736047,6222.124891954533,0.7049828547321935,1200
198.35621997977108,2.04757321694109,5686.012122973358,0.17493507817255724,1200
191.36376164178293,-4.335159938831546,7614.586098504527,1.2551074131396545,2000
243.22690788242875,-0.5118087561810286,3772.8076641266034,0.15591642732830718,1200
215.24712438491193,-0.2429842943274483,6487.250222645014,1.3100664257463215,5678
263.2039105509941,-3.2513042513872983,8596.260185813619,0.3387264845735318,1200
237.50299975558755,-0.2809004859089103,5789.818160934796,0.013036990617004546,1200
197.67246872960493,12.032344677175088,7538.366056037745,0.7580000528671667,1200
197.94319348366608,2.3022653783086637,8701.643718417676,0.0806171063665117,1200
239.45956944634884,3.209721361731963,7803.848550588547,2.1788114883882153,1200
187.42934752543007,-0.6960211548141515,3039.607573803796,1.5148989142258622,2000
211.55728528079715,7.5811198491555984,4457.810938966072,0.11331699261589938,5678
179.92124019008645,-3.005416083714035,8154.040667586095,0.27116318581152504,2000
237.97824933301678,-5.159365264135431,5268.894419606551,0.1663134801239041,1200
222.60110433897123,-2.9494655369846643,10117.9847760999,0.15402481781639737,4321
253.1440789483439,-0.3293490840756255,8874.722498082192,3.1125854222023945,1200
176.4463237993996,-2.3727045114519614,5410.822864500323,0.3333134259981462,1200
153.90729408393398,-2.8735442476515716,7193.225683103287,0.11864073011213186,1200
175.24732961523452,-4.111099414829752,7686.4672387934215,0.1525135708755348,2000
238.8230895323054,-1.8346224026976108,6628.890165028367,0.17762660153376897,1200
200.00265317901653,-0.27941302998542106,4063.434129540359,0.28412344629407016,1200
202.04607124274878,4.577365526070483,2161.7474597349683,0.852848736069469,1200
288.0385354936857,-2.1596228621982045,7703.578632278884,0.6520678373646391,1200
194.9378701052796,5.975050191828678,10839.64733602395,0.4286900680354723,1200
249.54851183560913,-2.6798573120869276,7669.469052625867,0.2671088557543185,1200
186.95739851758438,-0.7800343979120461,6333.46519281006,0.2916313647283919,1200
168.74091174558396,0.5370091259244214,3287.746930436159,0.4095691840799459,1200
196.52611041345574,4.163944387809473,2217.436518448815,0.26104049060676787,1200
236.81082267478854,0.16705632838329762,8374.037097678533,0.24705572534782494,2000
179.03999901356553,0.9396551908702057,8532.180853179178,0.32182690406172365,1200
175.62172698869114,4.010241937776884,4907.189878117169,0.05386900157262156,1200
194.00165977758743,1.6686030774233709,10387.723981584393,0.068409803476722,1200
230.1172067051167,-1.2187098579758633,8363.448471546066,0.04110132770738939,2000
187.13616268258477,-2.5965778721213093,4458.999194197942,1.1564512176479063,2000
208.92275986593492,0.5348958873643571,2612.3335124913383,0.05760331189359389,1200
229.41897750741398,4.442316124910653,4445.657875774001,0.14129301771514086,1200
183.90849445788487,0.4894540285723406,4334.867476897853,0.7680948430239934,4321
207.28283802302138,3.0797562106498515,8666.313467442167,0.8205436311675334,1200
209.76763869232528,-0.991316110953705,3496.5456698459166,1.7367287566388114,2000
226.56619459559815,1.7294376092793087,2272.1450132697446,0.7857250710439809,1200
217.41427574934505,1.8492206755108247,10374.081120210276,1.1020909478102388,2000
219.58834225916206,1.265734303366292,5763.727635961133,0.5949886768594297,4321
198.615811990426,-1.5944477415564646,5096.096231410949,0.14654949063147615,1200
190.62573753009494,2.859363203565773,6443.033190837758,0.22361780394833997,2000
242.13282810422038,0.5107982492878621,9861.27820230997,0.31189909065469434,2000
177.86983187694915,5.786212964471284,4116.7283068360575,0.5539075211209948,1200
196.3454908458588,3.399382006909622,5523.34884755223,0.006038503992748485,2000
181.75184290186303,1.8018439547203986,3970.2842315753032,1.673640455694272,2000
184.82766508172693,2.44303501383588,6825.480897198076,1.4966049453011603,1200
257.1326092013607,2.9391214180519967,3150.7469729928725,0.6469465243852781,1200
98.6057181504228,5.73157597299565,9552.046999287306,0.07826980970534594,1200
165.13389144044905,4.876077835408542,9213.361032261528,0.725932554362204,2000
206.69661706680137,9.235964719426045,6898.909736853778,0.15442530892689094,1200
222.74770687478244,-5.560453460259792,6108.689681621301,0.11611377182208132,1200
227.01930528326304,-11.109485378645573,3267.616395339345,0.6770529498287152,1200
205.95948317859097,5.758985710053995,9123.59269484054,0.21323854085876773,1200
187.28283902202722,3.1773595820033016,7308.15139208978,0.17885495120828773,1200
160.75063852348885,-4.486396617606587,9960.700649792605,1.1646450082225501,1200
216.0635735905606,2.4332671349946735,3789.4916798730465,0.5076054257391843,1200
212.7512397676513,56.70952006039608,3308.8765388501897,0.03501016281535089,5678
199.5744685232311,-0.6141548769525937,9696.051040836704,0.18864699794880913,1200
189.56574525165098,2.364538916750682,2652.8891037722515,1.247156014377807,1200
208.76221323795696,-2.59388645274345,5878.013912818375,0.03991126071741055,1200
248.35364611903418,-0.10527577638965849,8353.192849471532,0.3392768003805928,1200
227.11007408633608,1.2959110383645176,10461.298270973946,0.24866574704485822,1200
200.1930706509109,3.035935734665168,7763.489659651709,0.24794344068747629,1200
191.56113854291044,2.4984686552412056,5342.492217102888,0.2878259914159009,2000
160.5044127248545,1.3409947468070185,7157.793458750907,0.08284205157199614,2000
225.6001955842802,-2.640588913011725,2336.883276581021,0.045003572110501676,4321
183.2289485475114,-1.6702214827782877,7248.109301371142,0.192070855053249,1200
182.31652330563531,-6.009333585178157,10284.440890962855,0.3176572358939305,1200
172.03626481373763,1.8251396977317917,6423.412896063273,0.024556866441519352,1200
215.3669075104359,3.611578930786953,6292.516249035786,0.7863371878946985,1200
231.27191460758047,-3.450170531601589,4464.811189213747,0.0010055523570803816,2000
207.51724617587382,3.1265105484920577,6049.295924409013,0.5238841773309395,1200
170.78524422178245,-0.06413719996792652,9360.672569326049,1.8728399151686161,1200
215.28987667083314,0.8473752368881879,9511.808453473475,0.33155913918398194,2000
148.124310024624,-1.5125575807728817,7687.460178883,0.06022152205452414,2000
175.98412587848205,1.9579582376130207,7755.88149646105,0.25671792699577334,1200
226.96128780491534,-8.34120337297458,9998.815512850362,0.14825451980966825,1200
198.50697441890566,7.381837101865171,8442.7340318192,0.13986804207386838,4321
181.6625015656851,1.7960919075248607,2114.3959959558847,1.104178271633779,1200
176.51053628406436,3.3390692776031456,9126.899436711738,0.35259859830473483,5678
228.70571827537387,-3.1249174976400704,6666.321173107854,0.06937328546646526,1200
210.14330657215402,-3.017556962976697,5015.626819385761,0.23490247385876617,1200
256.98739756906684,2.1683113368613998,3846.0337160456556,1.026979324739475,2000
181.76891509782558,-6.2224051708314745,10936.927615659677,1.0727972924216047,1200
210.6877833469746,0.3659491560361569,5084.069098620992,0.48750403590129576,2000
221.7814643872078,-2.3225094692520245,4799.933122572528,0.6749501352382504,1200
202.48912724463185,-1.489186864989249,7931.371187864738,0.7825575091936599,5678
120.86932253917148,-2.188753569855398,4822.531130186871,0.09660460964478323,2000
186.98372634238572,1.25792315617387,2460.0015970822765,0.3466154492273985,4321
180.37538812979219,2.813567820243246,5083.852914644347,0.5296122432988035,2000
222.46642387523264,4.657470726192526,6265.981461293849,0.6758863676588159,1200
207.52856966804356,-6.038831389353383,3546.6435267204834,1.0922886204310092,1200
244.61073290499124,-2.817983629104396,9714.154200375066,0.6976334207494796,2000
182.2331357515302,-1.3390296174950138,2880.132503423679,1.243317784256878,1200
171.26002693620077,5.573567194879733,5951.256633846654,0.0837473111178498,2000
219.99585758030355,-1.1795432374627057,8580.628664374362,0.8448791981429256,1200
209.41350593706676,1.2656642421724014,2233.401712679268,0.32065200766364577,1200
145.79542507351084,-1.7737494628543746,10017.38264060854,0.32926287388231995,1200
172.49481271325195,-1.9514055323956019,3087.419972002377,0.8030774568600079,1200
199.31538679082647,7.272090351221528,4463.23490670586,0.10473307727451646,2000
216.19677363583847,1.8412329103682423,9738.718710359932,1.1510548250993133,5678
252.1259011991596,-3.614028122101129,4465.150028674925,0.572751700523781,1200
265.54025348146473,-1.8785620676934576,2411.0832142897625,0.6612541203342754,1200
222.9900558495205,0.5224147017476346,4633.389218987081,0.05263403365352832,2000
174.2290402316172,-4.647730850532851,2020.4472517253503,0.5043043895827206,1200
218.0817299256174,-0.20958346891374333,3310.320889424892,0.10498066071710388,1200
173.67941308578082,0.7715999110600144,8873.583388864488,0.22416381334254837,2000
197.29587718354645,-5.100934622302634,3522.353236454186,1.2703026095629337,2000
203.26900018562682,2.8888872981628735,3371.8143846984485,0.03264034889509929,1200
163.85352454665784,2.8008785705325656,4135.652451937513,0.32120913530952716,1200
213.36370654184356,-2.4594678204421085,7885.400926793978,0.6560707608475064,1200
181.7151646813904,4.965725502010149,7099.238097936567,0.005922824945640974,5678
161.87715189790976,-5.710588987535055,5859.757125147418,1.0544821243028621,1200
182.59562124718778,-8.158695710543219,6247.349188814409,0.08329528342147884,1200
184.86252366444535,3.965183269999983,10821.049887826957,0.32718254581401796,1200
211.0595831575999,9.130832023619075,6469.026053872097,0.5866869594413431,1200
192.9594277735564,-1.7709083871485423,5457.388390012997,0.012347865174046615,1200
144.7252455349584,-8.320775049216438,6447.1178441838965,0.04234663687817977,1200
208.8824195009317,-10.59305783244375,8682.4727041643,0.14087471001009266,1200
189.00065172619435,3.44959528019718,6222.549901934457,0.4284908620876733,5678
185.23049570933458,3.305621651770972,4607.46386120574,0.8246489962321629,1200
147.9744429231575,10.118340026538888,5056.754741934965,0.5410206728685488,2000
192.36608205358488,-1.5117100769480338,7603.764074938736,0.6219547382328234,1200
157.91079361516142,7.890686303875318,6507.912959237664,0.7877065866621896,1200
171.95593224846112,2.816948792715145,8905.885920448127,1.1574951232120474,2000
220.5088608021004,1.7631116932703272,9939.250080014594,0.7351331383961464,1200
236.51158991770836,3.520393392610219,3485.126656324187,1.0138544043607596,1200
217.51051829732074,-2.0748888380474972,9526.056257056181,0.39388130621260625,1200
239.58865877466468,-4.604018576045617,10357.533392836493,0.03613957890474341,1200
216.1632230193474,-6.069711520404189,2714.6767141088685,0.3313748842543323,1200
199.28343978332808,0.18231668792506725,2891.1834350897425,4.255720962011012,1200
205.76137267766788,-3.379003130083606,8401.189690350317,0.14407326436568704,2000
246.60606319101836,4.775398768498408,3178.77165104462,0.904606371265092,1200
202.40725084115383,1.4613337253416334,3075.554809024663,1.2611203694165283,1200
220.46889260742094,-2.8327863869213865,2140.715337531701,0.7367384814261239,1200
176.7304389798597,2.120164511929244,7920.365702449829,0.5026597308713728,5678
198.88379096401744,-1.235723305044602,4960.882372886073,0.17820849418605605,1200
199.621744840493,-4.024639385072661,6219.942083179763,0.24984767520193174,4321
220.57707417152037,2.4679237617015506,4883.704668956034,2.193999475874806,1200
196.16276614565075,1.9527459771771456,4446.881809450528,0.37709005551184277,4321
199.00852232197573,1.5401197767273078,8592.25642664994,0.031036902055588098,2000
203.3380940777066,3.8879025621585552,7415.504872222379,0.6408844976178513,1200
241.0586375709275,0.6499690724017532,2280.9161101355853,0.04653480694900318,1200
217.2243621947541,-3.445665383181912,7936.429939668637,0.09244469752947553,4321
162.850015673746,-7.685812152404522,9877.354385543216,0.3325442924294451,1200
244.08960366138493,6.255610475270886,9748.992322522889,0.1404490067291739,1200
215.10146064345832,-4.83806613542554,6940.852670918793,0.04847796543745204,1200
183.94851130640595,-1.5130375132649498,3325.974386706123,0.4118135638007272,2000
182.82872181011246,-0.8499327611773618,7523.7327211957445,1.1061750344042296,1200
241.7546761078655,-0.9814942566647867,5043.590059701671,0.3340747509430426,1200
226.71069000015868,-0.21350889347895796,8651.122192821222,0.3863699333186656,1200
195.25364412245966,-2.819471615856317,9849.42531672647,2.013393060889219,1200
204.31821999053685,-3.8220067399588333,5852.656949855649,0.28725006630454475,1200
228.238954507814,-1.2970613733977305,3626.2104092959544,0.2843606933225192,2000
199.2526923189436,-1.1374160311357049,8858.191649785545,0.7145208496783826,1200
192.26450644028398,-5.069616646508924,5578.99365483142,0.32641383376336636,1200
212.21973711565045,-1.5468312808777167,5642.345244612683,0.02085900499796095,1200
214.41707476549598,0.14657710134021062,4349.104787790594,0.3207989880048526,1200
210.83006936749024,2.56864991402118,8838.459565431429,0.8722126201956008,1200
203.085129140616,4.473724067793365,3289.4606992912304,0.2101545176125227,1200
217.91374984539345,2.73167223051645,4774.029194295604,0.0016132231587664765,4321
178.96436951368017,4.51474355478373,7942.745093031072,0.20820618311841418,1200
201.9102669371036,3.7723270689241275,2752.4249411952173,0.5109820788056316,1200
169.868335148359,4.84403855132761,6557.664127319386,0.5654385674689935,1200
202.23118251074717,0.4071477669790907,8190.485674061666,0.08895033932592639,1200
192.24296335043084,4.181926178425376,7256.908726782499,1.1088068164764704,1200
225.0444175929166,2.947245213137136,2526.193571282241,1.4892740738238068,1200
223.8280242437698,3.8444939715103876,3334.566641290393,0.09490940044219477,1200
210.68798471345278,1.1289342035962864,9892.021438807393,0.08421885292587637,1200
209.93178654018757,-0.49255484964876156,7446.664562894284,0.4102101488804617,1200
171.15325304232448,0.18225748147486093,6201.930168890971,0.30717571571030233,1200
245.44277349533445,0.42959855599220353,10769.859931967414,1.1698352397405174,1200
252.5473024485798,-4.514067173105763,9181.566954216018,0.1278541878622617,1200
212.558960555842,-3.8242695725880975,7087.614011306746,0.17653365117587091,1200
249.372174651335,0.7741103590766902,9638.039783241245,0.1243823531061283,4321
218.520744586908,-1.630583697479202,9474.395606587204,0.11304867725296516,1200
211.23248738726934,0.22376275822301572,8444.48936635941,0.15588717237246405,1200
254.60159862242307,-1.869452412497908,6046.735905748348,0.545998988319704,1200
245.93760990050893,1.2449449502899925,8954.833963591347,0.03649457569261235,1200
224.91354460526162,-4.1444551937452525,5119.705942709699,0.3302087613200297,2000
233.9774349292749,0.9601972062465502,6226.998189453663,0.18545070088984758,1200
203.22928341049297,1.0819937254311607,3058.9213665654866,1.7940120311155658,1200
223.39176401343462,-0.9219406282383386,6811.610285322246,0.29356359377417557,1200
214.14959605237533,2.570283877877618,7982.174989680429,0.19537598445313384,1200
190.57658398431062,-1.5954964357787471,3470.0412329036844,0.3409008570799671,2000
212.96137887280244,-1.323353302887063,8523.73154079897,0.0824266974118708,1200
218.4185406439677,-0.45972607078320044,5587.173741530141,0.19906743770923968,1200
226.80547673608731,0.4651731907920498,4672.42570910732,0.3563247204099201,1200
185.7075661076649,-3.856008575172507,7951.911988978694,0.7287374484267143,1200
229.33933249314975,2.0658187678311384,9557.92437237082,0.4586799020015892,1200
190.07574670742477,3.3536115192685205,5954.950330492022,0.06690471440445796,2000
154.42335413206564,-5.720440566414089,4587.018775905828,2.5353751884673335,1200
173.68990254448227,5.165162930132111,7574.482829203115,0.27810218313580864,4321
190.21254660596603,-3.703262360782498,8375.724099054922,0.15894500282143306,1200
200.0056229607921,-2.527556365047552,5240.999757808313,0.052146906951398425,1200
208.80237056745688,-9.410336781475799,3175.094581585461,0.18163950821879374,1200
221.42576029517502,-0.9127421823818285,9821.336934495084,1.6342068201154711,1200
192.9909048442293,7.785909369658131,9947.350214873059,0.055386742394244716,1200
224.83499319656687,2.3272920273103406,9783.745685752765,0.76879749350386,1200
197.27669266334365,-8.711511046313117,2172.2700669753826,1.5189467168950654,5678
196.5774985721446,2.6630698133768753,2495.4568644732303,0.3929558909913054,1200
231.13618493793626,5.346887856771894,7134.35361748252,0.6115569527418765,1200
257.03640129892216,-1.6727180262893224,2325.50156867367,1.0317652517543563,1200
194.29255997202674,6.276912612767999,8582.563169233785,0.026767361961876276,1200
205.91988168107486,-2.4197441604183876,3737.0659492349087,1.0659310620342108,2000
171.8085650000133,-7.089960353045899,6349.45399235401,0.20484697262278898,1200
185.30377213696772,2.0269810275041555,6715.923210290815,0.4677555382149268,1200
212.08685201864085,-0.26080909102026395,2338.6967114461013,1.2140408864084231,5678
248.50252970852782,-4.764762333967116,10526.45576579557,0.2571686472897489,1200
226.00742855031572,-4.992483587653301,7721.136353747619,0.5719679213955181,1200
143.89382704888789,-2.518837577844356,4988.305555157192,2.566392692017791,1200
193.20528157888347,5.823906593145042,4634.140494229367,0.18002417520719516,2000
229.83949924414634,6.108714618653221,7088.316398669526,0.27542034788455994,2000
205.63268305174262,9.424552124577122,7746.082940608541,0.011575689992362843,1200
209.0508782139142,9.321184863640156,4867.160859858106,0.3418833015093082,2000
173.19447119666188,4.534692139102508,9812.62451912361,1.1863985337011234,1200
154.35131471800844,-0.6513114690806727,2652.8740229153022,0.2319909829181756,1200
203.77558960543587,-5.379928578529501,6733.9948100591,0.14233000538820348,1200
161.19763504846492,4.285161328183537,4448.397393473986,0.8529483875345075,1200
200.02177358345398,3.4199287326933083,8352.557653728385,0.012582052582812725,1200
185.67297519564312,-6.003420763845087,5861.563621702891,0.6265548625611005,1200
159.63401793544315,0.2667519166733632,6491.777583686629,0.6382463055658902,1200
246.28093870471872,-6.298445101849371,5364.075461227283,0.25748706763281404,2000
224.54176545974414,7.647944195370892,4869.444174112941,0.09484293002263162,2000
198.71114277242816,-5.5753923909216025,10850.766716369073,0.7921439863222001,1200
222.48041201492975,0.6070337285625093,9449.447966365797,0.10641348782394332,2000
225.288237623001,4.51466497092532,4772.392621430625,0.2818784295466468,1200
234.23813583652264,-5.126239555260619,4676.749493699465,0.01375016288045667,2000
205.3463952164721,5.384125936783439,9418.286937907007,0.41647507168573333,1200
210.26606573380766,-0.9889828657971532,3689.0440266991222,1.3435281109929416,2000
151.34256621092624,-4.07102275669577,2098.8902650504538,0.18165870191319045,1200
210.98949706127155,-5.107543733421078,7548.285845893344,0.2326756421955705,4321
219.2572960608772,3.69044848461766,6127.732383159088,0.6724500289323739,1200
167.88452816423455,1.1491181082714037,2076.3363945465226,0.8395774099305914,2000
162.2609960468201,-0.18395941363388293,7773.563407151828,0.16831543752630562,1200
233.67748824299937,-0.7397397056343357,5900.54208872705,0.13588733640147688,1200
218.84127672029572,-4.6812589263103535,3893.212943939796,0.2561103780778066,1200
206.64263370015576,0.7139607768883464,2569.5883018219183,0.687268874736501,1200
212.71404793156515,-7.2079753842811485,7556.39144264666,0.14737424473644833,1200
213.4131748578536,2.5778405500966004,8584.265947910133,0.7085372566422904,1200
228.23822640001242,8.958897315908674,8739.076786129432,0.3437975606731616,2000
159.38722615776302,2.483806142059394,4026.1580885532367,0.11270710550266404,5678
239.5377078731071,4.84789914951523,7881.458126402779,0.3172613916681877,1200
147.62742272880263,-3.116231159347421,4203.392623281967,0.12940328429471426,1200
239.08448638518917,-6.996226658497762,9145.517915189985,0.03073421555798883,1200
172.51976816955252,2.6897637621103403,4802.378359929344,0.4311184746698764,1200
202.53176467663667,-1.6391762410955286,10956.973407973685,1.1739924783676647,2000
175.448095385057,-2.5883992363055395,9002.178233113671,0.26676653092252084,1200
148.67109872693584,6.498695328344084,9373.018039162198,0.14283935114717827,1200
258.49308507936337,1.630502003258121,5049.112957567375,0.8205548304806245,1200
205.54153666892617,5.610697328469114,6701.912593870627,0.4150151485782391,1200
207.27992192802296,-1.3216803649742106,2882.933150054368,0.17190991643975453,2000
207.82874684246508,-5.886661794452426,4350.509639880602,0.6140085816278222,1200
193.37169761778003,1.2538129116723657,5726.337857738392,0.01119717789777579,1200
156.15720264981354,4.3755405954282605,3947.0238802367344,0.5727850737467894,1200
200.04367211844217,-6.239807199943535,5214.360697859,0.3755642613875266,1200
217.2643059841023,0.05746463343979082,6314.258633337136,0.08484599557317478,1200
167.5493207974436,-1.425991708733846,2504.154013484696,1.4033380045376072,4321
220.15346995044163,0.469839680721779,8285.816367845913,0.43422997904239596,1200
148.407207275094,-2.9188734015118687,6923.438624414898,0.11483047110482453,5678
191.9635837547888,-0.6525676572372524,9201.528801820088,0.4889602521832221,1200
185.7936623054886,-1.5868912475461001,9447.88579788729,0.17162335297177017,1200
207.25686295541985,0.39156285852815215,7535.2467415788915,1.0587503621583683,1200
207.89066105490136,-0.37756748879006474,2767.380167325144,0.10004824121246945,1200
179.90330404946712,-4.730163689275413,9155.146924110311,0.31141970861335533,1200
212.77152122911517,2.9645944097311534,7714.608935637591,0.6710196387079076,1200
203.488183256119,1.7162021952038795,8075.850208519786,0.012054953626338415,1200
244.17152362637836,-2.2896736720520425,2850.722121724361,0.002416457691233355,1200
207.03264455398255,2.674423557811387,10392.705028890718,0.12682119432442757,1200
169.13591448694098,6.068175422264948,3848.468161985102,0.06657885072912305,1200
254.35886450609425,0.5065327578394079,7680.060136693847,0.10686745990174679,1200
209.01505571655045,-1.7627264618632883,8642.795261934629,0.8868238351353388,1200
188.07700628811972,-3.2686352184737038,2551.500247848844,0.22726493822811727,2000
196.2212638002047,-10.533806516209076,5642.347103515622,0.035545299926120155,1200
206.9480202687301,3.7778002560494004,7182.990137505908,0.149807933606339,1200
189.0751369255066,-0.5246700538281425,2012.2333673836852,1.0215188996857592,1200
191.79550186985458,-3.1264896249900023,383.6267459864012,18.08833507687837,1200
190.6188388794493,4.89991221817328,5815.849170479426,0.4789052537694953,1200
200.76416323545828,2.324376800422609,4946.230790798097,0.4613923653905238,2000
162.5047689975681,1.5917445929528569,9144.11451349797,1.8240722705299448,1200
261.1994204708807,-3.2226474951194497,6518.54297429983,1.0493659447679657,2000
135.14895119352678,-8.978054333878012,2436.937662965165,0.14009688458715527,1200
154.93870248328713,2.553934848388706,9081.879735520924,0.21881482034375913,2000
200.81829892524954,-3.1283754825557573,6909.755136675552,0.0045562671457205555,2000
166.13205376383183,-3.672230253565844,4627.106824786151,0.1292010136148258,1200
142.54351798065272,1.6591611748622064,5204.291270732032,0.5635587565138402,1200
213.47971344919296,-5.699679183988137,2811.618375775465,0.15219445030368214,1200
211.7048597645232,-5.568969301228863,10430.008939739373,1.609269785047042,1200
188.04495674683724,0.9917560520195465,4555.278995603965,0.20191907887364596,1200
201.4669997440577,4.2538657818815,6023.894998055338,1.0570311600843891,1200
207.29980266030756,3.5203858839149724,7757.367493642496,0.6246637195872355,1200
183.57290760742345,-3.960313916490224,4591.224483689486,0.010031406845760241,2000
258.757730391775,-1.2711461663814554,3974.825942838367,0.25956132782302355,2000
216.908449915542,0.9523853155737194,10975.971945384892,0.20170855177679992,4321
174.51073408208944,-7.4399554146496145,7234.061767791922,0.6958751665767914,4321
218.05049474778812,-3.13418081468721,5840.959445662089,0.29920861979888075,1200
181.96717458820856,3.262826859399142,2709.4010074571815,0.13052856071768973,1200
239.33817592920207,-0.7443248328220222,2387.6778099336507,0.1970732776257575,1200
180.1116999107684,-4.507887188535434,3990.620281938484,0.9506122155367428,5678
180.49310269764973,-1.6281032253111425,4760.285206910343,0.010728229735462743,5678
170.66576261419902,-1.3048502240769888,7310.076084726867,0.738173339301031,4321
214.8540599086361,5.133718508769119,7149.900634261611,0.44879842866883163,1200
170.3246219736832,-3.3168267277062085,10818.237033810385,0.005516796753518101,1200
219.62897194617486,2.0271116037716186,5774.5293525774505,0.16725991928216444,5678
221.96024354486445,-0.7863583048253922,10536.48911075268,0.30595108859181347,1200
211.57057651500253,2.7545207934450326,4613.29200342601,0.7481497467206029,2000
224.16194130802444,-3.581024487553609,10050.863076121132,0.22049162022698995,4321
158.10630837859782,-2.3463655309168145,7701.422181882889,0.14612932029047773,4321
245.81055491670904,-5.528217987751418,2496.1758411690116,0.08676892716098367,1200
212.02187095030848,4.965022926486294,10372.033372184842,0.198630259871231,2000
210.95205315537237,5.801506774664466,2579.817535334391,0.4446821827976856,2000
187.44689227205623,1.719130974054513,8631.677706449129,0.36003570347370245,1200
174.99200019338187,5.227662604783347,6984.155081457271,0.009903519995561686,1200
219.48363643570127,-3.732701893533621,8164.254449688312,0.5401296608098696,1200
160.2207234098298,-3.5913703019182814,7543.633718169681,0.38562015616901457,2000
202.32017286935104,-7.129916039351091,10940.818467654113,0.13514515130747082,1200
259.1175768207269,0.6078974099945419,8505.14679379041,0.18360936954564208,1200
190.4830386861065,2.311708503745446,6262.010824352,0.2647073919337871,2000
194.8887649670844,-3.8589466101105194,6076.890315493827,0.8656634466822768,2000
165.73652098160267,0.03258999209743633,2639.606760232877,1.138767180797712,1200
188.45218029349599,1.6127296048564386,4475.11650646859,0.294409846504292,2000
191.88214489695318,-1.2621316068814274,2298.01265665513,0.7995597793070567,1200
238.03094711937922,1.9295683425145858,3808.851055789964,0.5162132166046697,1200
168.78236026027344,0.47112597081733704,3568.5557565504905,0.3228380640306941,1200
204.18049678225628,8.207311398839717,4576.953413872894,0.7981978488613074,2000
207.35362438707133,-4.045809335017204,4500.993649941474,0.17442057557743895,4321
249.7641361571995,-5.361911480507903,4784.928774731128,0.27763331820855686,1200
228.84311577109966,5.542225849492026,4806.60068843781,0.007312234230985969,2000
182.0814461080471,-6.3748878866537,2765.3406187569994,0.9997876930670513,2000
216.75516647777022,-0.15445914243971592,9159.856994737402,0.27347112766133486,2000
152.5353105106149,2.4630190634881237,10214.439391254477,0.13703402090522446,2000
105.90208708385616,-6.295705136586227,10719.639105826043,1.8587435424762042,1200
132.80890937337588,7.950713745067801,2279.8926119821676,0.5529370521119485,1200
163.61481625557855,4.864930226491233,4910.887743257062,0.5136577746314335,1200
228.56989759168832,-6.5378056929797435,6410.279154956117,0.4209689174039525,1200
191.57035676845973,0.2159921150044077,10128.822693836657,0.3960502856498725,2000
227.62765364875935,5.921841946465528,7925.524799174363,0.1267464454524872,4321
218.1649651722789,6.5283583120726165,3673.72852267413,1.3578870249766275,1200
251.46888776850076,1.3437523587907756,9926.426999293646,0.38604488476866505,1200
185.59410643863606,-1.6248161274811854,10988.268915482302,0.015403332749789552,1200
275.8686002452241,-9.021387474444946,4485.45595401243,0.024965026762774845,1200
224.3657764711034,-0.10434204759146883,4854.214117638927,1.4250950582222293,2000
151.70844950994768,0.36487534673083133,7551.79279548536,1.0132214788439002,1200
195.10826508628216,-3.2695350922800133,7716.016952757843,0.03797714847706669,4321
140.7112983934375,-2.8117809175086474,2112.5947370183367,0.9098021616580569,1200
213.1457163300528,-2.199038988397531,10203.5267052557,0.48503821937473096,1200
227.67087307862172,0.9934408457449603,10720.456819316532,0.31762607819767696,1200
212.85079999489227,-1.292771474588307,10295.14314547697,0.12363686726810753,1200
233.96381766598563,8.190031450027867,7883.839756399822,0.6672787997779751,1200
182.4030186625247,0.9095711023354494,7171.655107654003,0.1083170843532539,1200
173.14317404611216,-0.8121972718483593,3167.0164154601316,0.779903502091321,2000
178.31545020442866,-0.4134090572314271,2559.0227807660026,0.1620341228416224,1200
184.10634744762282,-11.063858203526957,2780.2700445966784,0.029266702583381064,5678
192.5739040762447,2.025400390002689,4703.551919016569,0.08081589429009557,2000
207.82958635371767,-0.5021478877105197,9158.434193590165,0.44738086960301476,1200
228.7340169978149,-0.8880597118922385,9097.98868824939,0.03324426078548547,1200
192.1767366366819,-3.038609611391826,8443.974123201064,0.18242137286454974,1200
190.53596122648048,2.314719585031893,7200.22050452881,0.16102018735388768,2000
199.76883399778038,-1.0802463666179873,2222.3679615572473,0.6648584658679333,1200
242.92178267607838,-3.3789701553156926,10715.192622585979,0.33263379319174413,5678
181.07450565216678,3.302303756883556,7937.928304327639,0.5614345561958528,1200
190.2501458533026,-7.972904793522026,4218.859852358271,0.5765541434481025,1200
215.26715947939965,4.525002528332589,10196.95291379109,0.0045612813859715814,1200
198.2163487088191,2.385619163748343,4253.89852067832,0.3990895683314932,2000
196.24070401733076,1.2346160790537526,7217.398894604714,0.5829477680467982,1200
216.82006023909398,-5.910485928509169,3071.503460831144,0.6867473380373476,2000
273.34706742847266,5.108550598439623,10809.288380293123,0.6532055517024179,4321
148.48402390160732,5.402280220707473,7163.452311482647,1.698858741606423,2000
119.50519439636331,0.7830761204280658,2966.5045959789313,2.88881273748424,1200
175.9216296706723,-0.4794107698692648,3757.023100006655,0.6107730190762222,1200
204.3922259755928,-1.4481064367764351,6745.371779631801,0.0007515062556528911,1200
240.3999707018596,-2.661512684458919,2931.022578452396,1.202117039240447,1200
226.65042581665358,3.249678784141791,8841.327151541616,0.5726226621737,1200
182.34592829554933,5.204242185949566,7061.167483173137,1.639072149119124,1200
168.90489938065338,-0.6971467785581456,3364.6010312084672,0.2823038842769668,1200
189.90348274166422,2.636857486365091,3888.168417507458,0.5588596098352018,2000
200.7239310301808,1.2916204720503932,9205.593895812823,0.8096312806253245,1200
154.1212270433706,-0.5695975781406211,9038.880124969426,0.7072907696416563,2000
200.62123943932937,-9.973499741609972,3446.484259182925,0.07435158616874574,1200
198.58257221990777,0.6249642669382435,181.9519301874857,12.774685712934529,5678
134.41767196203887,2.46332429140363,4279.955695038367,0.3441268544228177,1200
206.36407385113776,-0.3466540852667902,5103.279977318186,1.563656434632315,2000
189.0539547468384,2.3256181547577555,5106.732645502943,0.919367161645269,2000
205.44331008803016,1.2943652903209166,6535.391192142398,0.38600571879586487,1200
181.97897451220905,0.8832094161539553,4316.233321121731,0.09323950766553478,1200
160.8360408276671,-1.4950037394818396,2924.8053916503713,0.9499067928187719,1200
204.68151069949576,0.5341981855621942,4459.564794227266,0.5151559167518112,1200
213.6398662679362,0.6375791864281682,5688.9541867021935,0.8049996343068203,1200
151.6479159084456,-7.332185086886943,9753.461169134789,0.04599180442191509,2000
181.1363167791906,-2.0370764660777994,5214.756922813152,0.10955757306793386,1200
279.19059636798227,-60.6364144074027,3830.132053654158,0.4214447464504064,1200
197.10454016793724,0.11279637471213631,9930.50262346758,0.18663846866747547,1200
219.9775486054582,-1.2214524990975382,7202.451674250334,0.5450650082654546,2000
206.18839002227668,0.5373136099057295,6376.301494396707,2.0716997779919035,5678
210.1208713703869,-5.349827997600141,7335.823445969709,0.14214638592642517,1200
182.33478888063667,-6.431455093555709,8578.38634591239,0.14034851481976718,1200
199.6181768697425,-1.277480179202756,2794.0042784743946,0.01818432423432342,2000
219.51059337613668,-3.4099257025747542,10553.821594380932,0.17353513708814705,2000
206.29035413434497,-1.0708871815922478,9147.363697562938,0.6106909671105705,1200
254.7529688926772,-0.3242800710584478,10765.531585804343,0.18167897211899334,1200
174.38067426399624,6.294904173594925,6477.10496078209,0.7807860344552096,2000
214.06162205484264,-7.3472162670966235,5195.160119275829,0.4115272949419024,4321
193.55931883786022,-3.42490707925187,7935.380578669747,0.08024954982531964,2000
188.8839027441725,0.5512407005028173,2982.6559270771577,1.2236542714569634,2000
147.50205941413813,-5.885899661117038,3881.1949237845483,0.4866228008604741,2000
219.07989668448744,-5.883954959657529,2961.2666026919496,0.06732387597273096,1200
197.01760889125634,5.285390853501141,6251.204300727986,1.1924598777992927,2000
180.80753766636005,4.76410427290561,4744.553488225045,1.0758237001172042,1200
222.08176515588772,0.07927928407997632,3843.7281871894456,0.7100620861999717,1200
238.39741691228656,0.9470242089192152,2211.1451815616592,0.34119906943275036,1200
217.15382768060823,-0.7770813855567791,8245.951419432342,0.10079698166981503,2000
184.6496035802333,3.3590101791561007,6032.660594313451,1.1489721390418393,1200
212.19994603915447,-2.453824055308386,5534.010486730465,0.5788715516511509,2000
182.58362091401023,2.7659640791131306,3815.150084158149,0.10122980108288976,2000
264.6205001957683,1.0046646669524897,5950.169879740506,0.016519217290419046,1200
181.99623699369008,-1.1881646504678633,7607.96084261156,0.05155470722293573,1200
223.5589681221013,-0.8427658329429903,2719.630893850179,1.3351419710962678,1200
226.33241676739306,0.4122747142609863,3100.480294317226,0.27322335515231394,1200
175.21910998564,-2.2420884717326035,5319.409521951406,1.2541697877891618,1200
190.16337738107,-5.323378735104886,7324.265221984437,0.0007829909432125691,5678
189.76330147208577,2.1678825338820173,2478.464504472404,1.3064292274079592,5678
184.00743947589035,1.0625677598635561,7967.124937888983,0.05332663300847016,1200
222.75870468878176,1.2410440274952441,9548.478651861384,0.06721748819519467,1200
166.49692298197843,-1.836538818877979,4421.484962658156,0.12776466036795983,1200
213.13817257807665,-8.4757754823168,5991.911334308594,0.02479854675801314,1200
190.45465644348025,-2.704751882764398,5203.698674927339,0.05226300932325306,1200
204.10515233413264,-3.7479201311994883,4857.049260644899,0.1473041413225728,4321
144.5452523265874,-3.802298574301322,7850.858925393524,0.08687653478819643,1200
198.07209348341937,-0.13760106609134165,10553.937118202171,0.05816961325234815,2000
217.96194552706254,6.57987197599224,5283.742837429912,0.2629947294727,7600
152.82674870357098,-6.973682410883557,7980.102782893934,0.08330543399844344,1200
219.46480812967067,4.393144018985518,4057.9468941978835,0.2228225626461369,1200
138.5454457727825,-2.554263790763887,9664.156905807324,0.1561208544725394,1200
213.1887222151586,5.415114419088363,4170.884143907282,0.745191534372059,1200
210.47069957184442,4.574676354525656,2622.4674479694263,0.7541148919646121,2000
169.27962544355614,-1.6827165648281195,4706.271189720157,0.3590982626457017,1200
165.79757607239176,-0.778474685048957,5580.947753758392,0.044139846278733845,5678
218.59187306200346,1.333276714200657,5040.473352473213,0.6794631081583908,1200
215.92042503134704,-3.353767936197146,8424.240864092375,0.24618333292890296,1200
233.3806916727969,1.9302622453063978,8175.6390041242785,0.38946506408064613,2000
203.32194384862734,4.721445071306211,9808.115618720207,0.08258024645279595,1200
225.11774325649642,3.185166089141209,6082.558886886638,0.4151592845457265,1200
209.53607659200304,-1.6176006452513794,2953.106317885105,0.3707328168909367,1200
203.18868647724034,-4.637962644918322,10828.02188871733,0.24531288244929966,1200
158.6105895753196,1.096259890694952,9616.832450247713,0.45772211416178404,1200
184.1603478451764,1.375025473981197,9159.816955060416,0.547950194299642,1200
210.4420052209315,-3.6391623447706767,9279.635730200189,2.1362376014812257,1200
231.9172694916762,-4.983228171164301,4018.340185871719,0.9662874410044288,2000
235.29422145607592,1.1081700587994774,9836.492636389323,0.005900195639773176,2000
218.67259733853382,2.1727070250951903,5311.636638802761,0.7892461006752084,1200
175.76174126221537,-2.463066230058966,8352.837290336542,0.25350110604125803,1200
167.25684432685054,0.8075798266537787,2454.292132553897,0.11725757643693278,5678
235.62388588949415,-4.944111493429154,6061.777526651151,0.1914985110535099,2000
169.43389180977763,3.7871104482951403,8300.870730724431,1.121929460417516,1200
145.84352226385576,4.580258587580649,6349.939601806156,0.5750906649509022,5678
171.1228801349436,4.915810082019535,6165.203504525552,0.4839544701025175,1200
228.76919911973755,2.0415863267888175,5330.922171052911,0.10797484615180081,1200
213.62837070257882,7.841237139337318,3468.682906955417,0.01646601924738702,1200
265.28527511146933,1.6130450152094118,9033.103750097478,0.3098370058573316,1200
185.67802571857948,8.658025775870717,8381.076739086013,0.46335510563588544,2000
246.61998300875265,1.7630924423092658,4891.500317067106,0.5222887304737689,1200
208.56278722815395,-2.188925583906615,8495.644524380485,0.18914873006955057,1200
186.14865189380404,-2.8770335034280423,6308.375201052888,0.4870487161753481,1200
164.55283002538175,9.428976445399584,4588.172616457152,0.1007092007049428,1200
183.80161442026886,3.2539853032323296,10858.633299048493,0.16137216685994063,4321
157.25592778085127,0.7102930018664098,6118.286976014058,0.4309346179269301,1200
206.94788681712294,1.084369767527396,3594.1381771951887,0.5778509238061869,1200
225.10453458330667,-1.8109178268689428,6478.9812379122695,0.8081085232357543,1200
199.66558353147948,2.3664595125764083,7422.286919950641,0.25394783615188504,1200
183.03750946968984,5.906243612190489,4529.469696218754,0.20394676238924098,5678
161.06578953694822,1.9129490931762934,7369.04897966426,0.35328737661388426,1200
191.04330560592365,1.095163047977763,2715.7459195328747,0.6240987095416779,1200
219.9446711741221,-1.3241301939969663,7734.690659528607,0.3253174225760618,2000
203.5201788900879,1.8898899564300349,3493.478839892454,0.82329337966859,4321
203.53558807775178,1.7693463824249016,8430.329077196133,0.09106389822805433,1200
162.98674478107293,-0.04233086352785271,6294.745296812694,0.5940620168714397,1200
196.8119948222025,6.7800139114673215,10825.315932673697,0.9095775521848741,1200
221.03092275649894,2.392989526454163,4582.022017303705,1.367579650024528,1200
203.49400640841637,-5.258893584643458,8262.544796907645,0.14641879867936466,1200
229.59844034725134,2.7251063867628345,3095.2202032828613,0.20079701569717182,1200
172.89185793118537,-50.45821380198306,9695.110167421015,0.8661034812183847,1200
161.1230248476228,-0.4570527741695883,6054.1792985040065,0.8164374623511337,1200
202.6306215884797,-0.3872354130414665,10232.216322677346,1.1696777333577988,1200
145.60427172698098,-2.099221636678178,2452.509698448786,0.4183534329867424,1200
237.77573583120534,-1.041522475561227,10002.75388731388,0.5720270355332401,2000
211.90978318175303,-1.7154787570214114,8491.515165795048,0.6285867281330104,4321
203.50523594263402,3.072713554413416,7493.169511458395,0.9040552125415852,2000
234.8203965676906,-1.8458952042917098,5213.144806744934,0.2379748995952042,5678
171.59377985771408,-1.890034899265889,5990.2849501047895,0.13189893794907082,1200
191.68500418284702,-7.440287270399489,8145.628780717393,0.6529450300460027,1200
203.64809568130414,-7.292121515726828,4595.021830613865,1.631926423160176,1200
180.53571301719325,1.0215240438417978,9171.408370765963,0.17745062791814428,1200
167.99411762017994,2.1810047581352725,6165.47592720909,0.565658272747819,1200
202.4361422032012,1.9091690523141744,6344.082657728013,0.13555964552809682,1200
184.30932833645215,3.895745271228851,2944.377482964365,0.7314097120698249,2000
188.02917178630554,-3.575964237439354,8886.201634955647,0.33771008350320825,1200
280.99270102414533,3.77537465737262,2849.341121096687,0.011130690166443115,1200
185.70846753910993,-0.7719208239976802,7064.861756465623,0.2900960548025456,1200
257.1354427945819,-3.3889153389411026,2515.0914387058497,0.23373755009248556,1200
257.65572741415133,3.2623783745773465,7680.060771162729,0.5127272127019373,1200
222.11105275642876,-4.002578559620642,9717.533736130648,0.4304017266263763,1200
169.96644185534075,-1.8813362102784748,3192.9518854536327,1.1325440827429718,1200
162.58985509922252,0.871592675815001,5803.58051225915,0.2533351751615925,5678
174.99537433828368,-0.8236010756044555,8533.38119061034,0.1345362272310736,1200
226.0929204908695,-2.4394294976765645,5338.5337146686625,0.5793553207177131,2000
172.50138458639418,2.410916996369863,3705.131985272251,0.07777264390840487,2000
218.88794872766985,1.6042870928701134,7632.300419264018,1.918311869711672,1200
207.5529329643976,-8.661806534799563,9065.33978515504,0.13956281545243443,4321
186.48104647913357,-5.406519774297205,4319.389479122537,0.23115845530687537,2000
200.26827629544576,-1.4251524810233733,9585.985120925616,0.3580989240332698,1200
192.99794892652434,3.225655552250386,9637.404574669199,0.8106862911242798,1200
196.15575064371242,3.9593707053881837,3159.8952716222893,0.8192738305114333,1200
223.91951908807366,2.833624350518747,8636.225187153792,0.16392018376800882,1200
180.7006089397949,5.273399937699161,9488.756456647541,0.05485427853851359,1200
208.07316525050186,-2.387682652129692,4900.9454322029305,0.7713260374293173,1200
231.67021728891845,-6.576237305525967,9048.410573794969,1.7431155023842744,2000
165.53754159953712,-3.07147781561445,9358.624333615595,0.24488924199613052,2000
242.3179324737962,1.22203509046695,10202.4771931051,1.0889429325627484,1200
210.92861459165772,0.22374330317437105,6815.1481790150365,0.39837814397847754,1200
178.35920936879018,-3.46676220298322,4524.793941120162,0.0782757469066264,1200
131.91719463525686,1.276297794239683,10033.743145069999,0.09607022976049355,1200
192.36376527607268,-0.0980191465729254,9195.270724486538,0.8944757528218032,2000
177.8845950570578,1.1270915557915575,2000.3245529145245,0.7814664058254623,1200
191.70178595918162,2.4849058940717756,8738.959843384973,0.19362393703154246,1200
212.69113371207132,2.8020980581495167,2641.6943543313496,0.49366805163499056,1200
194.86520358881495,-0.6092266567783884,7207.928591176308,0.05897185493360346,1200
230.0343825041267,-7.827944740489768,2405.653551341721,1.1360059739777566,2000
200.03105521640975,9.164502410447072,10071.562335866158,0.06486483653440715,1200
183.40120473110767,2.130622012214492,2211.260958790413,0.24193961079760903,1200
278.2326558887308,-0.7598348260791817,8902.919332353276,0.7260566931603661,1200
154.27466065258315,-1.3777115656319627,2299.7499975569467,0.31904593455936986,1200
170.26178306861746,-6.642961646088654,10048.68192543802,0.14196871247242138,1200
163.08854382774592,-4.864447232780908,5627.008103765333,0.3917058969881627,2000
215.09907811489808,1.925563169275312,10284.838227472155,0.020195839424735948,1200
194.60007876299437,-1.6658988978347355,6820.172476721285,0.11283242819129295,1200
202.03684588330157,-1.0538341720820412,5755.247544365816,0.583472131300381,1200
139.8007782293208,-5.377638556454952,4887.696747047652,0.7973858790343249,1200
164.13658472486978,1.907126921659931,7695.8330432118255,0.05862371734707675,1200
202.73370093672702,-2.5195237583663226,6921.252052074284,0.8661117936555914,1200
200.31138314805912,-1.727375661527586,8962.79939801728,0.23430944101186535,1200
219.14636173204354,6.245614602190003,7643.911536864279,0.006089187503406431,1200
253.45199830249703,-2.5610187608725825,8182.754345621061,0.5565749069547856,1200
218.00901118596465,-5.672754905286601,5789.897884093023,0.4137710878159094,2000
205.00325706056105,-4.138659059350773,4845.96067646792,0.2781638501360641,2000
181.3364459837092,1.77337934374185,4994.515721855032,0.4633406276497818,2000
153.86477031686286,-0.2560778144417983,6865.773044310702,0.6981619571410543,1200
153.39166326291206,0.1670020892473206,9108.441567841572,0.2353938927653345,1200
154.76465818210022,0.37675873325904585,9168.30367347445,0.011344092951695573,5678
216.04664361012377,-0.9957808850234121,3758.9912764418377,0.429242544574243,2000
159.32300729394981,-5.896823597743296,7990.836680381467,0.5533464888691314,5678
135.00190653375597,3.9060638673381467,10947.665856593232,0.3097477083848238,1200
206.7101287092515,0.7409003566482387,7899.26625136227,0.6577212144074004,1200
191.09755048690917,-4.85001981950425,9281.80117531545,2.0157202649525634,1200
216.80833935164918,7.099565056884642,9662.161457643186,0.1329150399967253,1200
143.48844048227826,1.0622135334309395,8303.611650158407,0.5309065110955379,1200
221.47019306894856,-0.6370366479620203,8472.172237926301,0.04258236940730405,1200
192.00945619022917,-3.013279633867321,4927.767359447078,0.9722877254008886,2000
195.4089629868226,-1.899097018304285,4379.628827313172,0.1469851078904948,4321
158.22680195217623,1.6665182854015224,10075.317460998278,0.5307453756719281,2000
152.64225831410397,-0.9888845576878502,2283.31756892832,0.20667157385298268,5678
197.29128558589312,2.0079141501797206,3348.837746529848,1.488591422303047,1200
180.41645605294806,0.6178982546818489,8433.76007032847,0.29950302537154694,2000
246.5083106941406,-2.0930887354934176,9779.24316850182,0.17954342038691387,4321
194.24510648607696,6.664932888148119,10770.372148232014,0.1356040822324221,1200
195.630779607694,-5.066949792558973,6698.465769989781,1.5512450927799022,1200
129.5333691165436,1.5152406803651897,3860.8709926490646,0.23266669316881808,1200
171.043751160261,1.5792038012626133,8740.063449324585,0.6756367492275518,1200
217.65633467942544,1.6566432052188205,2204.3339799806126,0.19974499842803942,1200
230.56232948828125,1.7293242650828462,2559.1696357447954,0.7294340508909986,1200
219.89013559282003,3.569622861174902,10838.249817476275,1.8785079975618861,1200
208.2079505055191,-0.43861484901059866,9503.55622982731,0.3089873473409753,1200
191.13678040618095,-3.560126584247425,2181.754421885604,0.6295409753418152,1200
134.23018494484404,-4.58890341434311,4038.6766405149783,0.12126102062769804,4321
226.15796136687905,2.0106024094984307,10303.072062724872,0.5069118825585671,2000
180.56279074051426,2.460167567278164,9412.41028168106,1.4077086417540485,1200
248.0031646007451,6.373146802561614,9177.626817950273,0.39308173485226916,1200
179.48157504631112,-2.1820484364117996,2468.7096457466255,0.9208048972019869,2000
156.34698454738248,-2.8494168712625134,4364.327331046979,0.03497820109171058,1200
189.33445357982524,1.5746830252299167,8649.855455430796,0.6107448755404706,2000
492.48397654573876,-7.718309053989819,8698.870393994588,1.5161881487405393,5678
216.7971318183403,-2.1265531550771777,10872.263868206894,0.07074129685891749,1200
159.2946215865261,-5.2168788689361225,5300.721475579621,0.5963705974579617,1200
213.1941631178765,1.11270356233082,7080.573861114813,0.4265661495365147,1200
164.00326163387004,-2.0166023934790314,6720.5184104763275,0.23079298756583147,2000
236.8949870016796,-2.262860649433839,8302.88359033455,0.31941871267176614,1200
200.93232286051656,-2.369122840400901,6627.613566660941,0.510556660569885,1200
172.83629252055238,-0.3279705738805545,6174.969739257831,0.4386635092193062,1200
200.73790308596625,0.39270741215494315,10406.205946606868,0.7638173529863406,4321
213.58851618746365,5.038990149102451,3215.171269575245,0.22487391590907468,1200
147.2056171860586,-1.9950537014110334,4355.222052635816,0.1605140103466713,1200
195.89835145781217,-3.366491873099109,5473.895376426686,0.033232184448238535,1200
210.68052450228413,0.1581839068049543,9161.805473710865,0.877398911940775,1200
252.48339989771182,-4.149450814288523,4212.525079087371,0.5010591207664342,1200
212.63733692593252,-54.79738585274273,9875.591060534673,0.3239015006354598,1200
242.50089023671345,7.543148489732896,4880.0330741333,0.7552436760960869,5678
242.46079675503714,-6.309251286019608,3840.468316298165,0.5101243014932647,1200
151.29390727739215,3.9913343229613014,4950.086402650026,0.5587336776221046,1200
213.8205386569823,3.271452925476067,8960.22440816046,0.3077443480245333,1200
226.25087928991124,2.363509958402755,6869.740869024918,0.012355964553613607,1200
186.7767006418578,1.5862298528538827,4094.03271694406,0.21027082537076194,1200
155.61918702016874,2.821918543001353,4746.95622279298,0.5767580454568909,1200
193.87774742629193,1.6482110623137631,3476.993408019228,0.8754905394163088,5678
199.83187191822475,2.0836166231419044,8726.960772966067,1.3315504085406682,1200
177.8230174467751,5.114321990109561,8581.143604156478,0.6828066982712065,1200
176.37356792647398,-1.4949089551246846,9833.775579753743,0.010569285978332985,1200
181.71816260116114,9.413194678566907,10590.91433587941,0.7964824964309233,2000
230.4020660800038,2.258413281426281,10988.958342202659,0.1809426426463236,2000
201.05300773508907,-1.524260453570024,9970.326517737612,0.15903855761794378,2000
237.3351315212763,-3.901868071023759,2948.4309187311815,1.139957207851798,1200
172.05257352540278,3.221297885563923,7850.9320571433445,0.16898577574566967,1200
216.32440866983308,4.246562071404559,7497.793857457105,0.015924798901195046,1200
158.25175178372004,-3.9084746065770406,9970.544965062702,0.3681873169407083,1200
229.24404984663533,3.1567380286334346,3174.429619704366,0.17232484345062205,1200
183.97932384629092,1.0135176694521602,5067.346963708902,0.22678976327103773,1200
180.33946728479276,-2.9072343617404783,10947.686571249953,1.0115265660790287,5678
219.23023462484667,4.653176281143311,3501.5016907521926,0.3701024796780318,2000
208.00958948696112,-1.4412559610624023,7888.080393113063,0.5622249562360135,4321
196.04110746132542,-7.781596333439711,8478.03321720289,0.08127104417593652,5678
215.77900113076555,1.7235987652259608,8563.661227185126,0.4405960948507073,5678
197.9099333658188,0.09805614798754438,10835.309184346832,0.1204070398281015,2000
190.2083965624029,-1.2637354638903373,5358.725192857342,0.4039333769683314,1200
208.57326988491045,0.4593397361532494,2614.390826559759,0.4175271001699277,1200
205.24951295782796,3.3253111814674674,3362.8740754378127,0.8413523299081622,1200
178.71995293601447,0.5820339997057503,2384.5320854858674,0.33176667846942376,1200
208.65226003722728,-7.256404397513208,2645.7547625336842,0.33744642397800995,1200
174.37799260492253,2.527919499073842,3586.087531502719,0.25597806762265346,1200
177.36770521545193,5.14832945123131,3822.2479581922807,0.332034758883258,1200
210.5059976650771,-6.628272411300036,7030.877467235602,0.30115226648229143,2000
217.81019711745378,0.4716825528045105,5410.741459481257,0.9033406163928778,1200
204.79998481474937,3.3595235827862795,5018.5513084614795,0.4299446991004603,1200
225.62194104354106,-2.221500631358188,5726.217247543736,0.5073580151350456,1200
201.54512854812327,7.167860393597396,8125.161944649147,0.46001651917438113,7700
216.44726331487533,-9.156513816913533,7489.301557901537,0.10201377728023783,1200
206.99732601536496,-0.1829313155322853,7938.581438184761,0.5034372517689432,1200
144.1638847197897,-0.19174047113861467,6790.329222568911,0.24478496647774656,1200
167.89128742683593,-2.908066025804976,8770.973967959251,0.5891756243902111,2000
233.88259397843555,-8.745341417916773,3199.463832596934,0.8914553316618204,1200
207.18787902102054,-0.3961013257471613,8798.491441342016,0.6513700379281067,2000
206.09786302318324,1.8832284935224333,3417.446848409416,0.020820985839865927,1200
106.05182896111704,1.6081032255880032,7571.218940126209,1.4248011497837723,1200
233.42824837889555,0.47769827805525755,10145.905586713656,0.25337528666142006,1200
189.86879384895676,-1.0077403290228497,7284.875755740275,2.0422077100613194,2000
196.04915514207184,-5.397953793704315,8434.064446195673,1.4886676102755751,1200
186.24735181034706,-0.2477077373669278,5376.534950154177,0.5149358023554849,2000
199.49674151214896,2.1485641692717716,5968.708713531223,0.13063621098908687,1200
203.98581834441092,8.237295719870229,7177.206959702785,0.48829594354458034,1200
185.93212901124193,-1.1493559960327653,2185.6563889520976,2.0047927226203175,1200
225.6062880714045,-3.4819321124538143,5529.579218575549,0.9538523283291575,1200
181.3609811207841,-11.48285393541672,7372.222456128073,0.4832648048242323,2000
233.16396708923958,-2.804659617388825,5800.4138928864295,0.26101892636220597,1200
194.14612274850313,9.642318426119354,9175.855991297733,0.4653700829936396,1200
191.95367477100214,-1.6846287303085963,7900.225367047706,0.03596018922481698,1200
156.12098401349968,3.577218463521936,4307.790714018267,0.033470995848546445,1200
201.85213564009484,-0.386838020508747,8431.345941216417,0.5466443868747495,1200
181.55359430798526,-5.606913538361223,8551.731329956456,0.5400352500910931,1200
214.08325900031738,-5.563296455071177,9627.72594861388,0.11553599717523061,1200
171.47022752090007,2.9037480238780726,2863.0898916966244,0.1280148810516087,1200
275.4304400527926,3.0008928513215842,8549.901478026617,0.1051004485172257,1200
204.30280054515995,-4.2936543086178265,4802.337232444341,0.5186643236056139,4321
176.2693321681886,1.931592720737801,4832.466290183709,0.26592509675717263,1200
222.04621489211138,-10.512028985288294,7127.773802168737,0.41402150587566783,1200
159.70208617342126,-0.46814128609554334,2168.2357096189908,0.9067427293966408,1200
244.8963645913145,2.4534088081496215,9903.017905816767,0.47872567300841185,1200
216.44634640874415,-7.5688213895382255,2762.273395026222,1.169075401426197,1200
218.86410734049255,4.19378756783762,6626.227587322864,0.4001494857662251,1200
187.0596950695384,-0.9044619979402824,9015.1276020013,3.88961577973704,1200
166.02955042848396,-5.48989538836497,9729.964958779363,0.39743919426337515,1200
161.32918825644265,-4.058495392626113,7237.6532454397875,0.3278151605184309,1200
198.67189634664064,-1.9695612341738893,6501.676090824475,1.7672523790809864,1200
220.31068513852807,7.52998409489454,3224.3333814583107,0.3964552100711281,1200
208.41174485985536,1.1714667763999556,5751.431988088913,0.00488618764717929,1200
201.51156102386312,-3.340942508508067,7878.579926354202,0.2506995158882827,2000
258.69228194660104,2.0875495754775377,7844.011689114247,0.1456991861144301,1200
177.20716044409576,3.6755251998045546,9900.200360158971,0.3477097888957746,1200
213.4674469310684,1.5821811531872527,2500.869750287683,0.3143321512788967,1200
187.7354287151987,-3.721487082495823,6308.002617500513,0.16478808047279966,1200
229.6510272348672,-4.069374754094608,4465.9382490378875,0.06062344299048854,1200
152.0757805857628,-9.252847880553386,3560.0307285438225,0.2708227272116426,1200
228.41787715167914,2.3424794589142484,6469.126691872264,0.3346429520852486,2000
193.14682355297012,-1.4526395490322557,2546.514272134463,0.6439330181867381,1200
215.04605921146054,-3.962854544395523,3417.1470540900104,0.5371066214270805,1200
163.3590881839068,2.663384507140941,7726.370003764426,0.1413589178478951,1200
198.06135808919774,-2.144075842593422,10592.547785129953,0.46876617889102384,1200
205.3776820918615,-7.354884665796865,6594.599069810478,0.07444237558128891,2000
182.4950843342798,1.889114294239925,9479.75292897211,0.3392235975569728,2000
202.5209676928039,-4.567895068773618,2277.9891335742564,0.5304207963261381,2000
230.78531083652064,-2.7624103785120773,8268.291837120643,0.43390949173816556,1200
173.24247298391444,-1.3228557101544456,8596.572538691787,0.37947905072775373,1200
188.68036032232325,-0.5783397749085828,3626.384455026683,0.0800772488744029,2000
198.99348009430378,-7.343219936723459,2950.637843388743,0.20264074532993404,1200
186.89044590768077,-3.662227556331028,3329.617745324972,0.5398548522495333,1200
179.75777259835033,-3.070844630069297,9846.108631060804,0.19613984819824962,2000
193.01061349997426,0.3495502389108553,9841.321478195228,0.4349849095061224,2000
185.26675857714895,-1.0520889126432271,7292.087994980168,0.4591466852560338,4321
151.87830791799087,-3.3198712256285323,9964.064969354733,2.0577214848239938,1200
141.62997042475934,10.207123532525513,5747.288883623152,0.40874589706747283,1200
141.29925598492224,0.974178979409138,8127.72049971669,0.027233743224040857,2000
197.23151400636223,-6.340043173600433,6591.1977850164485,1.4665515265212192,2000
178.22804083044693,5.642176519418375,4631.153555352758,1.1035861360528667,1200
214.5455351654598,5.728613716075298,6300.994779637893,0.10667380717685052,1200
138.61591573313177,4.092600817256456,8017.8289280546915,0.3197746559885976,2000
210.8294464970571,0.29239784423310355,10622.639590535444,1.0129989085861835,2000
160.724929659427,1.7929152329565323,9613.091864902715,0.07067371716149255,1200
181.56722159877512,-1.9274023209356859,6949.777799480621,0.16247106102126474,1200
143.55952761255327,-0.31013823318617206,10303.99800741385,0.02076612306637847,1200
201.48723216584526,-0.5821132167815163,7418.751485543912,1.084099719328629,1200
211.57706169391113,2.286443844637005,4178.863835871398,0.051410773368162126,1200
213.4160906303728,-0.8171756147160576,5309.4293319999415,0.99734219043388,1200
188.85726650057987,-7.448144064535732,3893.416510512894,0.09553837835508616,2000
234.3358280081629,1.506942693530028,3436.1054655308817,0.3916669483679509,4321
194.05659917246516,-5.033592260647029,7482.280045840278,0.9221078226597955,1200
231.48061047442997,0.986975927236208,6926.046713318857,0.011464867516551774,1200
219.39575911774475,-5.186385196404564,2290.4863573291177,0.9197864642150769,1200
180.47019326565942,4.00343561754696,6309.4699149551625,0.7096946224236691,1200
192.1425466870228,5.181305107353445,9348.279250420552,0.2704240960134948,1200
153.2031588566153,-1.187240927073754,3687.978665395621,0.1850960528775132,1200
191.429555597288,3.2755224640775555,3269.3473578719104,0.16218427152465864,2000
149.92712937348458,8.751193385944045,3970.747759156802,1.2611790307690036,1200
212.81434772368482,3.23498552486708,10253.065123212475,0.22097620678872013,1200
204.32390875652342,-0.9150960041031088,7224.013113328818,0.26142966849129234,1200
205.43985580254014,-2.0798414125706777,4004.733664390391,0.02962191938820715,1200
177.84762359972007,3.0951895556170674,6352.952946120431,0.8323459186742488,1200
183.8342659761232,1.5257917613341827,10590.89069332508,0.6339809771375936,1200
180.08215219948875,0.39482003605660393,5488.605654212719,0.49886025693034414,1200
238.3753967220829,-4.955440466448677,5116.23423765268,0.12294980110750955,2000
187.4448862500637,0.41008437757342275,7658.5667335986955,0.24435267909810826,2000
213.0090917245756,-0.39953031726881366,7512.496126695802,0.44259154283509633,1200
198.33961349849355,0.6728657412106965,9643.963730286401,0.7239749227668203,1200
135.00703682934972,-0.41100570421976224,9912.61306390282,0.017659810141849107,2000
233.9311273199749,7.537387164755173,7221.150593716043,0.2569773231884391,1200
161.74000260531466,2.817503111907531,3901.2913443931884,0.05156390209125151,1200
183.91053311954965,-1.2972511236056194,10824.399558049576,0.02305922417920557,1200
189.48881667432107,-2.778674859630984,6112.716202203025,0.34514704493301396,1200
232.33801453697362,13.87092167387902,10286.60452758286,1.004324527001014,1200
210.6631554756319,-0.3359709882959713,7203.540110021479,0.020144190427703303,1200
186.67794824465997,-3.0070535738582334,9148.47392616846,0.2743643266233175,1200
203.68230934900382,-5.939398951878524,10070.610141124132,0.09968133214797649,1200
196.7687611736315,-5.258202357436007,3742.6337951894184,0.11635125137185369,2000
193.11729016776133,-3.457665305091674,8709.790322201816,0.5644469716566483,2000
246.1413251281433,-3.0508870749653805,3043.923943572282,0.12424338044604344,5678
165.93819514540286,-1.2457331104058493,7437.759612271838,0.07905020845228662,1200
138.7420724030951,4.451350596727344,8587.773373834545,0.2014806923052746,2000
179.14575127436578,1.9839405256164253,7528.675687853584,0.19409222720083447,1200
212.0231634874663,3.8116189059693313,9090.668963739776,0.15782509661158844,1200
185.93765880228887,-1.5734564677140246,6981.70828888456,1.4513731939597525,1200
193.4256061171376,-0.09570780022372621,10422.917666613841,1.342511700125381,1200
223.3844799625191,3.789921949210671,6377.403600588595,0.21781586664044078,1200
224.1919659436764,3.9513483101709945,8259.619354942111,0.23949952189549623,1200
218.12607067655443,-1.0761905019547413,9180.003731327048,0.08966111524347968,1200
176.22342345649867,7.6629319508429194,3425.0998783287896,0.3570091222638606,2000
193.45853582347974,-4.469440317968686,2308.2343219597387,0.21749936599236586,4321
182.70196246849792,6.339064944750166,8035.163614737286,0.5389304601581587,1200
229.11282775811773,-1.9663961243856614,8413.298042897111,1.4019135310992041,2000
220.2829072063851,-3.7138905341113446,10736.848709804886,0.1635438987845941,4321
171.52828524470158,-3.9394773078770227,10702.170362701721,0.2016593833865384,5678
189.40944681820392,-1.5740109045624775,4678.396738559328,0.35371654284838466,1200
161.41859654286515,3.8539922971207425,8401.141475498564,0.2579655858579805,2000
215.3063899170999,4.994354823484725,7317.167531185636,0.0762360277310207,1200
216.2329398414221,2.43879383639583,4874.223795378397,0.4787783204844915,1200
236.42571462656554,-2.227015613718168,3409.559082959282,0.08557298610006248,1200
225.04449803393288,-1.7614758420788759,6313.579935691489,0.7814255465301901,1200
180.5958866487789,-2.0234352948623484,6536.553670014715,0.022697836007846067,1200
197.9926634470949,9.926130085923848,6973.402339894106,0.03912079875072869,2000
190.77497475048588,1.1903788888290607,10351.73435806793,0.5041023831389871,5678
233.67114151711553,1.4297978734954548,8227.976570259349,0.10642966653082918,5678
225.8248697541986,0.836849884751122,6467.126924119017,0.43419823192647405,2000
212.96889963272295,-1.4760375917274815,8105.579548249362,1.2964221338377337,1200
147.21217107041258,-0.7018613053230103,6020.635051933461,0.3829614698080614,2000
216.7177208414809,1.9473314600415093,7274.279929699489,0.08408287681396946,2000
214.80866126805373,4.273557509725721,2914.3695212947887,0.610150748433194,4321
179.56476497938525,0.2978492234883353,2543.8486984694614,0.7577428083964701,1200
251.42266166077775,-5.6787935798485885,5765.746268508707,0.5402223122523573,2000
238.07906115657192,-5.844131288488125,9304.615302361542,0.4013577650265509,2000
161.21225825254442,1.5240016918492612,10843.77268426919,0.6981597681950023,1200
188.6409315534584,1.2685675141339798,2649.3916775740813,0.5118283243375331,1200
207.58862895672488,-5.034290586237643,9845.665548808262,0.340834734884468,4321
227.8348439377284,-1.9930011957517757,5163.372706556836,0.5686323111392142,1200
220.9495114265589,1.161380891438045,10555.916308848471,0.0797461312093508,1200
237.6080469020068,0.5714114649430707,9513.642052022005,0.2920905126288158,1200
213.94685684049506,7.044735270563171,9171.163713679529,0.42772573854373885,5678
224.97754972965387,3.9823263848209116,8992.00980426012,0.20737333460858737,1200
184.90076729338497,-4.756172731354269,7308.857183638778,0.30608303444171037,1200
191.17025556076615,5.190422274682033,3428.726265832762,0.13957262697844497,2000
121.58014431821836,-6.302285931224288,6540.720348398886,0.3548889575103797,1200
170.74547650912646,-5.305082535942499,8893.399389242779,0.15062905007748997,1200
143.93398060097505,-4.664908762949029,10416.214649388705,0.05560271343017152,4321
219.12204918895378,-4.160278055773196,8216.927864104407,1.1888269732941763,1200
226.84505106711825,2.6651751500442584,5219.751422758019,0.4133116444823285,1200
159.08680573369634,1.3809707224833574,4488.602286107644,0.2437204174518881,1200
155.68196091588223,0.03787849812877705,9355.212849702282,0.06489737938511107,1200
168.98958223825716,7.836541741074524,3810.4553844776738,0.12745636676125333,1200
178.89899537499525,-8.384758509723087,5265.430823509481,0.05813481428382384,2000
256.2652080096705,5.800020211313016,150.7942979210356,22.66132154494796,1200
121.04578105859653,8.464776261890135,8973.506003760118,0.18905680026489297,1200
177.50289092622936,0.08664496906995901,7176.088135524194,0.04700887512224059,1200
187.65545233108236,0.9579674579135417,7641.477920894872,0.1581700181478838,1200
222.714747404269,-5.3575883329197875,5405.680760444207,0.4123108746898104,1200
184.660651069286,-2.445793791436889,3119.9177399224254,0.5273644649052988,1200
241.87952626905388,3.4817134243039334,9197.550041930808,0.07272312605294803,2000
180.7505634252552,-1.2383664139058652,7321.6455380211455,1.1112885946029034,1200
192.04566181271483,-0.7470504093699675,7770.037901946361,0.5952813365336996,1200
171.26477130877615,4.093240710809593,8986.23759885613,0.8396069818812066,1200
161.69295887011907,-3.265184827432042,10776.385474163286,0.09380726923407273,2000
185.0685431957721,-2.4028106707993033,3804.030349421191,0.13853124746217405,1200
173.29667828393184,-2.953845122990914,10287.174728744498,0.16621908957717502,1200
209.61954747819823,-0.9816711473914264,2884.3960122949793,2.661437177299719,1200
219.15410317765844,-2.2839907433224256,10536.18209954486,0.025698696705376573,1200
225.88077399359236,6.2557149200222595,3962.963640462027,0.9379908389593045,1200
209.40368836457907,-0.5084730182998615,3496.861644445553,0.5414931506303535,1200
236.47060678631027,-0.08315896413776523,5458.350479426192,1.515495583263454,4321
162.4768916862283,-1.6817271329731929,8115.511514261218,1.2505382726372334,1200
208.28969633118916,-2.8675105532081795,10978.5801927616,0.19863193950235752,2000
273.91085298927777,12.786454204597902,4968.219227830974,0.6697833327712409,1200
172.47907686473707,-4.799955056429728,2095.2208125226625,0.5020589478992051,1200
167.61480131219187,4.538663217300679,6747.552259576665,1.552037528963962,1200
192.9483222546521,-1.8686522224664286,6516.053034700482,0.1289186386189091,1200
156.28283411276334,-5.5916402206349565,4832.038801527966,0.46041824589617814,1200
173.24599117100493,1.683947473840615,6781.561697713127,0.04672647870071527,5678
210.5375364461269,-0.44770138069394044,10506.489562214409,0.36072895562129387,4321
179.14254472424147,1.2892529498445693,2421.924505227999,0.6297569861982623,2000
212.90707756776155,5.043736955482463,8317.54048975369,0.026869667616533352,1200
227.26883069102882,-3.509732917527007,3602.1361000922834,0.7284084533490739,1200
232.5362067865768,-4.546323189510473,10433.414585960565,0.2739047571526915,1200
177.5278631270524,-0.5967144854205357,4710.552977062417,0.2804138953532442,1200
221.06245876394195,0.9126406384388343,3150.8747917797746,0.7189585634006009,1200
188.8244388360181,1.4395788499347566,6805.081792094266,0.08365643161451745,1200
211.77412088037565,2.1758907102129728,5381.933051639354,0.6863035281480814,5678
201.6838118013059,0.8680961264478617,5480.507710785464,0.6433285597372171,1200
215.06945055707627,5.975875910859766,5640.849852679667,0.04424735050269379,1200
225.70926051796778,-5.2361697874269915,4116.424746509745,0.40841094786329163,2000
179.31719137815017,0.3024888865836171,4718.604332032651,0.013145181475948188,5678
177.26577665215424,-4.378602790332705,4681.937741750972,0.057837538773724474,1200
248.9679111610405,6.957307012723996,6807.099751577134,0.7128601893271231,1200
209.2229201498787,-9.036280728738722,10611.942546327093,0.03686327389500995,2000
205.48478224285978,-1.8425950488240788,8885.569765665121,0.8762261374715745,2000
204.6822268030793,-5.471188213557401,10352.842380244978,0.6542168290582152,1200
210.54499073225335,-1.7728600002031745,7227.344338809031,0.804686785938291,4321
223.4979599425845,-4.455852426664229,10669.193759787036,0.035491877381068446,1200
190.82647008299585,-3.256871853834644,3361.1590310572733,1.3795574583414942,1200
214.59148528439974,5.616600142022633,3727.974795453065,1.3208930801764833,2000
218.37891001939454,2.2340870423132775,3428.2610432013043,0.9812666780560263,1200
175.49656935185197,2.4051202544907664,6396.189615957272,0.10853836040821252,5678
185.4002160231435,3.7584284559277967,6923.604721551281,0.22107501102739563,2000
201.49692398515003,0.2273377711448438,8084.520480943308,0.8007246526019342,1200
244.57585132962737,0.1258132172713494,5494.541215063404,0.45592119911296575,1200
149.22704414397936,-1.6478126360143912,7326.556004087382,0.549696949673569,4321
223.69925429574536,2.562026343326009,8010.716785331259,0.014090483957213386,1200
225.12445793879016,-6.0468070426208484,9649.44046759889,0.08275764080134372,1200
221.48497238677172,-6.683940185757674,2834.5602062404714,0.04728108033544731,2000
248.33491726790285,5.644972455012611,6375.149562445146,0.6136016457394184,1200
231.3150041611154,5.011335599857025,3293.2758895717698,1.0760455553523027,1200
256.8212340238893,-5.431678480785225,4189.294459916122,0.0033899375987415437,1200
141.4281850755332,-0.8484030262283726,5563.594791600917,0.5098698530406851,1200
206.51484723639217,-3.6190005681747417,2780.0535945189567,0.8051169904327223,1200
195.2016016727067,-5.961878834229873,5286.702177673884,0.5383184479556192,2000
222.6795906455623,0.26090821826436067,6156.678991408128,0.03652818431393474,1200
215.59789414451478,2.1195764043339103,10925.867385346684,0.22517983757524027,2000
173.12043537849885,4.411939259871006,3008.1740712896185,0.18971065902722148,1200
229.29982555670017,-1.363163937641808,4929.067545145971,1.3456580454741687,1200
261.1985889092159,1.1583325828235178,10108.067862825996,1.0882935299161156,5678
200.51870391438467,3.868809474922285,3052.037120254,0.9074546223702407,1200
215.95848585759495,-0.1560476841796761,8079.636814684269,0.19123106405430315,1200
173.65014106022653,-0.7222946228611051,6327.01216834002,0.0050490960431074676,1200
235.04395512615662,-3.584326750640469,7453.181202822561,0.4386445771113671,1200
204.89992388431003,0.022561214043397948,9673.383635921226,0.3580712294387508,1200
201.514924874562,-3.877604896370116,5142.103051338617,0.028747206872347594,1200
237.93143657372437,1.7133275867472193,10227.943353025916,0.09116113561785488,1200
223.3209484697322,-2.449752091975642,2862.290348812792,0.5297481190193853,2000
177.01472231769648,6.239519282018255,10510.33571166517,0.16248822073597496,1200
183.23759134909633,-1.6096770147198403,10488.967236544315,0.009678897336713467,1200
232.20116652965618,5.037420458963925,3567.4712866968903,0.2930937347090992,4321
209.25906690483117,-0.38637348632907287,4430.963849241674,1.6583727845302902,1200
173.43148855866093,-3.633322744526687,3638.7860691376873,0.37677009220123586,1200
181.04996343837757,-1.3537370316012087,4335.587653741497,0.4480231784325981,1200
194.29083017294184,-3.7654323432533463,4538.749111614161,1.0134924999808548,4321
171.53056019271634,-0.7238290160854841,8463.596606528092,0.17652753261278198,1200
208.31290682899296,-12.408681172007185,5483.5933052546025,0.08472443117354496,1200
240.9010900298077,2.2145919556323834,10865.831414734635,0.1119432076645147,1200
206.01169438869982,-8.517381426243823,5478.5524213600465,1.7103254794395601,1200
214.08537819427406,-1.5224789088534787,5710.749802538143,0.1350608871509685,1200
204.30132786315966,-0.08894165038092935,3590.650009251031,0.18840473747230238,2000
166.27204962635102,-0.7515952224660231,4284.127880095095,0.3022166439382223,1200
229.30589366914685,-1.6015660325916008,7518.115492461568,0.6150364334009112,1200
226.25604141827597,-3.3007980194522673,2107.8597170674407,0.0034724649112600815,1200
160.5549958725503,-6.600432279368381,6417.554258858804,0.6393522203699051,1200
170.26345221283674,-0.22925796752171862,3632.8024240716295,0.022762145709317293,2000
237.59392827820577,-1.6858656831064986,2409.7285719892516,0.11645301396613693,1200
257.7833750400019,4.051198155527719,6936.207965514242,0.3761701125748833,2000
219.99081795929922,2.079394601901702,2400.4391033958395,0.05443112581962512,1200
201.19169022263767,5.879593107203008,7157.83770577542,0.342947674972717,2000
195.33237688795768,4.42370645442681,6184.563709921165,0.7050081668853192,1200
177.7475070612644,1.330418402429196,8534.02623835304,0.16673027690287961,2000
187.54856687374675,2.503875375857421,2321.0385435310004,0.24156647360418262,1200
177.85178666031283,1.421266618354915,2444.944547478114,0.3946412892261881,1200
197.93342230544314,-4.4415755029867645,3593.570570762777,0.21353545539459437,1200
235.92679942622289,-6.459822754956145,8099.173319206973,0.5901337286673853,1200
194.24768637186457,-1.0948534834267154,3515.415663548569,0.7304902610813261,1200
212.43411575402467,1.3789364879372146,9070.27615012936,0.35642725914798856,1200
213.1643497424288,1.3082612711941524,7440.686200234221,0.15823651608837508,1200
161.00525859191464,-2.9093569477896484,7595.21899099505,0.05942626219152055,1200
277.365225462725,0.99166485124775,5539.689716312328,0.27673769368607515,2000
176.2632965474531,-0.7210716698027257,6345.612197753069,0.5108634977639359,2000
281.3736673591652,3.7178566515700617,9835.823032438471,0.1647327517447821,2000
159.0863769628772,-0.6531761635758412,8735.755978707955,1.6582499518685239,1200
186.48291812445973,8.138077346842522,2721.354446310745,0.6526659508355375,5678
159.8852478320686,3.5691045090524796,5171.870345779609,0.07802358549724048,1200
203.96711061546273,2.220948495442087,10536.423824439558,0.053682761359485014,1200
168.64561476846285,4.0326324689586155,5205.273077096177,0.4919878073891345,1200
178.75441005561785,-1.641998986162607,5759.989046217031,0.5201164956710213,2000
193.63910120492577,2.71474414021014,9480.604083189362,0.006365027873614627,1200
165.7809709509931,2.2953672088249526,3187.48230734506,0.0007144453573368564,1200
158.02498634271277,-1.0712131904798252,10335.43328816985,0.8356327693300065,1200
204.1926144990345,6.224504795855063,5568.269256549801,0.24116817772274618,1200
182.34462588321665,5.310915878936043,8047.682640859784,0.868737261620835,1200
249.24017039387982,4.865240431583523,5628.9232148979945,0.39379238117118626,1200
187.7753927960995,2.4643629042537234,2040.565891550898,0.045347942345574835,2000
184.90346745522376,2.173510247940568,6196.928228218383,0.28121305425860793,1200
243.76326899874658,5.655813430806916,6932.115288397053,0.2888725694720733,1200
225.7510332497564,3.181007851950144,9419.45245135147,0.2756072419800461,1200
222.1600109544205,4.735421221894046,3862.285916051602,0.5744655070332604,1200
213.77127327293113,3.619364546384737,5016.139461890593,0.7703807644347208,1200
167.00685350431337,8.880049432446466,9128.79498416917,0.1258112453635577,2000
179.92214601670526,2.1151096525844975,8273.156004940452,1.0769435984747304,2000
176.13671425210865,5.67347438728063,2326.391465781942,0.24534642642489682,1200
187.59405372089617,-2.30000328936979,7917.037223331994,2.0114637344146535,1200
119.32841275938135,3.6033612963970207,9443.592932584997,0.12601913465096173,4321
185.50867073817557,-2.5410251316327748,10445.465103447457,0.23402990858758957,1200
249.57435014743922,1.011057741356291,6490.886931218974,0.30024139019469903,2000
220.34876490370453,3.8261278237873335,10238.911063257392,0.06413769076937686,1200
191.97660135483548,4.190812526734586,10662.326748165444,0.8391585001625307,1200
218.8493114688523,-7.5925498041887725,7752.874476055879,0.00771324003231815,1200
224.5311501890802,3.0152520738642368,5128.281527629277,0.230251112892343,1200
177.68045195281672,-4.803524526477722,2461.0634832149094,0.3017103891095221,1200
219.40068525421822,1.5419015375237777,2446.060504090705,0.17861707893523288,1200
148.2072979280392,-7.89710638595026,4400.384943507516,0.8092277762653133,1200
198.6322734859871,-1.1525909136810557,2768.2703803562895,0.15894105297888061,2000
237.18144665877915,-0.6030189078740976,10507.49285801905,0.24766817249072215,1200
230.92732172597798,3.6376807631563226,10539.089317727694,0.7074560668980273,1200
227.61938039402236,0.5523629252177403,9634.32663575777,0.39761954388730886,1200
183.75784506474224,-3.5943273156165585,6100.4421240815445,0.08618580601074964,1200
230.04103081402923,5.043391640122303,8644.619177733315,0.8504285137319066,1200
200.4281287325925,2.0444694050946746,10049.448837775344,0.005657025557719703,1200
151.8100494515529,2.7239837173874175,5761.536511011807,0.028177783696148435,2000
245.12698245677916,-1.061312285496625,2092.263346684943,1.2577604295286438,1200
177.86289464272994,0.19503281416143847,9044.598473563503,0.006650278173795935,1200
184.8967862249302,2.676647918516502,4164.715344636423,0.22883761045936094,1200
227.1015775411943,5.292969149024746,9109.65979624572,0.4234173800802663,1200
219.39180244043186,3.716464081091554,4127.398564970196,0.48843229767001195,5678
258.01089196902933,1.938237644989628,6773.7910478974545,0.8006010193222971,1200
195.64222841495652,-4.308728755330612,3304.8423069465616,0.054812597817399,1200
253.83567893651775,6.295916007310488,9823.077490219683,1.0446567158827094,1200
187.98579070460806,-1.107770584817239,6090.030938233627,0.042643405400415335,1200
220.34868567526388,-0.4704475665237954,4485.707167658273,0.6928194751005518,4321
170.34469495769466,3.473051132923088,10378.787916699794,1.1462037731146968,1200
165.51721668244141,2.413650373447457,9418.3069214869,0.2565871023590472,1200
210.63588586884828,-9.846031763766844,5327.112484843696,0.4851437953238786,1200
175.84469543372307,-0.724183152831281,9484.372761957951,0.014754927316288578,5678
173.76551182370696,-0.6989431940080082,4142.505054267327,0.6525560347000784,1200
172.28378843316423,-2.175356211954651,7466.466543786293,0.11250587349387499,1200
234.1379106718532,-0.7527302994050202,3218.994764501043,0.5079570598185187,1200
204.8270842414018,2.6414258101357206,6308.116912609462,0.37019694957305604,1200
188.15620330476997,4.6605812633845805,5925.922136494,0.34494508099865717,1200
159.13878033728446,0.7155547600891147,3658.264085176407,0.8806417753545579,1200
214.47528565024948,-6.488719285154936,5854.407773653883,0.7477411016984276,1200
199.2492100860054,0.6035163819037159,7751.6371950756065,0.21144542599659846,1200
195.62922777416443,-4.479725527402139,7719.011397567095,0.31039329337034466,1200
205.70978328284835,-0.08086395680747308,5612.128953810304,1.1209107579342685,1200
200.27306665013995,5.526257915630282,7737.188456557406,1.6750344303939295,5678
191.44440578189025,1.9968471450255367,3655.3400226575213,0.3908914161316071,4321
189.11981944762775,-2.9369408115634297,8723.226296794637,0.5276679748457141,1200
152.85764065582867,-4.1701959314087365,6608.728359148984,0.6586099277825868,1200
149.64983146762083,3.3759446637047525,5500.857563628356,0.04447374625007923,1200
189.44408349768676,5.836296094781552,5830.220009719817,1.0128238910058822,5678
185.54707830239025,-5.813294330897219,5495.744713603913,0.08175974578172295,1200
172.70094214974569,2.4597277475379062,6361.938651044753,0.14213331360069326,1200
177.5464407218331,6.749428812978689,5995.965403364527,0.76136340468221,1200
179.4584709944571,-1.7715167531836062,2905.7138224742084,1.847604741346057,1200
164.55871698082498,-3.3872948832778067,9225.717331149597,1.9835009850521261,1200
216.99123493545,-0.050906491071938696,5828.855893023151,1.0428393941825227,1200
194.6035110952053,0.6596711115957692,10049.044343647234,0.12123953129571956,1200
195.6888501828381,5.034965455388999,6319.975060381503,0.2647080448627549,1200
214.1127309027793,-0.8620297134859665,2215.454300926258,0.22034968214234768,1200
128.7127420635739,0.7656488835281213,4320.51480279062,0.6047929782055897,1200
239.9491034359117,0.11787534864239527,2860.0206815256925,0.21136157686986526,1200
188.92330216107607,4.733290297912104,4988.6057403582,0.257133247720166,1200
199.50955510238117,1.7569082038108672,9404.248733912773,0.0437039653282872,1200
143.51877934538896,-1.56885301017822,8023.253998184699,0.24962877330222918,1200
185.45391077758296,2.462390842463587,10169.275108406873,0.09671529247291584,1200
222.5912450962034,1.64127435465129,6557.426196203518,0.21370771039629116,1200
197.18192686508394,-3.8648276888540534,2754.119849905265,0.2940597382223428,4321
194.32837099659034,-5.255135718375769,8282.563017443797,2.143076933025719,4321
167.2846468070142,-5.985346790739991,5909.472724373196,0.3348182829076729,4321
203.7679675784376,2.1236770237272475,2483.771420169286,0.4059085801989347,1200
196.93367918541315,3.5238981429910194,8770.02065612251,0.2908122202830044,2000
218.4195794069807,-3.6229572092962146,3632.439318973264,0.06693859244382548,2000
218.75207924259115,3.0772486688220275,10108.561541508858,0.417697340559261,1200
230.37733479335776,-4.588300054575643,8815.199795897564,0.2398569024654802,2000
197.44074481417923,9.008513519398129,9983.690911270154,0.41544385178012544,1200
227.960103837152,0.4426764521065641,2715.210513397085,0.5147964864624429,1200
189.69936965449517,1.1942505335133689,9381.496518483,0.6702725665062704,1200
193.5019532268267,-5.2637960620371524,3034.2563025558684,0.41335305258326643,1200
216.8678155706511,5.922482373642593,6048.365260677478,0.037415657189785886,1200
240.19421182958249,5.43435927372523,9035.965366885717,0.0044616575673471475,1200
195.45672700332716,-3.973910917410628,5653.3284258266685,0.3566132033361254,2000
209.02865030386639,6.344823341341219,7397.926684072818,0.11946966618309951,1200
186.74205485961767,-3.222139129901201,6049.719902749721,0.09397060098169062,1200
192.6855323268867,-2.76059493537271,8497.711481184735,0.9943448488354403,1200
240.42259872864327,0.43870628406683543,4543.91599331,1.3649721603624305,2000
194.38201526413783,-3.8726756714499957,8219.526771104911,1.0207767109354227,2000
224.5570700480235,8.745985008646459,7392.818389189349,0.727332347670453,1200
142.56390034020407,7.78056880230375,7185.314862920519,0.45529989712555685,1200
206.50568561677562,1.38966659564887,2313.9882882476,0.5820375291141142,1200
157.11900158117305,-5.978227964090772,7038.131093124771,1.094750083169465,2000
211.59076146476872,1.8507432610416874,5042.252832800137,0.46209962808775235,1200
161.99238828948478,0.7581727171882293,2370.6321613193077,0.22252884896301767,2000
197.37913880871324,-62.11200689697117,2238.605418612432,0.10333099810463031,1200
189.22567306114024,-4.53133883424755,3275.8797721308297,0.3077472636149135,1200
247.45592867332388,-9.248485888139781,7054.621252027338,1.021164868897513,1200
213.78130115391872,-0.07269523141502064,4785.297829879853,0.13177321603048758,2000
194.04857642816145,-0.598172602052364,3067.8150325420074,0.2803972191292643,1200
218.7237932438838,-3.412223987044611,4750.522425666986,1.4141411464137081,1200
205.30274242975625,-6.009469853411078,8409.966773279171,0.09860925975150642,2000
254.51287133060185,4.952220956997429,9156.781116160098,0.8879025979499681,1200
152.63093078712674,1.564080191825892,9919.990630066583,0.5169386786779085,4321
198.92488118921065,2.930208375190935,3235.51542870921,0.37762041165678145,1200
222.8618368773653,-2.8672557236993326,2666.026304584444,0.6512148771266344,1200
248.8802293725741,-8.023308571203549,8274.823780032559,0.5162857146882512,1200
205.96109780118667,0.5144506103380645,7055.720830224651,0.5720595902536784,2000
204.01867244122658,2.2725343875154502,10067.064750056805,1.1237165748672548,1200
148.4299405807165,1.8488270812038612,5737.839169080351,0.20967655360304469,1200
224.87662106727484,-4.863539469081313,3410.9945195331256,0.6019488799011091,1200
209.41569994718333,4.206962264950885,10558.405900105652,0.03183755437305044,1200
218.9783606254929,2.2154703463912186,5577.095797546492,1.9776878557660318,1200
269.66666101101737,-4.274316510945524,7273.433287623031,0.07031452559978146,1200
189.6411592049968,6.149355626024352,4213.223327527459,0.0022350459437567504,1200
170.94435223286308,-1.0909024872010984,6216.982416839176,0.7770598215359124,1200
161.81218421536803,4.859003643811563,3763.9279048910907,1.37152551368849,2000
229.61253623399048,-0.6759739560064234,7591.22148542475,0.09786258946635543,1200
216.0479041071831,-0.2905054625547015,10546.350548130456,0.4114170117194967,1200
177.8476403403739,3.066237075093246,5565.782619675403,1.162920610409382,2000
176.02528951739288,-1.9597722238147826,10192.337365862551,0.06799033518684303,2000
212.10741240376285,-0.8415767393417982,9762.952792192013,0.1799478187738565,1200
142.7360969075121,-0.6298613094358968,9112.293118864436,0.259743539006256,1200
223.5558884509911,3.406842772672762,5892.869457366642,1.2565109527498515,1200
143.4998159688433,2.283978580716963,7811.363622414804,0.17272690358390994,2000
194.00226793005643,1.8359845946121822,9300.386161300157,0.406095055617378,1200
190.22101861909192,-4.960804964075578,3708.8375283721743,1.992022291750706,4321
176.95883584355997,0.35343618722760195,3288.5321375844555,0.7117324803349723,1200
174.84103454938315,-1.1145715098868607,5055.071223342551,0.6027244018034614,1200
225.66959363230697,4.677635419159632,10470.607075142447,0.21129423969853536,1200
174.91160109739045,-4.596748976105329,8889.480935712994,0.3019282563326752,2000
199.90302976487027,-0.4782738049379831,8741.002791741828,0.14202132289643826,1200
225.9963370550511,1.7249997749113317,5598.941977122157,0.06582564062128583,2000
234.52253718627134,-0.331468468692204,4674.117641739649,0.3694438291953653,2000
130.82482248122096,6.287808098103218,6007.528985526105,0.23810999679331799,2000
241.4594962240999,2.1373358249664904,7048.396370199253,0.014674345548249482,1200
253.80532036291459,-8.392728927341018,8398.169496234645,0.4578482077450446,2000
192.42023185529715,-0.8046705624410609,10016.28703919145,0.3368980384994388,1200
172.30214870634836,1.5985074446342133,7644.877597187147,0.8098971646499209,1200
175.25464240593251,2.3708623810148244,9360.78225506908,0.1825603155033834,2000
245.43074412200116,-3.482259369228264,5497.550980040327,1.7802230314369922,1200
141.2059979581892,-0.3507369149610291,5618.346180207396,0.17429496747498943,2000
231.41780506705717,-2.079683066420708,4513.238990438333,0.0721974551937945,2000
177.88104925197288,-5.330585656596021,4930.91732287468,0.8696549878105635,1200
146.28935849812748,-3.656206098739179,3865.318044384001,1.1990604932461388,1200
204.66739811219077,-2.4936090242873066,5148.53314979364,0.4757248146679547,1200
183.25922133775077,9.904723238568593,5671.466046088866,0.2828959167824151,1200
174.80550745518138,4.463764491064384,9607.414056736288,0.39227972104107034,1200
198.10547241027095,2.167253962424403,10364.562729349529,0.9583028437640064,1200
270.3817727667936,0.9502156577285517,7383.470794155131,0.6950352278142704,1200
200.66883308527957,1.565570099361032,5111.752217437504,0.41173145635307556,2000
179.4190709589374,-2.1437451738370257,5906.377253383482,2.532282025030643,1200
181.45680382744428,-1.9946306941067367,7214.095288326591,0.021190617801536263,1200
244.41678258880316,5.332977039246748,7667.846899458612,0.4475723909388004,1200
196.2126046377907,0.9804469301386661,6145.686823735251,0.9261245489801279,1200
171.98356603320886,-9.223276506125243,8643.128992233196,1.0487109906666563,1200
223.83510850082843,1.9660162225535698,5954.492289743412,0.3426454516094723,1200
201.91786486810108,2.641258147357602,6870.639833447053,0.12435896538446509,1200
223.07757677319833,7.280275433827907,9318.138535151913,1.195289282115911,1200
226.35609418397826,4.70366159232581,9323.553009793013,0.0577226109350063,1200
139.00878206231394,-5.829055183695086,8696.67683062795,0.2983830372055857,1200
226.45259730154572,-3.809252185112933,10308.131855760465,0.2688008695295289,1200
181.45234891396598,2.13893409086516,4054.6474573306023,0.6608826207556675,2000
181.19529723831053,-0.5624609432066132,2281.3926922240867,0.343824199000253,2000
168.44091604551653,-5.24900709549425,6109.181480747286,0.23001029271404672,1200
214.66704851955274,-1.2903093896086701,2360.0632475294433,0.35025928474054446,1200
160.5325460456847,-3.15990974817715,10225.967605399856,0.728741086249525,2000
200.30340852714883,8.176226717155043,7261.040139665577,0.22409924959813549,4321
223.78523091279112,2.259784068684067,3698.1377659153154,0.3038838777820765,1200
192.9741737328486,8.026159734509399,3265.4933615677432,0.048236419023066086,1200
233.84282559704417,4.069801451308617,8584.539503592556,0.7061003344180239,1200
162.06283544108308,-2.9892535037348766,9558.00388760577,0.05691697553277018,1200
232.53286543105037,4.557004300492709,2046.180187852973,0.05503053865130017,1200
240.15392594536263,3.534093535374368,8449.196159103902,0.2380961495573523,1200
272.8771146277017,-0.3909432882676507,2898.1263039365704,1.038502461855276,1200
199.71524970333306,1.7010127450533294,6522.2470452850375,0.17616344104739246,1200
198.30213580335752,3.6780114005874007,10130.309825783268,0.6446624090317453,1200
227.79696460808418,-5.895742346507716,5570.649380895124,0.400685805729967,1200
179.6246106481168,-4.170508310181517,2731.823039372504,0.22032405024407714,1200
218.6017358848343,-4.5023778852830345,6754.378317141288,0.13313761565848953,5678
230.0862526088945,-0.15063890259876567,6939.344122457843,0.23283252748473915,2000
145.71400103058443,4.4184237306365475,7001.102079180613,0.30077483629487745,2000
247.06148554797085,1.2140245450540617,8419.674246003095,0.1699801968051527,1200
208.52304359184095,0.5289264385379977,9274.140403980004,0.08864136949481764,1200
248.54379266485032,5.888040339940487,9156.628673984309,0.20499354044244694,4321
185.5391873825791,-6.031464744182838,6537.20588393633,0.1368398764522375,1200
196.98558042343186,3.1977784614496927,4774.5427502994635,0.4958610427002784,2000
193.55863243847733,-2.210765284834545,4101.828775462092,0.5497337983430479,1200
203.79588590478153,2.389988352799338,8692.256726960508,0.01500888437617078,1200
174.38611474477344,-0.6402752973384391,7754.3884487721325,1.7554539073878273,5678
192.1097781117011,6.161004910023373,3853.081060263721,0.05220415812622031,1200
213.59425707533168,5.954321706084959,5870.057909019728,0.2419185535137807,2000
203.6022881156177,0.37358613276542935,10795.34726081122,0.9115195643674784,1200
146.07745319664392,-1.509314560094447,5662.507886349858,0.3170727106753038,1200
201.8914913278416,5.534873925569879,5458.132532586223,0.03554515140171535,2000
198.32352968578036,0.5571927086678699,8965.44233212752,0.2505759413427204,4321
229.59338287496348,3.781405996751028,9573.60112524483,0.022991875639781795,2000
190.65618535761766,-2.9536121704172897,5590.933334777712,1.5805870724626423,1200
202.89470426565157,-3.8727666349721894,5729.461345817819,0.17578311474695107,1200
194.89776247817028,-1.555096211494407,9191.122959006738,0.5858927586016662,5678
545.0255334962939,-0.30731872836840923,7737.683039399325,0.3206192620855839,1200
228.58981390688618,-6.602403630672336,2823.0650243949763,0.17011225043536599,1200
204.5142113271244,-4.342966073230161,9124.173645067978,0.03333246439457753,1200
211.58275176300464,1.3327549998631976,3998.78124456365,0.0011884485504302293,1200
214.72495325315754,-4.069593447368339,8508.795495137629,0.4685607307532525,2000
208.2625959658601,-2.5682644817245106,3139.185791446937,0.17257832772328155,1200
213.23832397794985,-2.3616568258616892,4871.019919245631,1.0575237036091154,1200
223.77626584061446,-3.414048761619865,10667.638121126045,0.44177593930306625,1200
220.08296373887026,-0.16739803962190247,9594.22425013175,0.09834578650010375,2000
136.6606283662972,-10.599289222690429,6225.3813004838785,0.5659681904294518,2000
202.26250152800162,0.5936074404549978,3851.732862039289,0.2903542018233537,2000
171.10226652327646,-2.3257745025456034,4953.3950966654165,0.013682516586023652,5678
186.3358267639527,1.9294095592273268,7765.725766280154,0.02325701716378143,2000
199.07859610362303,-1.1397328589198759,2453.0538211641506,0.5093963862566372,1200
206.86797522813146,-1.8416219616037708,8249.97622096384,0.49061813995833775,1200
212.6268131329597,1.1303265776605085,5142.54980758682,0.15481166045551878,1200
175.6657074853558,-1.1116944656293288,9035.552943119932,0.6151782787376153,1200
155.1780843017782,3.874363327459962,9413.758382623037,0.8381397833190412,1200
169.51206117189622,-4.7053587827279575,3350.9839729556898,0.37099140625934546,1200
197.97628473640765,4.579850889804944,10241.30380913585,0.02624564978179065,2000
218.69229296509874,-0.5850831679164876,4813.486344057244,0.7154759880233393,2000
140.74714502281824,1.4584993000775304,4525.992422092068,0.7498016291750467,1200
225.13629036908563,-7.026161349474066,6070.744608593332,0.8300623162460233,1200
163.16748424590014,-0.44413991076825926,10677.318453495296,0.5041116362263451,1200
189.47303642517517,9.209933742180299,4720.381899888009,1.2284887719954485,1200
277.26729637691426,3.333982719934999,6225.533926438808,0.2776021716148702,1200
244.36790181109967,-2.890649155892211,6480.395978236197,0.5585584521922714,2000
205.28386384594316,-0.9220595273313911,2664.7319470928824,0.14272797530727072,1200
184.77663276793655,-1.9257959510613392,8991.580258662876,0.03392606459727249,1200
197.626322480816,1.5392745644074908,2465.40381035852,1.0990974350848133,1200
180.4420965228171,2.7260531646011326,9916.47521997901,1.3200673301939014,1200
191.02725844657058,4.654575825755213,6277.998000314434,0.05001809917578481,1200
152.46631646165545,-0.29890142359535793,7906.7977836874325,0.03774575554539084,1200
186.3691072029098,-1.7942721322026607,10336.68636027445,0.2834159240943592,1200
145.1695463113851,-7.448569415005342,6887.742509841014,1.2859010567796896,1200
132.14630556438965,5.68750384547606,8906.274887807163,0.3824727052900016,1200
220.6018946049078,1.453717352717687,10324.051562659422,2.662174207657398,1200
164.6775218300661,-1.1503539035180803,8202.05612711121,0.6379383210973196,1200
147.37265887151324,-0.49633222330753846,8066.093526683419,1.8114117124374836,1200
197.50213574567462,-1.126649366498404,7340.084684443597,0.5309992603091173,2000
183.78163137143633,3.3973595665901772,6263.070234460371,0.9816932165928524,1200
198.33747310917502,-4.252437482920787,9995.07907886932,0.6780480043517505,1200
195.46053640570676,10.876262877596009,3055.8411671141066,0.897677926539967,1200
166.97509428291633,-3.227256945404154,2185.3896701456256,1.3910750791797835,1200
214.64642707469585,-2.123727748107172,3718.077542232474,0.5726067857249078,2000
198.67364333512532,0.19203974037882432,4754.043037517307,0.34529311788907596,1200
272.05350973845225,3.903783791661976,4227.923933001608,1.0020276305802351,2000
218.8069552873242,-3.80371327760923,4429.262886224946,0.4937175643137301,1200
224.44994656416424,1.456962267431997,3997.2760395632754,0.06533984995962738,1200
203.8493809114285,-9.677927651913052,2499.108636387106,0.24172979270820616,5678
205.17957800069297,5.0283276787049695,3378.493805551555,0.23199124847178484,1200
237.54005852512086,-5.868120066196745,9223.140947045335,0.6561555011541728,4321
187.12107905881663,3.440468850076047,7973.802319843774,0.015129899816761827,1200
143.81605407573934,6.2511179648875626,10690.370687690363,0.2574564401086985,1200
206.99839039220532,-4.1866153400733825,2149.6122775564922,0.15039125418473828,1200
158.6834633943148,1.4673685247361599,7487.667139723461,0.42072326716329767,1200
175.25578144860833,-4.407676517470695,4908.578557843261,0.1397709627510828,2000
242.734433864113,0.7882115198339296,9476.155310573351,0.6689978797259598,2000
207.1260074817776,3.2990089797764477,5011.803359433795,0.16702698768080296,1200
206.11645939254515,3.381703023464686,2506.795585740294,0.04440209884683546,2000
221.09035420561105,1.4086947860988164,7993.260785400634,0.5079192687123745,1200
191.80925205997838,-2.703504101818987,6909.658078209224,0.881761761249226,2000
248.60168948292727,-0.026198993974882637,6360.234245265796,0.06709607809987779,2000
203.39466863142536,-0.3774372032251833,7398.092478550107,2.0194553037611933,2000
195.02039117179103,2.312302859112499,5700.566925072399,0.688678444251864,1200
169.9240198159197,-2.0938466917016183,7596.6015518805,0.6286689402153227,2000
169.47910784196569,47.16244042016966,7273.011922736471,0.07055185906319102,1200
255.7539729631542,2.3530974223236414,4610.859784015049,0.11492356696805682,1200
205.55743609714528,6.092274329872738,5473.21824426762,0.9337043908188348,2000
225.50414922600342,2.1578081107345417,2347.117171161859,0.3846222961598966,1200
257.76857676147495,-8.864690798647885,4747.104758705893,0.665648663976998,1200
186.11008076357732,1.6383259858927537,10166.425842740082,0.08508891447429782,5678
270.8075362347411,0.4520726147613452,8694.157566322061,1.3358438664271708,1200
186.65514039702765,-1.2202130604042936,3220.0535389086563,0.7563242764307886,1200
183.1266851977004,7.094239598026941,6673.91721223353,0.6262175513244239,1200
224.69058383631676,-3.8391266602933762,2843.273683342548,1.5025768503443584,2000
197.956918894425,-2.488778637548846,10612.027668146311,0.2693764342741118,1200
241.35619109560338,1.028114099740288,5754.987895890683,0.17187854334079009,2000
178.39526973882482,0.9071652070290158,4986.440084744071,0.12967750595380875,1200
245.01108911104805,-0.511703840806036,2769.911782076545,2.1576826065623487,2000
194.41163607248,0.5252987581753197,10998.02958332043,0.26816005448604485,1200
184.87501489601655,7.046310604006304,8880.621101640278,0.6296520886719065,1200
150.8053808999768,1.705779479446754,2056.0356076489516,0.1659809769377023,1200
173.39332991709261,-4.993086384161085,5203.241201793047,0.16357618766229104,1200
200.3182139471999,3.153386736943157,4302.583822370566,0.43327861863414907,1200
190.1325739976111,-1.1239745219477735,8405.431306797858,0.5725354177259802,1200
137.8111944803251,5.177603628228591,6317.01453041539,0.06920432705464175,1200
201.05065537174283,-2.0851212170465754,7435.656629822159,0.44373531681175066,2000
223.25634066250046,0.1910928456574396,9224.248025978934,0.47579500168128397,1200
191.29137826219767,0.1049972004175734,7759.107705408569,0.8214521115636887,1200
202.8368872123253,0.32585231781648616,5367.472537207892,0.3751976563960892,1200
146.91045376627912,-1.5985506995183092,10917.962763306723,0.09992235287706479,5678
195.93918806746018,3.477541183453439,9473.45424907402,2.0438452412827766,1200
173.34925688070865,0.8738104414133122,10988.559130215668,0.29814535432588585,1200
145.0914265957082,2.761817331053128,8790.331785083452,0.38108093262733456,1200
166.11896687953302,2.4810197438533264,4586.019656662393,1.7721876336163023,1200
263.31425745924304,-5.266587286851671,7226.738465753055,1.363388400211256,2000
191.42056693243205,3.2255964947066618,4349.723576634923,0.5466888192246765,1200
241.80013253843532,2.575100485755513,10257.873369743651,0.09493460401660428,1200
240.27396466438083,5.493852618040614,8689.836397431569,0.08992677175943292,2000
205.3402853571809,3.853247944003884,6719.656622794304,0.284730002854195,1200
231.32894858586837,3.1533057909724715,3006.5564310104173,0.08061882046497525,1200
195.04268252359086,0.503493647153531,5793.379756235452,0.5640051789752727,1200
227.8480909786082,-7.2053641308707945,7860.99069433357,1.0526134957938025,2000
181.22196336956554,1.3255701229657322,9510.550306091083,0.18244595855739917,2000
227.6397678987556,0.05849639850394993,7230.439566384836,0.3877090533249856,1200
207.25609974567635,0.059059754862599095,2864.222108346423,0.05982173974570556,2000
237.74317214107396,-0.8394410102050982,6378.271136796114,0.14562034506438318,1200
167.28242364410107,4.343375381371338,2191.3737632261773,0.08315531429856131,1200
182.72803782394118,-4.65354875239518,6362.94857328742,0.0857480889236502,5678
173.57228923938135,-5.4398085680806405,10724.257819036902,0.2350248355705871,1200
162.70081476729246,-1.377734578952335,3019.660481856295,0.4268230131196052,2000
205.94492547516228,1.2636084669240077,2665.3128652281707,0.06391492096931785,1200
222.31001579068612,1.1198076809275377,2153.9640299537373,0.2278870927305116,2000
219.38760328248372,2.223385834288901,373.6000231664665,14.302341950414613,1200
242.57683054359558,0.7616469091093124,5766.618816965371,0.3885104567932238,1200
233.04734103973087,3.865336549287786,8467.64508943784,0.4326456078766582,1200
181.22152996250216,1.2415541843330036,6061.5312322646,0.0466767752377688,1200
192.43988325789644,3.3379327149542384,10158.945875750116,1.3183054752869243,5678
248.7625910780655,5.892102584698363,4643.352027545305,0.31357591150138436,2000
207.41986677778655,4.120145042203871,2622.2583432225215,3.3600174276754804,1200
204.48704350583324,-3.8455063413400445,10505.062530997113,0.7236028058205696,1200
253.84074609997327,-5.199486069817138,8200.202040330681,1.419433395821874,1200
259.03328743464084,1.4968128980565905,8877.968637325623,0.6131496069681274,2000
217.4158616819178,3.45605669065984,10576.171082570996,0.020184329323599568,2000
192.92956490941262,3.917513709523914,10307.15642935124,1.0734617308945142,2000
145.37237109952454,-5.55726916609649,2487.6908555596056,0.3585622632544038,2000
196.20827174112787,0.7737128331666783,2336.862825396567,1.134770993054494,1200
242.3432804392786,2.706857144776936,10265.921236409831,0.4128199788361454,1200
182.87434639244927,-2.675377416054835,4876.975707837545,0.6496037947775792,1200
204.23870662406387,2.313487344989912,9747.479850624255,0.02911735645004578,2000
191.0741860258471,3.6977485166886126,6183.593470369818,0.3508200328537078,1200
206.97665635768655,7.043581665123149,3047.721956247905,1.145181996284084,2000
205.0630275151654,1.1852157641117402,6027.269268140308,0.058733354398914125,1200
196.92153604400724,5.239771366501679,7000.044086321359,0.6081679449446376,1200
192.2798577809176,-2.7666961428293644,10789.257374708524,0.7479638812971495,1200
178.6960196038304,-3.433552859134128,7883.303712037799,2.3742500108214144,2000
156.74544744683962,-64.56679019724257,3622.0639668272297,0.07748825898501847,1200
140.67138620154938,-1.9135651514606165,9891.387909801935,0.3250669462121376,1200
173.04900094367585,-0.8284884362234863,3732.3776397590964,0.6831282125978393,4321
196.584576938832,3.9963632902463764,7581.452802642597,1.1688390950707332,1200
252.845129819359,-0.7830879205359742,10254.873175768047,1.1042854351799096,1200
182.68089978572678,-2.39689367627021,2604.955732790002,0.022877271112199508,1200
200.94127470340155,8.85713680768164,6427.173338940702,0.20584189035539677,5678
198.55110723226468,-3.137469451623085,2459.016146423126,0.06820809340568952,1200
155.1460123955659,2.0383936183979223,10715.550143361199,1.0757813073509885,1200
180.9832140688539,-3.4337104868942654,8317.97185187502,0.19323405152602507,1200
211.53698625536344,-0.1551454616615705,6287.718101435341,3.011537689650511,4321
150.1036373320288,-4.451616424739526,10689.707981384072,1.596642430930563,1200
165.9573522670565,5.410780862928373,2409.1644054904323,0.07212926444632174,1200
231.64565540713008,-1.49183527855878,5682.916440758959,0.18491558930586663,1200
211.0245972106715,4.1780425637264695,10521.560568735185,0.12357780452754998,2000
165.35305946832352,-1.907141176128374,7619.293380527837,0.05983879551878523,2000
163.45610686431985,2.973833198600438,4860.399332623449,0.2930998530877583,1200
220.09455306765196,4.969119523752655,5537.2933251901795,0.5198419434565024,2000
192.1431448570776,-3.439317541083169,9907.589914528735,0.00658578537732367,2000
228.93274786675968,-0.45359266514384033,2516.3745067261357,0.31968906380093093,1200
173.60076132608873,-5.488093030374658,7082.092233417145,0.6333685222325034,1200
232.14451657895384,0.7901330672285433,10371.097598524937,0.9530636006636343,4321
219.8237149397315,-4.810897357321091,4449.958352051457,0.21020328109795985,1200
236.18985929553222,-0.6859788670153907,9948.346156357735,0.17226125931165695,2000
237.50031062530863,1.4574356734099747,6191.457830942248,1.6049420913123404,5678
197.71765252477442,3.108982247567024,3659.3026272762518,0.13102144486786796,2000
219.628648510609,6.693992101177657,9669.293628484056,1.1477470781225136,1200
234.41547717078333,0.6501497275349203,7305.964149997363,0.013171553384074013,1200
227.83448259030746,-0.9032727983973655,7035.749113766579,0.3732778336955216,2000
183.5355426736129,1.060423135685082,6981.1609969569745,1.2153944165313626,1200
191.92636325638748,5.193315545099616,5823.328084877428,0.13215859689713566,1200
213.37462708348215,-3.2715876750025323,3933.662646779061,0.12412921405365271,1200
261.70624852581705,-4.620344098060831,3225.6917432972878,0.3305427173625405,2000
204.7011374931629,-1.7809400368078787,4942.974064824317,1.888778754923143,1200
236.08978582989354,-3.0837396253402822,8382.63656024048,0.5537052451739374,1200
210.3416405638913,3.8234225071673524,5938.513632859298,0.8268517092409582,1200
208.48480840917208,-0.9998321567054177,6071.158356575874,1.0687299967402282,1200
189.90323557678568,3.804799648798317,10277.730924472899,0.07082133589394815,2000
221.81759851086292,-0.9122871994565953,3107.270165413172,0.37924228250417114,2000
222.69766751221695,2.0217038874876057,8368.47270463127,0.6895591881489007,1200
188.76668725669703,2.9512712200334077,2484.5722591744307,0.39416186342958803,1200
181.0279103502589,-3.528305166239032,2622.5672802703184,0.3417835010010596,1200
210.1832513107004,0.4509821907010161,5113.948146832325,0.3421891110141323,1200
208.7399415625572,-1.3721898038604803,10822.082706187823,1.8373461920082228,1200
205.1253107277622,0.8684320234558306,9395.280422232508,0.11851692929246319,1200
190.98294683842016,0.6937697755042852,5486.615766114312,0.40648082002557606,1200
228.67485991807044,2.7031013809806517,9279.589894154535,0.8526080331943376,1200
268.51105993616125,-0.11544277708393175,8508.191233617967,0.041429028209350564,1200
235.8237780942011,-1.8911290939533258,5004.881669393101,0.44023520607023786,2000
192.23813961289252,5.04067352780519,8024.905683973178,0.5728490654666105,1200
211.6727470382877,-3.527302635795802,9056.356382406018,1.4483106296094752,2000
238.4426625112792,-1.1156956578344424,10125.797256601654,0.2208204081041585,1200
161.50673925758701,-1.7089254947850356,10842.697823184133,0.06025339677067917,5678
197.47466306021724,3.017611304265447,3886.959231691556,0.050617630877777924,1200
215.24576822765164,0.7103574536327131,4262.738849255562,1.574316228734955,1200
200.92825588908562,9.072787406993747,7998.233786803497,0.7096353548000409,1200
182.7463432063763,-1.5685717986745618,7219.139681796832,0.48352435133241667,1200
205.6454153146476,5.836449649282425,2882.716836108392,0.12370938463070304,1200
212.09489946653997,1.057906402857926,8506.192422752832,0.45025480050785066,1200
208.34986534495306,1.2210037503577402,3717.0216940761957,0.2735544964586265,1200
162.92785420772674,-5.534028731941744,7831.749056541641,0.19736898732714944,1200
202.96469796246302,5.383626425784374,3688.1373050046504,1.8996746031878606,1200
198.53473448100792,2.806029518386717,2891.5280578138763,0.24366953819201087,1200
241.5945883696844,-0.16723324490910013,8925.209844513862,0.1491094754060911,1200
178.6107329223421,-1.1511985476711393,5218.471711653552,0.32077930515948727,5678
159.75362477480567,1.614761458185308,8491.387307193203,0.481983974517819,2000
141.02001220245205,-0.03940884531215792,7684.91056769558,1.7936922572174778,1200
186.05495116412143,0.45845800308010387,8343.200244521333,0.10462582553959628,1200
165.59643485093173,-7.0791691594968835,9827.403722503388,0.20576255096604706,2000
239.13389100072604,-3.0152624406585957,8960.2308093288,1.5469142245369967,1200
183.03889570876268,-0.6839837561937477,2724.368890490321,0.464531256956933,5678
200.3147626771348,-4.921479122621694,3821.81663072051,0.18819307605241076,1200
219.86122860640373,-0.552421869494672,6515.125967519569,0.25566428453813883,1200
162.14102634686253,2.974173591505603,7581.23600565797,0.6489310611176059,1200
214.03237624598276,4.211770986011045,10651.548000553148,0.057798374484400734,2000
166.7327252224299,-2.393288650640677,8518.068325448718,0.2728069076044862,2000
202.74836608873363,1.7417510709858992,8823.14473918232,0.23341417002621842,1200
189.60339722080946,3.0185651789486045,6622.935919843785,0.09627827695713673,1200
203.99566695563414,-2.6996407512589013,3466.18207597,0.47448615086071494,1200
187.86583011813778,-1.4763176097963155,4885.723727384819,0.35749778763328116,1200
215.64814246898325,2.6254143633021596,7414.702441038458,0.019325201265266767,1200
218.9253117842033,-1.9338909632796724,10896.497588844439,0.19654204696204816,2000
234.62588842371633,-7.158684835154104,7142.676025542421,0.03551211508289385,1200
238.64741673881298,6.656792987609336,6149.939197074625,0.8280097703693732,1200
262.7370713011041,-6.698060718610936,4515.51565175034,0.6967375476662054,1200
272.9835272720848,3.601414496404457,4064.113308921146,0.1731408539727343,1200
203.48597064327328,0.4288680875562828,7707.306878418056,0.3679757090765589,1200
204.1454346147765,-1.9123265047008229,2592.0216839018553,0.5147091570776623,5678
154.72682272791096,1.504676973534793,2601.698124127153,1.039589358202256,1200
131.01967371563342,0.9431782139830203,8750.472235333033,0.2366774089465623,2000
161.97924279051418,1.3405795458515637,8091.524149579436,0.046310314306606815,1200
191.5073082800134,10.124969964181691,8411.148681990928,0.052049178754646756,2000
210.75596946015875,8.218166631359722,9592.044305596864,0.2021826072958249,1200
186.620278165733,2.5215707526952027,9005.220964673437,0.47275718122692806,2000
209.6129072909553,9.639588856960811,5919.454803096718,0.06530636314837321,1200
213.6094566399231,7.013534981072443,5543.095028345226,0.3508600906081408,2000
171.65651265494319,5.031312014446745,7041.989711258833,1.1244284027189704,1200
238.87971730819007,4.673188486286078,3721.5072664851855,2.097217331433154,1200
179.62517038608928,-0.995625501214233,10176.511085517497,0.2335787124241831,5678
207.21577348508754,-4.223764646512101,7397.948440578868,0.008140087267666398,1200
234.21869777502138,-0.7872252454716593,2246.124614972548,0.4329620025024086,1200
180.5990434522926,-8.800622113979953,7453.472267846066,2.6611420652564877,2000
234.49164101911737,-3.3951570036270144,9740.403071123459,0.8375162002823776,1200
241.04521080325554,-1.2053626021005877,9855.312296036282,0.8490937872472385,5678
208.51855733393086,-0.12564686592907426,7467.746783743617,0.35140022386920755,1200
177.77444600718417,-2.069328636505236,8872.780591452389,0.04952054391285751,1200
198.432888274192,-4.92878619615221,7107.839862116822,1.6095716811471739,1200
223.34354254019672,3.9910415726870774,8126.832441261684,0.41832507503791416,2000
209.3699130404774,-0.5819303348800484,6965.485486593487,0.20828823650570422,5678
180.9589002831999,5.664082225520603,3809.2582877791892,0.2553813882545651,1200
234.4924611616047,0.934417927503171,8165.2020808178995,0.21779446867060898,1200
164.46031664615765,0.17291185188358804,9289.044715817341,0.6591635970080348,1200
200.56182472942376,0.18023443046312393,9354.645893342642,0.3297669142292704,5678
239.64402180543289,-9.064072040309187,10573.738365047444,0.09151465270590288,1200
188.62807357169882,-4.843155538073063,7891.192131264558,0.47864970851559696,1200
230.77676946161372,1.268246760839526,9292.2932109511,0.08610514351893461,1200
212.95951298105211,-3.0797715691052994,4226.639143210894,0.002999554069788782,1200
167.49492827612497,1.0765286336362203,4863.964944012248,0.668456798597216,1200
181.86797403316257,1.9583106726450314,3119.7870987433507,0.3740172644382057,1200
238.0831158564777,-2.7686653316919196,4550.384604291425,0.6398891868998982,1200
201.58600454240113,2.383288764494324,3311.968533528015,0.746787404164956,2000
219.12391323387118,4.2939811340194565,704.3676628763665,14.783620298739185,1200
226.153384919298,4.6628813438356245,10925.136006016071,0.3287846716408817,1200
204.18262122777105,-2.758118473646157,9908.985659090755,0.5517540623745888,1200
166.13810224397412,5.611969717613281,6922.889039510526,0.27479271700900465,2000
213.83656248620244,-4.315066336350828,2194.198222630122,0.14075182659956936,1200
241.9593532017403,-5.725362678959686,6506.042663768077,1.282109637431539,4321
209.3684424886063,0.2436946602823554,8507.599244478939,1.0381800004545036,1200
140.5583765918103,-6.72442934506097,10670.26282276173,1.4015014386072762,2000
187.85595476933509,0.6911103045312477,10885.826315823715,0.013648725307646282,2000
178.67242224425658,-3.092410355393884,2885.7419430232767,1.0563922763897857,1200
223.00448932190986,1.0945830676853348,5709.529788006448,0.4758894710183388,2000
184.29107795630765,-1.274968079648229,5442.216780552281,0.3033036568924165,1200
171.9723607254653,-1.7002087299959667,6975.506538023946,0.917590131799643,1200
213.1104714516021,-4.822092197281951,10165.556468385774,0.638314028622112,1200
188.71446754247486,2.3260381902429645,3174.7281316882,0.824966794082948,1200
178.74059482711016,-1.2938549607233827,7679.763069420387,1.193353661745326,1200
238.59310145891104,4.511849403350539,7273.735646657002,0.13365259841699387,1200
223.7931557505978,2.0317793538665114,4166.953312343826,0.2731102560089203,1200
224.97248911820722,1.3654098003719828,5448.799960094684,0.04074476668537598,1200
160.02212738197156,1.609425814898641,8083.944444841935,0.6479112449271337,1200
176.24079738806125,-3.327660122155225,7075.9591469688785,0.12082832755644501,1200
133.6629583717301,-2.9095420240130814,5758.5445635640035,0.04885412066676582,1200
179.56473507923246,4.631937346186783,8219.505099866125,0.29183852856872033,1200
229.1995387243939,2.1986930663514492,5534.508000241802,1.603304709800211,1200
210.96141521688284,-0.22672125428480464,8324.192586579811,0.2033574773926629,1200
251.46113956169643,4.43796843159669,8178.730292252465,1.1573900081040778,1200
190.54988444744112,3.0662837723360004,5667.329155153337,0.7171440853113026,1200
217.57073101935507,58.18361061256463,2683.993756361759,3.3238352974018337,1200
197.60799652477982,1.6606552864700188,8743.099644953152,0.3041822304819668,1200
150.90310225299825,-1.2690858881108251,9144.252151064364,0.14313831561130577,1200
188.19004573757857,1.7626590070829993,10409.39165061649,0.5530935110848388,1200
155.5258547551984,-4.1821406816412585,10189.544474886636,0.09144983870368556,1200
249.91103501615407,6.111336736014116,10088.753038450392,0.15941170302702623,1200
241.08074266530025,1.2987691274149071,4774.383649382366,0.724504140659431,2000
142.67951278422282,9.227301226079172,7457.487140464615,1.1730264391762695,4321
186.17451144926906,-4.0238693714632845,10273.04334885223,0.20007948634942943,1200
193.5330984055759,-3.939996946706479,8374.748414456832,0.8471404728518118,5678
165.51982137778776,-0.39219788387338167,6309.342659651369,0.30108366028641975,2000
172.82231983467474,-8.183316889152234,5742.709730631643,0.37191644071990415,1200
218.41275164475104,2.89717777531309,5093.903344571681,0.08166210540012922,2000
200.6022342715284,1.4584128148960163,7004.438650507069,0.7109517874942363,1200
222.35020348212763,2.5078722872636074,9423.19935680679,0.09734273708502389,1200
197.56917987298547,-2.6640386407434495,2546.1387560124886,0.8174782238828877,1200
153.91443299957265,-1.0621102111378475,3347.1487643718565,0.04713617026017949,1200
191.79407013558307,-0.24264013409505242,9665.228303463578,0.6897507839786723,2000
249.91646710261676,5.370742925469729,3585.9337107723145,0.8248312585451958,1200
199.33369879727042,3.744003320161403,8837.768063140513,0.008171641041964153,1200
255.84704851560286,2.1542836193158155,3732.082388899976,0.04434157340093827,1200
190.84102946714117,0.06634291655135073,10506.90263282943,0.03427832904041247,1200
187.35195792527844,-4.093654598126581,7014.843433845151,0.4018584271323609,1200
231.1090418001248,4.418339713547075,9207.960318616146,2.8258075714607185,1200
200.60921706660224,-4.895104398922186,3532.5788041732894,2.0943247702757386,2000
201.0283757704696,0.021087980886507086,3733.801263940104,0.5386101349192267,1200
163.4275717509925,-6.252622843030669,9885.559002020473,0.8554125963004289,1200
189.45429378975425,0.3549353675361919,10499.863141345024,0.28780884264166695,1200
198.29163109342954,-1.000149025060306,9414.812139054655,0.17673232454561769,2000
218.33773617769785,-2.3308823849641236,7543.006441917881,0.39478814864668865,2000
160.07894212051178,-3.0948185596676256,9587.012618074947,0.3023110699166568,2000
215.81376634026947,3.891695949286687,6779.9236014229855,0.8448433783007189,1200
212.07107999544226,-7.4600050300360214,2196.874275079739,0.05707903931146266,4321
191.9332432054759,-2.5999155038962862,2842.521356474007,0.6520661364464045,4321
163.05984498880284,-4.76259420711251,10723.70608539921,0.08626110906750614,1200
255.75033267605264,-9.6707814399739,10214.60903847655,0.33279151147832037,1200
248.76060207836616,-0.7023823374492653,4314.456293434836,0.01942819216507314,1200
228.1782150449101,-0.8439132550849261,6496.057386160335,0.7290892574900544,1200
150.48152421140796,-1.6673522981813442,7728.347887786738,1.3989988134576,1200
219.5743677588637,-5.254257437389322,7115.9992547079655,0.2634521153795995,2000
189.53068189978677,1.2878263513375,7218.263813055085,0.3259995783191676,1200
236.9936724888603,2.9089745706796255,10762.943503065906,0.3415467416395791,1200
214.64014443382473,6.008595914325864,3349.705056530136,0.2649707206376858,1200
165.76302450893624,1.5033255069922684,3016.494054656743,0.014687043478923243,1200
184.30441977264294,2.236347003677457,10248.0859561134,1.2438469119163276,2000
235.71308007905466,-1.677764326962757,8578.187426390994,0.12484945489386924,1200
248.12442134463623,2.1499561521682558,2515.861485352929,0.47131993735545885,1200
241.3389156695894,1.3774288004676034,2758.4735693145785,0.15482437173579647,1200
224.5132167859216,-1.5067999294209253,10362.034534714054,0.07241434736392371,1200
179.22152523067663,-3.3004085089615907,5832.3213293715135,0.9296194401318726,1200
178.052714950387,-0.2274589490341309,2020.0625397217484,0.1429872180372008,1200
224.25663353788832,3.9979391046362536,6139.075617584471,0.08157487196248304,1200
177.14173267247529,-0.014191812900197727,10072.249390483568,0.17850815645259804,2000
214.61364889486663,1.8973590249151304,6598.117252548884,0.6365457826034833,2000
219.2779231413937,2.4926292357134265,4758.181527571883,0.4761956835535287,5678
222.73206417454747,-2.537170340744697,10678.251365375032,0.18273228872452957,1200
187.93789985786697,1.437586469945233,7824.9212366588645,0.30100339879565363,1200
240.55983406677376,-2.1408640704619457,10206.85107663967,2.419862805379545,1200
151.83805996280628,-4.021934595665343,3681.223992889355,0.15058368429426003,1200
177.86930743523087,-0.3786733693949901,3604.7793564291987,0.4918738051730614,5678
170.80548089168184,-7.324502942792177,8396.075924900755,0.5074975801347171,1200
188.55967545024689,5.048215022629344,2335.1217671986897,1.496394846599018,1200
168.72425538415635,-2.9973589711154105,8776.789399619502,0.7393466845064294,1200
206.8528255034741,-1.6185073674502506,2664.0797387685398,2.168485317363329,1200
229.32923764608873,-2.2530471617249708,5634.961507627776,0.8573849356121317,1200
210.92628044074493,-1.4942214715020907,2023.979145381959,0.07707676817077865,2000
240.30131335803168,-4.184648246063885,5885.239794669167,0.43665083911428887,1200
191.0437995929763,-2.179674608167522,3123.2647289781808,0.3041279896647305,2000
134.20543925821568,6.8597709984413555,5386.307349627368,0.407511300357175,1200
188.148692324476,-1.5072027646701611,4829.881204761978,0.40697230621464264,2000
209.00718292156864,-1.507758687363828,7343.216956878239,0.019892528518363463,1200
171.60048071905075,-4.736148918321334,8692.883680567636,0.26991844047286756,2000
183.60816249193647,-1.6093495906622686,10004.489335989296,0.8757667205570627,1200
195.53373200757062,-0.27135160098985095,7678.020739303747,0.4517777878501963,1200
187.5608185192545,-1.4683852130818944,3399.4606423003215,0.134296109517593,1200
178.58917604922422,10.77286363250407,8886.439109398292,0.37477024363017364,1200
188.5930775077963,-4.253133080448794,9314.5354171396,1.3795125492240854,1200
198.50503459582063,-3.80405094839808,4923.924829664383,0.0269588335221157,1200
206.8029811846018,1.1112160103892004,5697.717855967956,0.5412191016802425,1200
210.8468437380169,1.7298489635266034,4125.499458396263,0.49770929421276927,1200
216.13336384696555,-4.27924771211919,7606.609923524194,1.5874954190536708,1200
252.3224309089241,-6.914642852613255,4226.636928604057,0.7024192294078546,2000
214.15603684745645,1.8219663469552712,5195.42608955279,0.017798797767639575,1200
225.08540748771148,-1.5447763678265645,4122.940582498391,1.2826282237805127,1200
186.41185317708886,-1.8109378235445057,2872.473111768263,0.14066672954371023,4321
176.41772852840813,1.972500951018971,6803.841862108467,3.2631502453758907,1200
185.8597336421602,2.4139895011074506,5498.346549188619,0.05545269332682628,1200
184.33863539509667,1.0905563210416473,10691.731510392683,0.07488964705319744,4321
180.01101992526907,-3.434818515755563,8006.729382214383,0.3777198282232578,1200
227.62070334712618,0.6622379310878399,10730.800409959062,0.41630685437211623,1200
252.23805597099891,-5.152926077239021,5444.589657408448,0.04248369607557583,1200
228.99731139687773,3.7842846214157495,3604.1059065120326,0.32965870045827766,1200
198.04670039561898,1.4335382638481,9622.07115644493,0.3233562522286387,1200
241.96104053555945,7.756610747393847,6041.341624213503,0.6742386187681825,1200
156.91366723565332,1.7945189322933224,9291.950792871488,0.12254039043094299,2000
190.7769581507405,-4.193358528513078,8511.996672594585,0.2334847311152424,1200
195.00692641121995,3.4205395663724434,3577.1963602995497,0.523015940869706,2000
183.92381403239486,6.435920873945992,6194.789814459604,1.756406413578434,1200
191.0938738577895,-0.010830012951338988,7994.212848733357,0.045601282624293075,2000
177.37516631386546,1.5769083628106053,4329.5663019229105,0.12742536182804157,1200
207.43686972804298,-1.9891866408144294,5433.594287483921,0.017917727144012966,2000
175.0179018633442,4.288049088723139,3312.28400308895,1.2114311106668736,1200
175.29902854849308,0.2616961467491884,5910.321367815344,0.0355622048642869,1200
243.75533501910635,8.969978761397368,3323.1221756810874,0.3068320006285513,1200
161.19770021702774,1.9224798573958461,9343.903067536234,0.010446715698341894,1200
185.53519418865326,6.804869748270029,6190.416231809057,0.3786161816568406,1200
239.87274054812065,2.20649291039125,4595.290599625399,0.5951405228564668,1200
182.30667619296045,-2.3276117000952046,9149.657356921532,0.016425191636484586,1200
190.78252333066328,-1.8283918568650785,2642.0285707873054,0.8030016485776682,4321
226.41391190820696,-0.14978915095639764,8581.410269606393,0.3090163034478753,1200
244.42182774834916,0.5117888551678036,3661.084266145329,0.7359489307796199,5678
191.00926967495315,4.526491350415501,2863.506968722866,0.5968836845252827,1200
204.51368362359491,3.297759100585876,5006.684331969665,0.8662566648421174,1200
237.8026148767375,-3.553934656938038,4421.242247423717,0.39233185766307616,1200
242.85906761159507,7.076370291599974,8663.165894556807,0.12441379882185563,1200
191.0396052083862,4.721793329816417,3023.7267295648844,0.03263349749643248,1200
200.8156791039045,-1.95728604269136,4560.032204641335,1.2836173709148753,1200
196.96042290294622,4.921067726796499,5423.679663108023,0.030705099787729968,1200
191.55631893189064,0.2633434686662063,8209.453723636412,0.39251042904611416,1200
244.25023562443545,-4.786761247553404,3248.7546527352074,0.6413416262874606,1200
219.78025665506007,4.115073649269963,7475.859559942152,0.14533717946268232,1200
208.7086668742988,-6.232828682781242,6020.521348825097,0.05062715909761075,1200
217.2748453020855,-3.747111666681841,6100.943665472997,0.8528686952808402,1200
230.08943714093704,-3.9088902789905484,6164.716905516359,0.7157278505305449,1200
150.20407870991102,2.281996397274357,4477.7635688048795,0.37926673084728346,2000
214.5114202116205,-0.148678006646545,10600.345598333273,0.02240463485615076,1200
275.6132961512705,-1.2420210599192267,6943.866941124237,0.010173641921757735,4321
232.5634856063927,2.9411541354096813,2928.5065880159636,0.35094362943363105,1200
170.49687972166834,-6.360829029826355,4104.777775974138,0.9269837559154878,1200
224.94236453953403,-4.287922782742228,5858.929817901076,0.3183019014831106,1200
172.66450722070178,0.3720866110138884,7441.904051017861,1.8819494091804283,1200
247.03401107505073,-0.8891469319979112,8072.508367413847,0.7403190398084124,1200
218.803824447971,1.4209653839352847,2222.9369764233415,0.2152630308627223,1200
223.59339072241812,-1.2549997691493142,9892.19397976363,0.5357128608317243,5678
188.39649766381694,-3.2845989696926225,3800.8530929953267,0.6290976108036974,2000
229.5909733279385,-7.604534864744721,5762.280515192937,0.4288271795126759,1200
221.30852513317586,-2.681730528188504,8400.58556918072,2.129771232527828,1200
210.41048081919942,-0.2629676190955624,4323.28665470087,0.37386454861567714,1200
171.22910365625845,-3.940314709129563,3469.6040070778827,0.49400129667860015,1200
179.18434636133114,-1.719562785327069,2647.0518517676396,0.18027233704047652,1200
228.74147132416832,-2.7137570288173007,3805.6802499766,1.279878769277851,4321
199.8533927076692,-2.4866883228818915,8956.632704550928,1.9279080446311707,4321
154.81491019139122,-2.1170525839033734,6673.341074408872,0.10768271009914857,1200
242.831281980765,-7.4216808467750335,2299.0451580899617,0.7973455298665489,1200
182.11616122517276,2.661059000955701,6235.056062697715,0.9579647751271672,5678
218.68463992778555,-7.295277795149803,7447.286403628155,0.443836175349061,2000
187.0431877922881,0.45563185194042904,2454.7803782407805,0.5141975233542803,1200
233.87722964109466,-2.1429043923314537,10130.10806974912,0.17900027554065645,1200
209.33094325064226,0.4620533099317342,3067.009502212197,1.424518149016952,1200
236.81939379513935,-2.071188498862254,2422.6941149947183,0.8097067406384653,1200
201.2498899955135,48.24261811673519,3731.1070929234083,0.6061420900342472,1200
214.53132280242812,-0.5023057898741852,4640.738793956038,0.04927028089304478,1200
194.1089638295832,-0.2717312970406068,9134.283921660386,0.051247624655685886,2000
173.913483467774,-0.669329505091038,9709.547502489819,0.7839060062180025,2000
161.9677309952065,-59.78270280763396,9371.488925811185,0.17844811771781047,1200
201.88460732303767,3.513356479492108,3324.8260721918114,0.09540156154362854,1200
197.2560333794952,2.969864781915411,8136.790544246944,1.093541010894149,1200
145.5449575429144,-5.049423652514585,3154.0907690461895,0.30411968227875025,1200
205.72280513840244,2.2590518756059765,3139.877981385472,0.06170529216231526,1200
185.6653943200841,5.9284025570676775,7296.298582169322,0.273411207242422,2000
242.2882848909437,3.2750283788793166,7820.172469925251,0.748667375147996,1200
232.16159586100548,-0.4607978512105917,9406.246087829742,1.6804907037494465,1200
187.07976522205956,0.6185847446763019,9754.633466143143,1.4701548734429863,1200
179.2416075089518,-3.364029197896138,9748.195461775213,0.5802859499853098,1200
267.1098273702528,3.6271651943452667,6805.678897165733,0.008293597549498655,1200
202.79625889169668,4.161119802989504,7161.219158030468,0.37091161887407137,1200
169.20745256228074,-3.776576803816571,7852.379309152836,0.3154212896962591,1200
271.143281897139,-0.2831401107569594,4091.1237474389195,0.2305310469948953,4321
232.6452073111953,-2.2720280791196026,9883.836611742296,0.07316785065929078,4321
186.6335057708877,-5.791897449069403,5198.699037687731,0.3912436973398477,2000
213.43214709949567,1.3237532836438528,6822.3520112122815,0.18225138261523155,1200
169.3963389611201,5.256703108264884,6845.659735937614,0.5565631560144361,1200
152.29178535321228,2.458652910181119,4236.314781108045,0.18378943733162587,1200
170.7137287283977,-4.217991966594923,3182.317659038138,0.9388065632692452,2000
199.3441568505698,4.271021445728834,3584.3501378083893,0.016993784426794577,1200
220.39243081737092,-5.31443933326192,10902.87049321345,0.02676450566837585,1200
218.4835778551312,-5.069029979655669,4074.4038543004126,0.11695987729772493,1200
217.90922849111718,1.308667730205893,3626.7554343270012,0.020388332734289923,2000
228.35260169179875,-5.21935610679525,8316.805612010736,0.7164139853343274,2000
228.17785394337955,-0.7146899138001901,7011.330463575678,0.5254081126229075,1200
197.00877082740135,1.0947277421218884,3918.283579780963,0.12143841074604804,2000
181.01851134828428,-2.7899432191677023,8546.480611076187,0.055388087936864616,1200
209.982748735161,7.614109246144172,2914.6151931229033,0.16109091776800163,1200
204.75021004538138,4.0538327632647055,3376.957257955882,0.22644352692414066,1200
163.50794329624065,1.2928903342775078,5578.121371742458,0.799989385270666,1200
209.48604018765693,-1.1951782085793197,3401.406784080805,0.17896469613820176,1200
199.73221588563138,-2.5700247987362594,4086.810291283862,0.3409823596600772,4321
195.1366590112852,-2.0697509953491595,10786.707353989967,0.1259215736664542,5678
166.43329149744906,0.7292333600352534,4912.5726598988185,0.3021435854382837,1200
227.07221271183062,-1.7789596427550782,6116.412918818427,0.4715014581653862,1200
214.05772733389864,-4.2012922064026235,10210.6356191738,0.49792158895114086,1200
212.16138713645623,7.405046318254676,9188.449460389687,0.6829136947986616,1200
169.47322484014092,-9.000965809414929,8474.688207243618,0.6431583580801489,1200
242.1279387752216,-2.3184764153133073,7064.311408374464,1.3300090397592645,1200
215.337310062209,-2.3501251521117728,3382.750083147429,0.3101287754160653,1200
175.1446815424216,-0.2795020631574074,5145.037668700083,0.11465192273215502,1200
213.6062520665214,0.9625746169960288,10029.532983062638,0.574467846934411,1200
215.3933650282804,-2.2796549742753878,10214.021068629307,0.23337449959588336,1200
221.18441913519658,3.5206882391599805,9232.661660224858,0.21837870462189019,2000
182.20481702676676,-0.6981435709256563,3640.4311978324104,0.3966456643983662,1200
273.4395572800132,-1.1954274160845386,6603.791574783325,1.6725987063875842,1200
205.64182915973973,0.41038869807058237,3390.4092218467586,0.2513493442115847,1200
191.81177333962475,0.7384269912240066,6953.552665973042,0.03027468817107169,2000
203.9050618272286,-2.9701531207550365,4342.149443871151,0.45205281665099334,1200
184.02422062000537,-2.0449764682737883,2803.923118932658,0.4196997801098297,1200
181.31073958706423,0.30042740193899586,3437.400033021335,0.4611238775937422,1200
196.8730707827448,-2.0610438986092943,10349.6027130136,0.29283866485718324,1200
148.6764116958529,4.879078422856883,6744.473227929073,0.17264790298694016,4321
233.72482288237308,-1.8829982739527946,10296.720261690036,1.2878738714742037,1200
218.22563403360218,3.3963267067077245,8867.877702595808,0.08907467895895525,1200
216.64778811793826,0.5857610509155299,8990.587467571868,1.1523795178930358,1200
215.54287825908483,1.0519666655703972,8877.815856934618,0.07060942517215732,1200
245.0834745578833,5.1362268022652415,5618.133938001534,0.24546680822174222,1200
128.28616483805766,2.211628361611713,3779.9033802791846,0.2494389695270536,4321
243.96784103191555,-8.387715707214754,3492.58187011072,0.04488587798050489,1200
206.96300340789767,3.4558910334931094,10843.869782057185,0.08188032010030027,1200
252.09045736731585,0.4678934685715555,4174.435220323605,0.1841119341093991,1200
153.02687886272878,-2.408399704570496,5317.8799392188075,0.3173037105121637,1200
199.65361755977776,-6.367725355273771,6185.843750216725,0.34446658596503804,1200
178.48877304977384,-2.752553666688134,4289.975908863698,0.035200412509742866,1200
196.2917723105961,0.7775822088384909,8829.937315885834,1.4930180397317376,1200
194.28800977724245,1.4341101834168748,5233.9792430309935,0.9316002736463239,1200
209.46123967223363,2.671576853757396,5574.34959279013,0.021398264572311896,1200
134.21172799079275,-1.2035563312966806,7712.841947000311,0.2808679518041082,7600
188.00642516811274,-1.9843343526679789,3966.565203622791,0.9976550413956536,1200
169.16250042430164,-3.1043987069102204,8845.164305534972,0.8338204943023378,1200
500.8118505073729,1.932425309954314,3982.74379378842,0.011337423628025065,1200
178.69792143520925,1.8849819582188196,10089.78371954189,0.31481518716464274,2000
193.42984586949677,-1.82055882712849,9237.796993122269,0.19569267577594485,1200
182.41970320527932,-1.245813888539702,10008.602734515569,0.6126496026945947,1200
210.69618593052186,-2.924065027132631,5508.186170068042,0.16039649732595046,2000
234.82491003146598,1.8699133326639312,4625.879791615722,1.169897830406736,1200
214.18756491706696,-1.7767550122220819,9549.727084404749,0.8547347148930348,1200
149.9435403273917,-1.3112894827078585,5510.42681688502,0.12730204159021677,2000
198.34863670810472,-8.290713344415709,10066.443233003483,0.3891480464693985,1200
144.4574455445182,0.2165027759207673,7016.599103949084,0.10484607580015823,1200
197.82010024227776,2.2776718440161847,4153.7702016501835,0.38597709172245154,1200
272.6222487509241,-0.6278787829210717,10486.765993925383,0.104081341789818,1200
163.69736559432016,2.1605988249529156,3256.9344772764907,0.2916845880729722,1200
180.0628105267739,6.342524855513924,3780.941123336018,1.0298895274500026,1200
194.6290903214518,3.8704561432357023,2753.1542371991195,0.04952295576155446,1200
227.51423938358937,-5.534445066675745,4292.481217472421,0.6417624186695046,1200
223.18781130626624,-1.2522459964932968,10722.288287034244,0.978540652872752,1200
138.93454957518134,2.917875723318401,10231.464916487068,1.1755803201923014,1200
192.9033730451573,-1.9769794062398574,9365.509642362951,0.17761217880783453,1200
245.33909617322516,1.9234891851837768,4927.319101620547,0.38835400730594527,1200
160.35054071603585,-4.27557064036871,2256.9536368306544,0.008839469815744678,2000
209.2447785175962,-2.251929631065971,5134.327258021523,0.3725266530291153,1200
171.58483659191438,-5.300333931665537,5888.303155601938,0.1210172932070361,1200
165.61911175697304,-0.49286077316234295,5115.34598350532,0.3726099788214452,4321
224.65643050403955,3.709936417265663,9822.231279040458,0.6762971834185791,1200
250.12134997021366,-2.12275930030703,10370.028151780733,0.2122258670839126,1200
190.35319849302886,-2.6003583749277244,9422.367048124597,1.6844713617136278,1200
231.54689135880068,7.6890227642303355,4532.662256834421,0.283387233631273,1200
193.85174049478167,3.800606456872632,5098.775293716969,0.14468099902149037,1200
232.82341003778546,2.1995462715765814,10348.32106168601,0.008025330950498908,1200
181.45315667498673,1.640074558141577,6446.156909811894,0.06593333973543035,1200
242.06520837238475,6.47058213044083,9913.505291947322,0.1962244014387002,2000
233.55637830390086,8.64149545327894,2560.3411488939328,0.5834918798598377,1200
141.60193986958555,1.0408019542679012,10475.667740841398,0.11876835367528948,5678
214.42631807225519,4.480864364534524,6856.798816906966,0.10724962044973241,1200
222.6633893410474,7.271220642559911,9881.358112227495,0.6735003919558703,2000
220.99397959244448,0.07828468485174842,2607.350921671899,0.18174871430887185,1200
135.90460403992302,-0.10348289911215638,5753.337044302071,0.026625250012294956,1200
208.3599555741823,-2.9999798532916224,4102.893637139037,0.18954387288679767,2000
180.91107817300724,-7.021751134435585,2894.6117038863913,0.36723801062412836,1200
175.0745448139994,-3.19694887068165,2211.681406711969,0.2923802087364241,2000
200.4140661658154,2.2260174305959928,4713.257609789514,0.47429437049615963,5678
174.27545717212342,0.9541137318866058,5395.462888167278,0.18136245473867363,1200
132.1932972717405,1.519680062814062,6321.966435075793,0.22209998401604014,1200
169.0748156420458,3.6516767239524897,2873.1549565946475,0.8780467899555325,1200
205.23007834723435,1.7236875607115032,4130.292693262799,0.43863203361443937,5678
249.26003383518665,2.994292684478648,4324.386824190251,0.6913172259002575,2000
185.96663229712868,3.4688465188603197,8220.850280171888,0.5398394509429966,1200
204.4786918626443,-6.348441737324428,6807.365888140037,0.26431087384468954,1200
218.1732390054547,-1.760426314968111,8195.992234055107,1.6441568558363062,1200
224.4502266869819,-3.0199219042483,3688.4451733978594,1.0091310340128496,1200
182.0816925869848,-2.152685671593382,7506.4914910992675,0.09027276331917292,1200
193.83339743269025,4.895882251995847,6207.499005297952,0.19041090435171412,1200
118.25629034572852,-3.143577397408797,3786.0096204759207,0.17845615430340034,5678
217.62594486536554,2.664583289690936,7618.867308587412,2.020987861033813,1200
151.00403216002988,-2.1604846118121483,7806.446255860105,0.4527665453353119,5678
216.09071792344272,-0.4613120263888445,8285.813504739106,0.07037437522119748,1200
176.48595074184132,4.8840421361073005,8834.138555953723,0.03061787940801256,1200
222.6480371693645,6.853663461719571,2257.234983061786,2.6332396377196563,2000
220.43424150705937,-0.6297366862171931,8422.225059774952,0.6252870449950398,5678
148.23668117971573,0.3323447585836546,10037.861757966235,1.6181476022774295,2000
205.13176994219032,3.9060672962156806,4260.832457540153,0.05524392264704438,1200
165.01422792891884,-0.15282801504221927,9030.547302499355,0.33114382196056324,5678
199.64628498639564,-2.365465053220212,3822.8270331935437,0.5979048642531796,2000
219.8540385182318,-1.265564927108672,4191.71148584853,0.25199472508330145,1200
186.98969112602103,0.9986913022305233,4890.113692558185,0.04739520445426219,1200
140.2719916930524,-1.6415067851367717,9930.2564336612,0.49827965887146103,1200
125.0307947767452,-4.746796274764012,7679.204681719208,0.45690045513853633,2000
201.68246891469212,-4.3926482858930775,4416.15109950304,0.08819031370809846,4321
180.01527780776993,1.1742655951083036,2880.6167321195985,0.22447466798281726,2000
200.7100929278598,-2.9055585773202357,8414.802340808368,0.07096348350820401,2000
157.18708925843754,2.488951986329197,8423.853176071207,0.9647531757952441,1200
214.4224062558491,3.421850641739922,6815.296279970866,0.7642774716080645,1200
175.73482260843224,-5.0704426993537774,10307.52983919851,0.250664655860941,1200
214.06976828083157,3.125904559644121,9527.091254941859,0.3239508538962802,2000
198.43227334029714,3.067335008769888,5140.521256992475,0.6166857889087709,1200
251.3612364345129,-6.859336388644256,9620.130274065576,0.6765222599534941,1200
188.9457064761192,-2.2309100215107254,6472.581288925694,1.0155880718275057,2000
147.30332547429555,-3.7692495590754898,4599.219668990434,0.07971738113468498,1200
221.70166257033273,3.566465402237699,4458.823244789104,0.527240075467033,1200
227.85614347152864,7.909208851635709,6625.5595735190645,1.3803067122017558,1200
200.09093974342412,2.7839174848279935,5715.496475014861,0.507649153759932,5678
209.397555220923,6.661178682420685,10986.867839157263,0.7766317152324899,1200
181.99852717427692,4.509277119978898,4476.700935204375,1.5935205365772909,1200
226.05938695258664,2.6608226868692806,4531.804237300358,0.0732375526782793,2000
178.658966094883,-4.358971084140484,8575.507995014395,1.0222334807196922,2000
225.49119258919535,3.2851783594780364,5265.702990040474,0.11379660790772758,1200
203.228567968506,3.3152204629872286,6810.0097488915735,0.8866663394034912,1200
169.90420786283175,5.966594105594158,5329.906161853295,0.4562768332831089,1200
229.3895114259811,-0.33022613493495356,8423.302092152811,0.4503210214182116,1200
232.60846818593166,-0.5178568551803657,6990.7158482396335,0.4791616406659766,1200
198.3436246520854,-0.6033630003224457,6232.200844690921,0.11766409371224398,7500
247.5721981384359,-3.3031434767320227,7839.0047353001455,0.04255417438724135,1200
246.50379826600957,-2.303596351542583,10127.942407168652,0.3941593587280016,1200
175.22848928463102,-5.7882687977815905,6291.676607093837,0.7947077513796624,1200
224.52276982434137,1.3923415588584303,2962.518221034265,0.2737709873742589,5678
199.66532981816087,-1.2314694418640566,6215.920613490729,0.9398167985401008,1200
227.23339878331848,-6.903522823469918,6110.290012631261,0.12176880799870382,1200
165.64251742377127,4.537935840516791,7856.106260629102,0.0271306443181658,1200
173.21925675959707,-3.9172643631827877,9002.249417195328,0.0638622474855979,5678
222.37030823621976,5.027591627841907,6233.551558384012,0.07078108448318765,1200
184.10468565130495,5.946402763590502,7176.449944179748,0.5050881787730113,1200
222.35310129491918,-6.240892775553708,2730.5170963487244,0.19507970847570555,1200
255.17297522891397,-7.455685084748427,9439.6694502731,0.8265816737891176,1200
171.85770776216137,-4.022627997553707,7695.298400621874,0.3249767771121583,2000
180.73525162106606,1.2151315764149868,4154.863407238368,0.09223664473397136,2000
215.59081505427474,-4.560570353884392,6968.464536230715,1.6737706992927928,1200
205.50009621228267,-1.2259874755028382,3590.8082551287835,0.4193767813252075,5678
193.2099184839887,-4.210036648942172,7292.580612282397,0.3790914270026411,1200
220.81141063804642,-4.4414493445928755,10833.883774765955,0.06602252070249114,1200
213.34996281536505,-3.4520185891370647,9212.364240272404,0.1414123895096486,1200
196.34511845977693,-0.7219391549514358,2628.718302986923,0.01306725958162049,1200
163.68420462553058,6.9651347573732645,6119.410265374834,0.48732828068401285,2000
185.8290434215776,0.2161949721052635,9671.782356076325,0.17474934808149184,1200
209.45965163063883,-2.0168179002947837,5205.13372098264,0.6274017373535535,2000
220.53405034832974,-3.9404166623825474,3022.094170096855,0.13038858577935436,1200
187.83519851415494,-1.3137775416741055,9792.810965068169,0.5421724475087897,1200
178.33852483280606,3.152050286912104,2448.6263327931374,0.30814752886274827,4321
182.65666368243947,2.1011120439517867,2595.447879739186,0.03537379603966349,1200
191.65873954554172,-3.297781692577708,2995.408082019132,0.9997828496673573,1200
210.4071403392809,-3.068233390711783,2756.0158711269523,0.8441153304131994,1200
192.56908057324895,-0.1296029311751363,7648.854146581487,1.164227512274328,1200
240.34904336775685,2.6805497814578794,5773.65660811409,0.12396378282283654,2000
214.34161206580026,3.244811552169985,9322.934676940386,0.1738645409636641,1200
256.84345271388906,-2.137398741692662,8630.465545255513,0.3298826087698521,4321
189.24204726683675,-4.743562747484445,4792.04792119371,0.321034471609906,1200
202.62285288868762,3.451442201437224,4669.279384637846,0.45161408535607755,1200
205.31713804426997,4.907308952435303,2105.376307902456,0.03228698948599588,1200
193.281064942413,-3.232213411904269,8945.97564709204,0.13286992359451602,1200
193.71164485873513,-9.792101015772317,10263.943460725974,1.2178812844957894,1200
170.3741546232776,-3.9164168337670464,4906.293429081215,1.0176101763320846,2000
191.66795999038754,-2.0840165282814103,5241.661659145677,0.2991991510427162,1200
194.1997740704779,3.83491484032839,4806.2902377965465,0.006946950156960598,1200
144.35216133240067,2.4844880018167017,8190.5768221123235,0.09703461811512666,1200
222.40680725179857,-4.351812834409771,8037.62247994924,1.6089931710976155,1200
224.2162078954997,9.728148068961252,7978.866130108366,0.38909244496263745,1200
207.6153158024438,5.100560802169536,2497.1758791073057,1.7776514445166465,1200
175.86074144424623,-3.833971438998715,5928.894815458409,0.263892514364702,1200
187.8401126465748,-4.074550574522693,4445.237188862202,0.06915068023702498,1200
192.49301020570502,4.909089051702531,2910.6313741553768,0.08204498893977495,1200
187.17035835532792,-7.0583461819515465,2983.3423818362153,0.022148687264721443,2000
244.22207103748633,-3.9193202320331104,6095.144523227373,1.829538273220536,1200
245.98738556182803,-3.157837364229511,4537.54142597146,0.3025968127781771,1200
172.24972173444152,-0.024562974010616353,8174.754077039855,1.0269662452063015,1200
125.35760477669754,-2.483241378381986,8507.216322449272,0.11783565518894545,1200
227.59956101524025,-2.1761408774939826,4402.92577857646,0.2775341074866355,1200
229.52157890345046,-4.41080601739876,3663.9499287251774,0.14300648465051405,1200
240.83780948878592,4.368346325263973,4651.912990246481,0.32463376487048295,1200
202.96721882125485,3.469321867527541,8406.619399725645,0.8769483457361184,4321
198.82536555108086,3.8384411147562676,5244.134134326314,0.18381759754324908,1200
277.7135894786624,-0.13464912319523312,4835.173191987013,0.16183573652666342,1200
219.20707300014286,-4.863506475358353,5313.478885233216,1.130155675460678,1200
200.9936536004375,-1.6703936065508116,8802.644049178485,1.133844622630084,1200
183.9950712527126,0.5408718547130232,8005.201516635993,0.2682113813871775,1200
213.227630305975,-1.4927040974320294,10541.312389617045,0.6500340457713981,1200
203.52329069255194,4.312874915243828,6809.900637691397,0.9777567160634553,1200
200.7384773076514,2.018626134927166,8204.127592286004,0.2280344861803024,1200
232.4096087776656,-1.4197629696081984,5744.795364396217,0.1270186437235599,1200
213.8559914552825,-6.290803783974142,10522.779120581603,0.18309803485423748,1200
209.65265906276895,-1.4412503834954264,4028.4320033208865,0.19413498984407052,1200
206.02453967375246,6.923101667628808,10441.116090403662,0.02363028875366186,1200
227.70433856375175,1.0921293327529022,5437.188813539358,0.05428225574821869,1200
210.09120330747714,1.8740467366422289,4014.4776539921177,2.4048856187394216,5678
218.52208667065355,-5.681412441290459,7903.130382893008,0.13822070837546527,1200
195.2526673162143,3.4982891048160503,4678.655880844154,0.18030450504137696,1200
175.88433154419275,1.1655953092767697,3321.727044239967,1.6031766950865611,2000
176.76835854759082,-3.6293040081064967,6490.454949483577,0.12185882277848432,2000
151.35112028400238,-1.6577682369419167,8021.5488722161945,0.18514770337638264,1200
208.30975771924983,-1.7098619884105792,4862.655974993764,0.8539316767350651,4321
192.5960109809409,4.088264632368947,8497.887431602026,0.11210267927466647,1200
211.37145694129305,6.190336561385292,9374.996960864637,0.3286306367317211,1200
279.7440676611457,-0.932268708122874,3691.8593911933394,0.6822531947194962,1200
225.3204194175721,4.24693050898481,10655.610426655998,0.016513796249136906,4321
213.27737798747765,-3.7414547448834248,5320.9981349094105,0.17157599147664,2000
191.83714280937795,-0.9069395571484633,4904.380367617063,0.8718075343110114,1200
187.25821861918504,-3.4447737644235286,8324.503351039159,0.09744599173571164,5678
207.16290824238789,2.1686620242035954,10320.83988465233,0.35327178807813103,2000
232.83219814722733,-4.670043718381371,4894.36478822469,0.08255738352072431,1200
235.4351661560852,1.889309464036387,7702.243111683395,0.2536929714684185,4321
197.43300494562186,-0.03246531906101464,10958.650309751141,0.39754603784114906,1200
184.8207192452969,-1.7734280249317937,3397.670865675692,0.02071054952294606,1200
255.8403118724369,0.7757082079908942,4968.801359633153,0.046516160400998145,1200
199.53536523124114,-1.439504462439957,5232.331698034561,0.29107490921767176,1200
159.2389194223323,8.896184001886775,3980.9207531875372,0.11653258487793504,2000
220.3973223132125,-6.057577948331539,10720.604613421803,0.17408930221732788,4321
159.84446710597388,2.240343434343829,8545.229572387238,0.5774118960719181,2000
213.4349919634349,4.7120145227035035,5624.487396810782,0.0002940926510724818,2000
228.9877306462427,0.8269248228347222,2699.2576363542935,0.35072674477191246,1200
238.41713539737302,-4.089664266401194,3841.9088563565138,0.7366292198091584,1200
214.92796249890208,6.239136463143177,10945.541591138634,0.08650657138425212,1200
195.5835538062537,-8.61156580061017,3021.2440618307023,0.10939097766884094,2000
192.1760324568869,-0.28590723945844027,4018.4828429148097,0.3562607633719594,1200
237.89503771050164,-2.346721985584437,7202.7887333393655,0.9225486691165672,2000
196.57915075269074,10.632536174481924,5598.202055025527,0.515946461619496,1200
216.5202034368855,-3.2198345564995456,4250.559254170501,0.012215268241510273,1200
199.14543921093303,-6.188509127897986,8798.032373940936,0.27360747606287755,2000
204.11609028345464,-4.029643108399255,4519.863296312147,1.6391659665837521,2000
162.3380855333407,2.9408846542392357,8427.753605631893,0.36682000898431255,1200
244.64767465842513,8.620574177022691,10220.762849913475,0.2927657638787242,1200
211.73137643213494,-2.9368414551568445,7090.1595756894585,0.23178156290330765,1200
205.27485518951647,-2.410166829419698,3006.485519375968,0.4508987268550591,1200
155.6447391010984,-1.3711792137348473,10025.440018781967,0.7338001493772718,1200
223.08000214436393,3.5627907292305987,8111.802265521548,1.209339413211201,1200
235.91727737789324,-2.484547497290167,6641.048815652119,1.6983456897883011,2000
228.54558010450444,1.4519973025221762,7092.709709019081,0.5469428604431484,1200
207.99553311067416,-2.3051355597034022,7701.249890625807,0.21256719722715012,2000
186.15741812649998,-1.326571203941898,4650.449311197423,0.0812148356156006,1200
209.29591622759014,-2.3364413823505465,7620.518686336119,0.17707971217374996,1200
191.28082023731935,1.6809631473264435,2197.5406104541344,0.17440846495396306,1200
196.6273995445694,-2.1248397449234586,8050.447162894885,1.2319933234791047,1200
215.74372587436832,7.1462622591909835,7678.6849367917985,0.20287233558656492,1200
227.03539759696775,-4.971451931144766,5181.398924423766,0.7472255276555715,1200
176.3767707600476,2.2821399047516695,9666.877230793008,0.5138217060564286,2000
167.74602098791692,2.593799235458999,8713.016801245878,1.662384816665067,1200
134.2229004486652,-0.15109142311751225,5806.203951065552,0.23806579050377114,1200
207.87404109056615,-8.49883153224128,8775.448391219346,1.2325489485797347,1200
168.28029071289222,-0.6920467709438914,2100.3023189824066,0.05056547566792679,2000
236.31123758340115,-2.849587022621003,6567.088034778075,0.5577283396197922,1200
244.52496120974433,-0.9730113171830189,5509.857638170321,0.618801934714592,1200
175.29651817539357,-0.7009727906705889,10645.364845298933,0.10692311783617008,1200
200.34320436824652,5.708075121581031,3054.1354079521907,0.6666925632136388,1200
214.95562047061253,3.367111045245284,7163.027268358029,0.49010534526161575,1200
248.56358560583155,-1.9724189746826055,4824.047947544642,0.1363286216250511,4321
154.53171478886037,0.15521283090611554,8041.082913005356,0.23556026887393824,1200
233.0725336584852,2.330890335399288,7179.071280520012,0.9692592916083299,2000
214.95439163504196,3.995482356645407,10329.681811508473,0.4075443355545742,1200
221.07328281881814,3.09233726360173,3033.834370346688,0.06184454521104988,1200
186.50134442507235,6.26866700210366,3188.4264010385987,0.35127587274512195,1200
276.7941321838572,-7.830760604328928,8678.606824648035,0.2396578553895562,1200
207.26286576940296,-3.2757502769585782,5365.762394293768,0.6294815224641633,2000
166.18174751200473,-4.082921688682524,8711.543498546642,0.11483214991530642,5678
188.11160687796541,4.001336145200171,6902.988383156398,1.0137379462669973,2000
213.15908001534035,-5.138166017959908,6541.019978031835,0.08415075209191174,1200
177.25161904287674,-2.5489489465353423,4214.464992168002,0.2509713727424163,1200
245.9063467331591,-0.6760070798256148,2182.2272335130533,0.3721206730642786,1200
173.7442811188947,8.03930868414907,9287.671113791348,0.16097553001948972,2000
158.5381870907292,0.8090578587276384,4712.537272115906,0.6599900104667247,1200
258.36014349141874,3.382813340864463,2315.993684936399,0.2936167327355071,1200
193.1343604223123,-5.135662134299453,4401.247777137896,0.15397372937487508,1200
192.3119474379329,7.258687301513614,4090.74361828272,0.15303360336487618,1200
166.54185161169158,-5.010110658117248,5031.6578272813895,0.11569666541547809,1200
200.15783345907312,-3.148726259593162,3846.463114710272,0.17876383603685375,1200
204.99884119475712,-2.3758137214721398,9960.885130772633,0.04710339955585481,1200
202.60477617234542,2.805933142507692,4495.0032201048325,0.6524658656158292,1200
151.61532571127213,1.9724094770423866,3717.3768955288488,0.24136140257638455,1200
219.35064609402676,-0.5409562031234371,6456.613243222543,0.6406651777220562,1200
192.32272502621885,-1.5190557634988258,9179.720635559637,0.23484926128793598,1200
184.27418521719008,-0.8042785347834397,8566.215171935388,0.5177711596644722,1200
148.2423134003339,3.926954648472183,10866.8536750796,0.719338097841037,1200
177.72610133590643,2.806971438254618,2283.032966336783,0.050329390768597056,4321
211.64231521499394,-0.7420647661095586,10856.61641504517,0.017558480253051224,4321
237.5763035476947,5.329322168376617,10342.581989491067,0.1187870084809599,1200
238.77231649198492,-4.557135237069508,3358.512340961983,0.01837371770398951,1200
167.3263425431988,0.9089483031774114,9255.513683789586,0.25240819222367933,1200
195.40588452923376,0.18911534091111376,8945.619005846538,0.5169606883765621,1200
180.92876702116257,0.42160818912201087,10464.567188877838,0.13975070468010364,1200
171.85878776259472,-55.65866854722398,2028.1082387958988,0.34728118206550196,1200
154.87645497949808,5.322610780996069,5597.101730826827,0.1885461198767495,1200
187.98423419355225,-7.14110986980988,8851.142535058545,1.4385325025379103,2000
205.98306720854896,6.2164827137486975,4590.10013651203,0.699938918608697,1200
253.41895420468808,-7.279078358643026,7868.258970396197,0.04928583199767446,5678
175.06174233849012,3.7783494560198108,10303.190361262967,2.2998162146547916,1200
513.7870843345726,1.238335628669941,2205.336183550139,0.7625421299201642,1200
241.50380331555436,-0.8142987997467801,2782.071716970857,0.41585314257314154,1200
247.82364012941505,1.083305073774132,2357.3141208840966,0.5109866456009211,1200
169.46277479286192,3.506733756618215,8629.507447402668,0.17928737920065876,4321
179.90072205785205,-6.194550940635167,10048.666991530294,0.13936232982436605,1200
219.4254820385375,3.5201880675815174,9997.987940888455,0.6062802023322044,1200
206.63549222420835,1.8455324146809489,2845.5726687680803,0.03133553540067424,1200
158.16727122861352,-3.972301364644284,3555.7551870667185,0.164153323345534,1200
150.20872213118784,3.0926933662846965,3907.3427467718902,0.17022569590103723,1200
229.4137938606197,-3.534393607818713,7601.465668548727,0.3449482350693857,1200
166.73520787111585,-0.8697094999815281,8951.558103533833,0.24385808837340248,2000
153.17344998036216,-2.8954428641420633,7491.14284822145,1.3299961343839692,1200
193.71904823440005,1.1679632680446377,5730.141783798325,0.736227400370181,1200
209.5141518911153,3.5528191160515195,8355.106711797,0.058591634818760306,5678
136.69538786209466,-3.3103552808603864,7667.115045861466,0.6530930150800398,2000
276.4481456303082,55.035627575952596,8603.754491721334,0.08416352759474498,4321
199.64112016685147,0.25803996829791725,6656.51697001784,0.632937837001979,4321
234.57046858845007,0.5120475308482724,7223.328185655272,0.052387434154147657,1200
192.48277482529093,-2.1569927849803276,8326.966831041373,1.8298823811493334,1200
136.3376533542816,-5.147756724300881,7991.052445719542,0.4991652520067537,1200
165.10513483508436,2.1558126669366278,8572.02469658712,0.4866332289282595,2000
146.7825590155979,-2.1596962708947034,3379.1529632805223,0.12188395737228017,1200
125.22644680243823,-1.485455305909114,6281.794088107235,0.2256381651730492,7700
207.03793055411862,7.824070858290275,7796.56278147065,0.9602536971045085,1200
200.2644627776987,-2.7140586102976574,6161.100952129348,0.15020147900942357,2000
214.58427231636384,4.8058122168190085,6145.957900448583,0.34160174866739307,2000
163.48803874722984,4.89908769067124,9120.542356344373,0.0874185252255483,1200
230.36819051253482,-0.1271812186372628,8641.423689422845,0.6149873070065595,1200
182.1964818976184,1.0911283295219807,9962.21293331898,1.6971655063521347,1200
194.7350026342439,1.2620540908099258,2028.300655134841,1.4552651654317805,1200
179.94895166344804,1.185800367420743,9680.200665463515,0.28558795076663895,1200
186.78759205092894,-1.6958664147500788,10084.593424794086,0.36001354432186705,1200
208.55358173944938,5.925122240222743,7973.211205114738,0.32780339730524966,1200
192.62091068868705,-2.795434089149936,3046.1326769788925,0.05122812439655521,2000
218.14391730992696,11.09510369376212,9176.066020048802,0.24665375398247374,1200
190.62972200219934,-4.69163523455859,6748.78384734646,1.018947091758695,1200
166.3207822022288,0.5488203966415541,9769.395418085573,1.225479697408321,4321
247.9072332251984,-2.7287232587642274,5401.737228136042,0.03025176907697644,1200
204.37732635301393,4.892961727971385,4785.061992416471,0.10388405485064128,1200
199.00326364736267,-8.091824008086881,4847.942450791471,0.9734058540378868,1200
208.57933455401312,-0.7993877648236258,2099.534377286565,0.5873757501768412,1200
199.80910952532668,7.817268578267595,10851.327303655038,0.26123035553927,1200
161.04328147960948,-4.970711069487042,6648.696981090841,0.6079543628102093,1200
190.58231459969127,1.946964390920675,8592.686243777507,0.2380432847278643,1200
175.03900537335653,0.12547519911596464,6470.396540316801,0.6277433593240695,1200
173.45820800119182,-0.984858887122672,5122.533151282264,0.2432163982281966,1200
176.881626808434,-0.7875545053804516,10383.073403464645,0.22082996972892532,7500
196.09204600703768,-3.6042826023509456,4874.268262273181,0.4260146013639142,1200
165.63128754319888,0.08699747512174981,5185.964844882786,0.23605401266891182,1200
235.58058959249743,-1.3408881559997974,3047.5791737415398,0.37659691701950737,1200
180.10629792014313,4.539848883135973,7897.020391041244,1.3581647640288248,1200
202.10561167422935,-2.3299989882294683,6208.62549893833,0.12898458311713076,2000
220.1717038563144,-4.691192632144738,10648.38338991473,2.061801834539886,4321
186.80461368367523,6.841799897578071,2754.302344332421,0.28882891835712,1200
202.18808490657028,-2.8211652156834477,6959.326325119901,0.3645561817501988,2000
200.84036354832125,6.982496789314353,7952.633303280228,1.1293218864523704,4321
200.57336981568815,0.4975352562162635,5212.677080349553,0.007091600738450931,1200
223.7932719501796,6.022915721639562,4258.241487304509,0.04333988325081687,2000
192.72888258709668,53.824583601536034,3032.392063069239,0.5781272489870355,5678
213.72351461351695,-8.332401786568289,7686.717368814502,0.2153065047270426,1200
156.2236662872191,-7.099979889190995,9029.635227164816,0.26139284295416626,1200
219.052382040111,-1.836533592904121,7794.527745036503,0.6732461976599916,1200
182.17219661083539,-2.00201288032864,6813.114051633482,0.40278936956772987,2000
152.5491700787722,-1.1689777250911824,4634.4662196023855,0.4658624591346201,1200
209.1741126655932,-5.155378212417673,3621.3944328139655,0.2725000485870571,1200
188.73420668287827,-5.584701970385568,4879.702030152604,0.12366112368786164,1200
196.56252982585224,-8.041631013729122,10851.24146842831,0.0995791084164493,1200
221.28653935105982,2.0247578107299207,10779.226809115065,0.0009530126611007665,1200
250.53121395407766,-0.9934494028100511,8760.58901995131,0.05432821290107922,2000
282.8268878298121,1.6963721807206689,2984.438015346296,1.0479343912747754,1200
285.678805212877,-5.169269243238456,8848.591391884402,0.731497292063488,1200
177.89724964588677,7.667301938479041,8763.813140737386,0.16660781438779076,1200
241.43807717889308,-3.62373741993798,7484.872712270088,0.23322535822806603,1200
214.3976216613445,0.2318247954464781,2287.7414573218366,0.7898816783583004,1200
205.75887349941013,-0.10483218422923171,4846.449257939151,0.5098865287924492,1200
243.31958357494068,-3.613768222406257,9988.758672696107,0.2622100670736588,1200
165.7357543258451,5.012153627201977,3151.9431221521063,0.13791856273780914,1200
217.06705507258053,4.4241725891888795,4477.5110498959875,0.4702929291424574,1200
185.77035140680022,-3.9721204552450953,5372.448308103065,1.1012150995973067,1200
229.65417605844422,5.745024342786577,7882.742273173914,0.5960605735489268,2000
219.39130810989346,-0.3927303519577181,10914.321488376692,0.019478460564749316,1200
202.75921540429218,-0.6031636156031362,10401.964835097404,1.4637070710827447,1200
153.11872508055902,-3.1259537983683656,10020.355717252134,0.5044543896866213,1200
245.29064976586858,1.2110061419979599,9413.86630780211,0.5539442820950595,4321
180.4537528495482,-0.77594455404859,9810.810404168733,0.46884562124101964,1200
271.10668098969256,-2.8809977663135937,3203.907281215405,0.6368513483033458,2000
197.5057085320757,-6.800271029197449,4732.126882741515,0.519537778394424,2000
239.414013633937,-1.7534365514734203,2372.708805218488,0.19177111652896434,2000
233.53745958375757,-0.7628325270736281,4125.883598428567,0.4111363056437237,1200
205.17859834940447,9.051749683833735,7438.496687183658,0.6557892588157292,2000
221.54675003875488,4.868078038393667,9123.959398249597,0.2620172243301565,2000
249.06429887396885,-1.2937313658330087,3561.419217102033,0.31209178246601205,5678
166.1123032354298,-0.1161961944025471,5053.150012364761,0.42936021089316206,1200
253.15032019576216,-4.042511305806202,3730.2017654193487,0.4522259350471561,1200
153.49815727662963,1.5417657814822636,10957.070840871796,0.0860006962352683,2000
219.26458414232812,-2.1733473320036127,10495.58478458872,0.01789585753997794,4321
195.35711367054915,-0.3738492954520935,2951.3784640754584,0.11902083967117197,2000
203.5047358483615,-2.248915362446336,5559.3248084180195,0.2386671014772258,1200
225.28547232519497,-3.611799180725047,3884.9143949368668,0.2663187076016951,1200
230.03390648658376,-1.9240669210101664,6871.995736633211,0.9627964029523487,5678
182.8326789551652,2.0534698916643874,9255.861893876976,0.9250971360134791,1200
219.79403123730174,5.586832880878413,8285.406792013488,1.2364324644861957,5678
213.53302575687465,-8.740788248686853,3325.520134564761,0.7376298937187806,1200
182.90337525442183,8.76116831128578,2833.6974562939113,1.5331049513301274,1200
270.71535969466515,-5.277035756244084,8154.177401060074,0.14344104595813953,1200
204.34081992960498,-3.561288335632694,9684.705233595458,0.35417285030509255,1200
204.72712218888418,6.055468429536921,5152.111961363691,0.24945832291765593,1200
176.855965219591,-5.8964741583647395,9200.903205553856,0.18635556117345098,1200
161.0251175275066,-3.43940309982112,5027.124487490608,0.724751158561473,1200
164.79663314226792,-5.238564996229212,10363.405297434401,0.6535241831942271,4321
248.46879449970075,-4.248321816369114,3092.0491962737574,0.004933635524746983,1200
167.91554270881898,3.0552749881359573,6267.023709443575,0.6518225267485546,1200
183.8202603165938,-1.1388043643713224,3922.867621826126,0.013383320857912582,5678
217.1932777726381,-3.1419758605138157,10558.666894317299,0.3937817899402341,2000
207.24066565593833,1.276512592209041,2961.5984459866786,0.5756790677514615,1200
224.75081475259125,4.461762719549853,8503.976991354895,0.8932568460640181,1200
162.2810816493942,1.4948979241621143,4794.495670880379,0.1271274067533663,1200
160.98544719028303,-0.292520591813647,5143.407494269224,0.01908949391095209,2000
204.35098844205606,10.513547805280776,7892.538234256959,0.6576391411075827,1200
207.015419807746,3.6300766429415443,10122.697396744556,0.1436509798684313,1200
213.64246195290454,6.2407767214850365,7824.68328615301,0.44549539600414745,1200
182.70096798397321,-2.6737861816217587,6554.305440929731,1.6433722048947692,1200
170.8538491208759,2.9450952627016664,6148.900755830577,0.08710877024950324,1200
202.75495332225216,3.98518446716775,2223.591343500261,0.047497459426391914,1200
160.3102847336935,-0.0430385548953417,7841.623425579832,0.5278188240661121,1200
217.5128295734561,4.30380136821567,5113.5571690298175,0.3943546861736224,1200
253.41809699332293,4.779701674974469,2117.776661394419,0.3928776978734384,1200
189.9245341114028,1.7079515154513023,8424.861143749531,1.10471150044671,1200
148.8236739813333,0.4289438522473467,10553.142808237659,1.0697580551751762,4321
248.43739212429213,-5.153767326711684,5549.971140656325,0.9232018703128325,1200
176.28591269475604,-2.7573930338672383,10659.11045393476,1.9703446037382857,5678
252.50582976972294,-4.05164016105471,2635.835210202724,0.2263017516879977,1200
223.2830650617031,-7.443368417304172,10730.398572999791,0.8002721961253835,1200
170.29887444905688,-3.4388506697634673,3189.5671744773394,0.08988517923380375,2000
210.5628403421454,0.6020911594363336,9045.993993941469,0.14213646210243175,1200
141.50722332752164,6.873465080855224,8120.229130739423,0.7668835057357497,5678
160.14622659640878,0.016712893320228916,8652.867379092011,0.2107899383748155,1200
252.24172465579176,-1.7331414435282742,9328.947405196763,0.12023264182272286,1200
247.62990234609197,0.8771208259793788,3077.7316507378655,0.762429833882323,1200
196.52729814669812,2.6282550528230737,10727.501276634908,0.3716929070622508,2000
228.1814772498073,3.210343655438259,10319.123249399867,0.28711269390719457,1200
158.74549219873,4.4627246410972345,5116.990247012789,0.014082660496130106,1200
143.18169779687838,-0.5517775555488047,10615.888656267403,1.1120627096152818,1200
203.79269680311714,0.9824190856043714,9205.646899280544,0.805524740842111,1200
193.61812813591135,0.8835296124466421,6572.78747788447,0.20602368398863385,2000
201.22545013800135,-1.5307619559326313,3296.1443868023334,0.1434741643555356,1200
220.0940088806776,0.1353348810952374,3864.6363419683667,0.019711730979098188,1200
201.32353671210984,-4.012086354799452,9348.982074364638,0.29349825516027395,1200
196.76739928859246,6.153562626439081,3832.979940532594,0.27715716974155236,1200
219.73031450874197,-0.9476735900116685,2806.7052147331906,0.36763733137014315,2000
184.49818914745705,-3.793488676250935,10793.539078180018,0.3481793267273994,1200
214.15312775188713,-7.433897686069548,3341.7534176833865,0.19351828494445686,2000
197.9283510758243,0.6784432397952541,6366.518523244714,0.2589293959389974,1200
205.10105805575972,-0.9484182852190366,2002.6487878772252,0.13848671843843213,4321
223.99786505090893,2.1191713157313337,5737.901486577901,0.2576538397343274,1200
179.56518046368762,3.136093800185015,7102.72892838331,1.0537624277981215,1200
205.87140123282006,3.2288630528213926,4138.099542635581,0.628099101294521,1200
285.6131269138117,8.155923794675761,9487.553080828357,0.17676208129057136,1200
152.59145025191842,2.6392240614324765,7974.0358011935095,0.2343459241103785,2000
164.74364318235655,3.3195384341097767,2894.2164038520805,0.3948055140226269,1200
208.81269575209896,51.89659588368098,4069.7158094054184,1.3661920705265675,1200
240.33340404692518,4.223413535132347,8446.038305113369,0.977627545690593,5678
234.19878261036357,2.133997065870386,3336.3604827450854,0.050730577681659624,1200
170.9391830470956,-1.2509266049289758,7064.051901783004,0.03565178237599988,5678
192.03424215886218,2.590295907319422,7034.486919708466,0.23945939745542388,1200
180.75542832709147,8.603415775880357,8354.436694887227,0.1662092140405751,2000
167.98001799885944,0.9447671492865269,7952.836185222492,0.40036613993043213,1200
140.25569353587537,-4.339635600392731,7674.538883540348,0.5344366038405658,1200
208.2600778076361,-3.6270545295413315,3097.350776628965,2.0390169535139866,2000
238.012317161955,-1.7651928645579997,4338.304959053781,0.5531282446288442,1200
202.09268464451904,-1.9415718114244511,6843.751774701664,0.08837095922411725,2000
204.0137441063789,-4.003564426491913,3889.467219400103,0.4794460176589502,5678
203.60672923837225,2.207542902684158,8761.778919962735,0.164835158390334,1200
179.46636008403567,-0.449998996873472,3483.7133868133924,0.7685480100035202,1200
219.60129030680304,-1.7427887628423784,5743.25357007031,0.5448946287412416,2000
155.62527757882177,-0.8934165236517894,10490.90514197258,0.20356692065469836,1200
236.07450181810484,5.093678664726195,10498.088625476206,0.015515092368793422,1200
192.01624143246218,1.135582174380996,10647.675152618542,0.2034668040132689,1200
176.20056556702738,2.3024176229837154,10801.566597317065,0.07988943777029266,2000
190.51981091825232,4.991456479209712,6867.923275879747,0.4286503926076819,1200
184.97112855356042,2.717288551182288,2499.2400919904144,0.08787027381655081,2000
231.06495416233886,0.9490849105584718,10391.128537692028,0.16415377157941552,2000
149.11833955467412,-1.2192631920070203,2664.313845005938,0.03200726647777651,1200
181.76034460145598,1.7007312249860287,5865.5549588849135,0.45144926317180395,1200
248.22601828716785,0.11610648509281224,8113.887566051469,1.0376416055368156,1200
200.19585554016996,-0.2908783937953679,3144.1916149435806,0.35446925071149177,2000
188.24479778864273,1.3667032186430257,9654.606532973667,0.6808449027761131,2000
238.3779570171606,-0.6628371789603213,2438.395857277991,0.04234033801341948,1200
213.76703279931453,1.8883107605232365,2896.1271520889004,0.8132127484344702,1200
168.84315202300675,0.7605540346047476,9791.72575211196,0.09970889726195198,1200
204.69185490840877,5.147407113062194,3244.561410998232,1.3657632148252725,1200
198.85966593278908,-2.79533792093997,5233.586223239381,1.4913798682807764,1200
227.80527576780406,-6.446911930900138,3098.8447444060703,0.19936878923136475,2000
164.9007520648802,-3.7778387349703326,2989.881513776822,0.7292730978273612,2000
197.86112030580927,0.13111180810590506,6232.976717912913,3.524460676388735,1200
172.58259849045592,4.568047591581198,4700.5279686550775,0.08023543638083157,2000
211.76895964915818,-1.548075896862946,6415.692182451369,0.8286945376507421,1200
188.26086422720664,2.41199136056624,6733.110400474366,0.8895621291579429,2000
160.1216883428982,0.2289838550833208,8725.854104395676,0.15025070335241245,5678
174.16719479352057,-3.2842386628284697,8269.919865786811,0.2469955673090188,1200
192.24835568163377,1.1757040488906347,5785.440505724844,0.2617622001585192,1200
131.38217604990007,1.1093377269882576,3371.959326127014,0.6208378488033094,5678
203.77632693484873,-1.26636432115371,8838.176272973398,0.04132922264693563,2000
236.90099420933194,-4.389602528388586,6791.231326096757,0.32008001595280644,1200
228.50708401269927,-4.147673407495315,6756.47454746262,0.5384900688037569,2000
157.25395006155955,-0.36731231030627615,3622.764539655568,0.06645098049745504,2000
160.87386384021002,-4.091520223145764,9699.869644099621,0.30534182345939165,1200
169.15216604598032,-0.2991427720895396,3489.1602551310816,0.3193928074933067,2000
153.97268681725413,-2.2065615120550515,7355.592149781745,0.028077268387891298,1200
175.0191278732755,-3.5094775762260766,6004.996439884747,1.2986653610516887,1200
217.50272935817765,0.6807664470663582,10904.7336798705,0.1980253717657995,1200
214.35416792747242,-2.9959751314744123,6035.482102632352,0.5418893823845321,5678
187.39979185979354,5.248801956374159,4869.267795035915,0.555827716446396,2000
176.64261386911383,-3.6807083363619895,4828.525605497207,0.19078000704630477,2000
208.12526608804865,-1.7117917756063896,9960.671770895638,0.2820091791016518,2000
222.12472610882537,-4.269979052942355,7985.549823515554,0.10495259031645174,1200
213.72168918156075,-3.489107203411789,8747.899775454764,0.18717058575710638,2000
192.27449468217142,2.82126129210325,10112.341122085356,0.7461134754568216,1200
203.46277196164675,-3.00934552636057,3908.57432790838,1.4117431271614762,2000
175.6785510852664,-3.751975963054353,7632.84832634184,0.15419753366420744,1200
198.09122145864163,-5.420392161697103,9088.164962352752,0.6707800352332439,4321
228.6632586923578,4.513435792600762,9186.47648059771,0.9056980532873844,1200
185.0982946481624,0.944427208649103,5158.399094209539,1.4136083037746394,1200
204.01526820775868,-3.181461009941302,5341.591632309827,0.3574115146186218,1200
206.2104999520219,-2.7576637704642586,3692.815888915821,0.2884661172761568,1200
207.3946840495476,-0.20532707140966572,8491.74241062484,0.054686438226847545,5678
211.7051517410711,0.03422684314824566,8298.327885918749,0.045277407807428366,1200
240.18089905709905,3.245530070866965,8365.764891676863,0.25267745125684876,1200
206.4894558926898,1.8458264521552274,5978.949156157378,0.5843760749087248,1200
235.09591484023693,-7.750300808150388,10485.786359964488,0.3909182603707692,1200
193.89091703649697,2.928089911032575,9965.767172482614,0.050389291420537226,1200
201.88632860687298,1.6186840397503692,6291.342605028734,0.02419393768748314,2000
184.7183930350469,3.8204421332049603,2525.779397423927,0.4984978765286986,2000
183.45909951951504,7.45479893122845,9573.922175086795,0.07282551990028034,1200
155.8272905367192,-7.575099868168,8877.235988207882,0.719145689213656,2000
240.32405194917646,5.035530337227505,8075.409214193367,0.659663829455346,1200
175.07254203528458,-4.9187615539063145,8370.080835106717,0.6836471975648085,2000
180.4102027840288,0.8694709061177135,8027.132484625617,0.743645501299476,7500
181.04205144535518,4.25125611143967,8269.883508961975,0.21115343290576868,1200
223.98556400786995,-4.175910670842101,10614.726465921207,0.4000098300041809,1200
191.92234071383413,0.5049353698734268,5266.116172647985,1.8224480836976915,2000
246.30705930501136,1.8043993539189145,5035.019287223692,0.7022097871944977,2000
139.09936051985773,-2.659719048026256,10968.703499674795,1.044247238945408,1200
225.64826508808795,2.5499151714079566,8549.415845508003,0.8036287162198524,2000
185.1232583177286,4.782880385851039,2669.917035048579,0.08508212341892527,1200
142.86402632181097,-0.7540183504436245,9156.893113728325,0.0615383118751794,1200
196.53997591814644,1.2104229750647084,8144.396738763531,0.4204430165687739,1200
178.4915222830474,1.4436822852725941,9201.71573725388,0.5763306185349761,1200
217.37754818365778,-0.8764692400002168,5225.692271221855,0.0758062505469792,2000
211.12965777628096,-4.224115600407666,7305.550518795208,0.35378902350880653,2000
183.6177914948883,-67.110233186695,9228.652307075863,0.1953094403101157,1200
144.1410073069522,3.940186761658324,8064.923983297658,0.27112085832392907,1200
191.57120414461963,-2.5922583466861053,8175.013131769186,0.2828907205830253,1200
170.67454427290767,-0.5688744364980883,9537.755484508481,0.7685800399012387,4321
219.92792786506095,4.32656926828704,4120.59567601694,1.1655990538013916,2000
146.14207608642857,-1.6179858562534095,7831.120568851437,0.11516541272849407,2000
165.71080155071752,-2.4200130790838523,8802.129204582572,1.1486530407642188,1200
190.28623750144862,-2.568800030693022,6038.561107428829,0.6828312528192119,1200
216.67003370664986,-5.094969765373517,3628.9253822801757,0.39627962971208497,2000
212.83838687983854,2.1536644641668303,5165.6083246589005,0.5220779099195807,4321
218.99892810609987,-5.347186682648286,9489.397373974974,0.656863218039162,2000
191.9845277065733,0.9127864363658924,5672.555683749175,0.08361698738187759,1200
202.88258699263406,2.7337548536221328,10776.819833554477,0.2331839823975529,1200
232.68821652102062,0.28294180375049216,3676.0772881572884,0.1597040833684786,2000
183.4840423060624,-1.0029579764280956,5779.964022749653,0.2957347046422754,2000
229.43492863072603,-4.339846260800861,2796.7215713890296,0.0524761361217086,1200
220.306031305944,3.881651571459203,4907.219079697482,0.6222924247176695,1200
188.11594817206134,4.850817731648143,9956.744926104764,0.4718628831649725,4321
170.26136707974666,2.031501237105743,3536.3163622012335,0.17295371277112892,2000
178.46989004858997,2.600114638457825,7926.6909612096915,0.5855160607621082,1200
215.8057074775361,-1.1243854014065306,7522.953204185654,0.26070051308998465,1200
178.02809888619097,1.6142368902316935,4286.227126064978,0.0067761194391609105,1200
153.59185894068239,-1.5536851782932393,5861.759968322255,0.1310169233701813,1200
196.07278688908667,-2.9413358322662213,2108.085583525831,0.07248834823618931,1200
204.233991466499,-3.2567537875234613,5343.231636187655,0.5181060037084703,1200
212.26902496649942,1.4766943900501848,5650.704131254135,0.8752414398912446,1200
158.77119848917584,-8.47915534735674,2958.1577733393624,0.2537363630119058,2000
195.1354151808692,-3.9278249280705184,9895.604610280745,0.1272671029751768,1200
192.02193927673486,3.6078443432932774,4027.312608159852,0.7013174452424451,1200
217.76429349293784,3.917171500026093,9023.861351457927,0.8462223984541196,1200
203.90798641079104,0.4365108101092575,6015.338234533116,0.44261702070468195,1200
170.6986853624845,-7.69490362256005,9586.247310389626,0.6448419499509529,1200
187.17202845700612,-5.115893939521125,6967.394179624568,0.01630645723967815,1200
230.94044809242493,-2.449579197707433,10859.65993439604,0.6765894948955069,1200
239.44953367452536,0.8277372411997951,7994.431439322376,0.7579531803513478,2000
151.10720076871485,-7.564253276354343,5518.104983263322,0.2360144554751754,2000
190.97538517754583,2.71163052137354,4060.973917820224,0.19494451032392648,1200
183.13349957244372,0.939050859489497,7999.108201832669,0.13280665056788454,1200
214.4745430682068,-4.608983616771744,2484.369606420451,0.01384847752088325,1200
157.83738398526532,-6.380051960731328,3801.6942287739816,0.270429459936008,4321
214.18787511125558,4.509044022448517,8251.215111869606,0.6932907625260828,1200
173.75507655448203,1.4309146060655318,3640.1604827890164,0.2180688671815787,1200
218.32800098280237,-2.8174077639841997,4520.94318199697,1.4179553420576128,2000
143.00475335808946,-0.7483405381095236,4945.533533092504,0.02904887059251892,1200
209.56213197660955,1.572527239380913,7265.432860042227,0.008960374450450226,1200
200.536853230253,-1.1717014321998775,4964.3833032604125,0.8909296730508013,1200
247.6579806017304,0.8013296550984089,4995.572654803772,0.4602482165772462,1200
210.74537856478764,2.6229471924616554,2735.176696132261,0.1812316155638209,1200
197.03692379069054,-4.230991972556899,4777.1463919370035,0.6580203084347608,2000
264.09346349710086,0.2960219350508535,8216.084775023159,0.39475976901554205,1200
201.11270692496433,4.8853742990161555,4878.378297512825,0.9287835384225906,1200
146.54542288001258,1.2055581848095809,7381.4060719152085,2.2742497493582867,7700
196.1868546204604,-3.0769733145778577,3156.7223741994712,0.7105092681805474,1200
182.74422516617483,2.4803195927416457,9973.98717913418,0.03607750068418653,2000
186.97357950404657,-5.056779885793621,3566.367174668489,0.6495179570336079,2000
219.42518503731395,3.3323294577954616,8720.283407109651,1.8813348071319178,2000
141.88201749591548,-3.9719235810617355,8910.411381727685,0.070605085699976,1200
126.70298781687409,2.571043947366798,4760.653963898248,0.4955424631706933,1200
194.9364790745369,4.4625761730257105,4782.061625175156,0.2533184728647144,1200
215.1702616817444,0.4394450618801868,2933.340148109445,1.3908670641898935,2000
177.00135152479373,-4.150930587155627,10040.83894977672,0.030129552976405984,1200
174.41484776555725,0.20651082919608071,5852.385511336524,0.609222566496295,1200
198.05608288681626,0.6500748215231815,6916.898846336476,0.5451719555384577,1200
192.75884155752755,1.0164663943880126,5471.657735168863,0.5278796793395139,2000
222.48352564911238,4.343786293945133,10375.030672139856,0.08406156543918218,1200
173.26078733857145,2.6779954826264043,5088.161911454986,0.06303898100225783,1200
187.85971633572854,-6.395497858220511,9731.382377665755,0.02865515660492064,2000
197.49265291417572,-0.6828138616990412,2949.586334892553,0.03767150247874894,2000
209.04142937067155,5.026394956304396,6058.296955273456,0.5795881380896558,1200
218.57612241508951,9.568554448087987,8732.145901961137,1.463869634463263,1200
180.0862000432071,4.7907330964523265,4542.5573612422195,0.37405843760771135,1200
207.09551050483344,0.3098762838805219,10898.72346556288,0.6196255220072746,2000
225.16271485367864,0.13166143997338484,4394.015293650054,0.9663937970530707,2000
176.183425441907,2.6153211875545606,2039.1127989708846,0.11299941974065622,2000
250.00984367311622,-3.343642162509781,9640.700927233209,0.12553436966791567,5678
227.14962959973897,4.651649688645348,6292.633605952936,0.6094558043755797,1200
249.5843731044743,2.2149892581286026,6737.9118992409,0.3017938110852224,5678
183.94911436450164,-10.385435469133778,6610.388587984919,0.3767531051920423,1200
191.11875714279122,-2.8786304334932464,7648.308739555433,0.03863553841944138,1200
243.88961973293755,1.6223895946328797,6618.710666550834,0.1715046771019346,5678
253.26890780161847,4.1436668691082765,8578.681400911402,0.017379356763539664,1200
218.65654990489918,1.0517744722327669,8036.454121934378,1.1314001158083056,4321
208.45467684193875,3.223439788089031,9278.738035033686,0.8996927189192192,1200
199.34126996771556,2.8299932289348027,3678.9924512781736,0.19350471871455963,1200
161.09063386532796,0.6723525105906106,10979.69671399425,0.025377024853239668,2000
165.767103477183,3.3911550671918005,2680.704162369751,0.5127233764633313,2000
196.3483512434415,-0.3643653041482993,9122.657406803872,0.17065043878185224,1200
120.51066851984554,-3.4322735774371687,6093.055205053657,0.5553958870408209,1200
211.09218570689964,-5.169677433714799,7849.664369587039,0.14120508545682123,1200
201.1832135143237,1.3411498848507564,3722.1549694516825,0.6849544988280433,1200
203.22510884681097,0.2994475135517352,4727.706981481144,0.13264942119184808,1200
219.65768931023038,-0.9858778322694295,5850.367022804057,0.5621426944426633,4321
157.60052898818032,3.984149016257532,8161.18014966126,0.5595125103240635,1200
223.5525244535936,2.938569672270134,10646.741794741509,0.11408480436135539,2000
231.59507798976557,-1.0179242315982164,2652.9410978515507,0.03132798028601345,2000
170.7085019806345,3.0679777588048798,7521.092524501063,0.014140258737174853,1200
161.78731340846136,-4.4009776528920765,5397.07160004331,0.6776914830216539,1200
214.9862632096662,2.6804053789713325,8362.570494621727,0.8780107772371688,1200
145.03758666685303,2.626280149433968,3056.0505308231623,0.0509324940931431,1200
203.72505118500723,5.632137622202484,10245.696114340413,0.009748475030702766,1200
185.17808876572886,58.8326666377272,4458.452080808876,0.837621727705078,2000
251.0749604449821,-2.9827976085900287,10006.495156701661,0.009379346862340631,1200
112.18399430754981,-1.6611383490145835,4265.163404474895,0.9770216889847532,2000
238.5996413240486,-3.024780674075446,3148.4535346988296,0.8208532427605685,1200
197.7324953781351,3.715098487815995,6244.780738379375,0.8385382798643677,1200
229.27178844914093,-7.856658803724959,8701.087269730382,0.10312379597833646,5678
182.66634139404775,3.6742457562641264,5331.20587718325,0.6028263993617656,1200
191.5628029812619,0.2943671108057272,3592.423882135044,0.6396948990093001,2000
177.61178328263378,0.9284892019769877,6384.147657800649,0.5764139860779961,1200
168.44029395554494,2.046609615602613,8888.888476405431,0.09478087769069617,1200
163.08434215827992,-0.09449159482244618,4638.5740451594975,0.21001719631972637,1200
209.25900657080504,2.149102122667293,3274.659497574138,0.07523587883981346,1200
257.0691147625097,3.9058976441721645,8211.73234516821,0.08836417124385673,2000
197.38538821108364,-7.009025558071357,8701.316522863559,0.16728519802819905,1200
196.32747367469065,7.807217931001477,8129.503296736771,0.8317530708614457,5678
208.69517787707596,1.7247517590600945,2434.568741523893,0.6967176941958192,1200
229.89393672172727,3.6640616795082366,2859.955113813655,0.6771816778880703,1200
183.82597159705978,6.853104113043664,5284.697089947076,0.0553968715547004,1200
174.8213944172783,-5.416154794259378,5943.874999934522,0.5985680678218045,1200
185.63479514294804,-1.8741894475292926,2800.054589526816,0.20856184792559027,1200
227.2180911904114,7.526147754983002,6726.188597578876,0.8371597903112642,1200
202.22454955920924,4.651556021967918,2278.877861134502,0.20645025729372665,1200
156.07804148412606,-6.725048932391715,10932.84558124675,0.08059712297012371,1200
218.6934758081191,-4.778618016442533,9837.374362292061,0.786870847961303,1200
162.8864961992454,0.9951207440543001,3953.5462886556497,0.07129475543618807,1200
223.70099353607338,-1.828259543321386,2101.1528811378666,0.09678648237120765,1200
231.46236399200185,-5.156496845761308,6029.220432902112,0.04804135903012858,1200
191.50665730875437,3.1838891177841964,8233.330836373494,0.20295504701758812,1200
249.09520790587928,4.898961780500658,7144.3844998151435,0.037940440538441485,2000
251.13985945327653,-0.6512438859091868,4740.165313758084,0.31734920041341874,1200
190.37660567280452,-3.7444008109867406,4743.981259511219,0.3981493052868157,1200
224.57341853567684,6.436909975444636,8585.531944355898,0.17098239335832607,4321
265.952033683863,-1.893694412049149,2700.864692887206,0.49117906673610684,1200
192.6408241494952,1.7681897961046043,8470.796509441097,0.7217338767941662,4321
167.32312612181624,-5.875796878208421,6952.898833479705,0.3090248206172025,1200
164.32133584695677,4.422378064925099,7599.920314593415,0.20592590893530474,1200
233.0326926251331,1.1627489583701343,8633.63948771546,0.43776671148884555,2000
162.10508172028403,-3.580888022998375,6789.9713789161015,0.5521740681385567,2000
194.02178516602504,4.0680360758923175,2789.530286771454,1.3820937741001533,1200
186.37930188524237,6.015257126204801,9954.140560428437,0.23907243568200165,1200
210.49369477535774,2.348634645558349,2953.8981445849536,0.7027761738650922,2000
191.6301066286107,1.9891085262323325,5447.5468867928075,0.04528365405013667,2000
211.28369581694116,-4.271499321798357,3107.1119861337784,0.2937895649565277,1200
197.32739508178494,-1.7992317998515492,4826.89624729854,0.12549239184315347,5678
186.5649847371738,-7.245633822613215,6961.571796568882,0.4473271955051346,1200
187.38595556439,6.451619705153421,6543.986225994747,1.066138024656906,1200
178.6940081485097,-6.4876225881473495,6316.0601900757665,0.06348894958951128,1200
211.5631252701053,-3.919097205484229,5963.4708995661185,0.11694814822839172,5678
231.92929375213626,-10.81732381785951,7775.75222547051,3.115521517383718,1200
208.81044477761967,4.164581550505796,4975.617730400034,0.23950114153159677,1200
156.63501341554013,4.1311846046876335,4601.366445089896,0.0027905121375355574,1200
219.1866618151852,-2.8918971287569883,7576.277399611589,0.34068480897628195,1200
191.94323597133356,2.959992976609953,3123.602787662077,0.6538796399977158,4321
178.07411365349444,-4.905457124453176,10756.464250891135,0.7191337026336981,1200
178.68165204636497,-1.313693437337182,8697.176686063547,0.2959097343085545,1200
164.92218960890747,-1.3474032677801628,6127.528477448032,0.5882314353757938,1200
254.05940453650425,-5.982816623081884,9062.549868196173,0.04880216789810628,1200
201.5297006314392,4.4067441547159545,10292.344745295626,0.13507536121343802,1200
162.87997003563783,1.3201466324500866,2864.665013330623,0.1563048203203568,1200
234.46087514992655,-7.202268444371998,2044.5862764494955,1.509462947267514,5678
280.10334301947023,-4.252046304135893,4070.431481396259,0.01227525036100005,1200
215.32401749066605,-1.775442948240049,6838.006676076929,0.11205154896295812,4321
195.79887887839774,-3.4834731585332332,3231.0079134957878,2.847980514522612,1200
170.24475247891638,4.2836085878725285,2052.0579694274284,1.1920331870071945,1200
239.35141360500904,1.4553100186759482,5531.705423801261,0.45447039630642405,1200
224.81123443533667,-2.683923347722239,10068.787903166733,0.6114499381710504,1200
179.30173031365308,-2.408672095713324,9830.618818916077,0.023354384794980247,1200
233.25328228065007,6.76511918327032,6155.872214221671,1.2190579567850657,1200
194.24702719850956,2.0625924548289563,5472.4240534836745,0.5002878757950219,1200
242.43105982366222,7.672176865225306,5519.039290090683,0.04541257397389315,1200
218.25681527566266,-0.5997279220876385,6035.318266472341,0.33958662005147283,1200
211.8053491471353,-1.51081931508665,4802.704949822655,0.24766735294438705,1200
160.857467462363,-7.091951380430731,4972.801009449764,0.18972675490022758,1200
215.11139113146928,-0.628065029775659,9893.548125623402,0.0004065061697391802,5678
185.63907649044143,9.311668807866319,4096.747959525432,0.43181983358999576,2000
240.8534594467294,-1.8825406024699598,5036.101757133201,0.3436318738268382,2000
164.15417387781503,2.2418701191307777,2702.1424053812866,0.9055048985541893,1200
237.99638425123692,4.720378068315873,10588.506719774776,0.4226967478813324,1200
185.96740848987372,7.2812908645163334,4026.7331165467676,0.07307289185284005,1200
170.62391292356546,-3.0804291099622696,6673.409999135056,0.22729533062229212,1200
214.6796683983423,-8.562672782053767,6267.846111126441,0.7465440311615499,1200
151.11685514614385,-2.1848454182013346,6640.397805651673,0.1491055380404964,2000
178.5760640887875,-8.144003678353807,8271.404960376027,0.377995194166337,1200
186.0491335822252,-1.1912520982469263,3286.966793501694,0.03179496336352703,5678
191.45751235077947,-0.48477158369932966,7734.300362536564,0.380573868302542,1200
195.07956912218887,-1.247293020940712,3422.82518658154,0.9494594507816667,1200
193.9913492484591,2.132024337930484,6359.108940783642,0.3993212588318044,1200
183.82906732979438,-5.690907490123198,5053.710563441024,0.19935346338633733,1200
203.87337234285826,1.338676397601287,2755.343148012589,0.014587977952069404,2000
219.11379725334376,1.0177187249440616,3260.9746700603127,0.739166905793396,5678
166.082070556523,5.218220053146252,2476.5710417415594,0.21389199194374184,1200
241.40322718368873,2.1492235213745614,3989.1746195598325,0.5095660524132284,1200
156.8646972086766,-68.2027262965385,8138.04461240194,0.30187487930021467,2000
240.10693739623952,-0.9717563982342776,9308.379296118477,0.07901133584381388,2000
183.67190184638156,-14.546970305824221,10994.356073637575,0.19916060338655717,1200
226.22864757143165,1.0328233862273,3502.726324861518,0.7693686584919888,1200
186.80404930050491,3.8525006047647543,2841.052104047053,0.22821645898394075,1200
243.79492812629124,1.0610503313614845,9459.116520440104,0.2504156920804179,2000
146.9568098435468,-0.7677041859725564,8004.4175398945845,0.03411691341673579,1200
186.0596308792753,-7.342652199254897,6253.480669410795,0.037654775928872834,1200
169.9325240617071,-2.8096868578710175,9362.257172693502,1.430687539374297,1200
157.6633008137488,-0.37066885446022774,4744.748754229346,0.24715066288500118,1200
234.74634955187923,-3.5178544947019494,10841.744206745427,0.08948448627516116,2000
181.02951814283227,-1.0140434018275912,6259.455497260727,0.3325470686845416,1200
188.88720488040698,2.280993602924359,8028.396372045844,0.15403853654710267,1200
153.82149671483288,6.4644846989158715,3880.622870240828,0.1397884631022565,1200
211.1618018665907,-5.597082380442386,2901.7524631635406,0.03405346518410462,1200
183.0515461415149,1.9216368879765717,2220.8034496260475,1.8901556366253514,1200
192.46875804225388,-4.146485163178023,7198.482803094746,0.8603723430398689,1200
163.3925393411971,-2.122726361130187,10161.505336765887,1.8958703913520836,1200
239.11709642214726,-6.194428753760472,7540.149096691604,0.5764182427600995,1200
243.9985396632843,-1.6783140115380257,3126.866037101252,0.006636803409155445,1200
212.82636968476095,4.94265894155891,5052.18670107905,1.7416984914925506,5678
205.2514465059577,4.7510053738434195,5963.552838072885,0.062874782725831,1200
220.36545902631855,-6.677371886524153,9472.516903709009,0.3443991031164546,1200
241.9619381298905,-8.750992735558487,2337.642144234255,0.03544141892005725,2000
157.16092337687556,6.863409753304968,2709.8193372166547,0.02408411972588058,5678
119.79292340392318,-2.225455803888744,7074.383967288192,0.2977740857320075,1200
289.9407251538087,3.729259271202359,4492.373897515344,0.0880575017073446,4321
128.33258142646736,-2.708228355630094,2233.5177844151285,0.09390771810693649,1200
183.17445095978823,0.6860761405340794,9069.21094459898,0.17841263374442254,2000
207.57881156812996,0.27666640097419876,2616.7224432367566,0.19741922606057152,4321
205.4025415401643,-5.172911149967551,5968.989231940857,0.842904976084608,1200
194.52832048411608,9.8311091021976,6258.016578148802,0.05525161875066741,1200
223.09610659709102,-3.1603630483705576,10783.057297430125,0.8499951290570811,1200
198.1286000840814,0.24072556532651151,2933.1995238720783,0.12210746103199083,1200
178.6525778436098,-0.5921913616038422,10286.285595667609,0.2119558792143797,1200
209.78628278835166,2.3444092997916024,6768.828605775682,0.2320318119470574,1200
157.69545579660766,1.2325684224879214,9089.31160177107,0.06716354662901036,1200
242.6336726162712,4.109427355612126,9420.779275919078,0.47434835678216913,2000
202.8929145776843,3.2421144526302843,6672.702854496717,0.5765940468406702,2000
175.17077980011442,-0.9023915312895259,10795.793394735438,0.09171136998493197,1200
193.80650401623635,8.110122051396335,8638.570264018525,0.2523747698447154,1200
201.768133792676,-4.214650240805303,4784.350233522617,0.008261156266772651,1200
190.3980119747799,-2.690773717345498,5465.405598753073,0.21904173253704878,5678
259.5694974085694,-8.75326593767485,6134.57822544519,0.11689177479230822,2000
191.76690811920977,-1.9945677035586244,5759.213781581137,0.31347349915835815,4321
145.5962042718323,-6.127586136726026,9799.836982107143,0.7937555777511578,1200
176.22607976768558,-3.7725497296769084,5591.218413945788,2.01506502565109,1200
210.80940560497703,2.303803555792503,6648.435068006948,1.816388086462903,2000
244.47445318942698,1.380392488299795,9112.812545956433,0.5152073939204636,1200
220.21917465005518,1.7844285094724097,8388.873442413582,0.07160080844179124,1200
165.55381111685014,-0.054812332608653855,8980.436356585982,0.10569714183935935,1200
161.31637946614813,0.09880412522096559,5062.726161510813,0.01020551673555749,1200
175.32699751568364,0.559682551566658,6122.8016904843935,0.5310398450995953,1200
138.0483515262643,-6.1757530963455824,9315.705433330348,0.3389926950632854,2000
254.61712855440555,-0.12695855832304734,6237.541884379621,1.080697416680164,2000
199.25808173503665,4.538872260632056,5712.154515315473,1.30211371980339,1200
209.48888596966387,-2.8638019403072583,4594.431385653308,0.3040620069221046,1200
223.96239003883574,-62.3232441315555,3602.132257204088,0.4276021713943256,5678
178.33969532908853,-3.913886164390262,3145.5465065888147,0.7253771190089037,2000
192.59760967417503,-3.021842904779027,8609.351806868053,0.6445720189571397,1200
175.62657568490667,-11.311146274916497,9600.387938920258,0.09090927504991018,5678
187.55375044315844,-0.3278931613487289,7897.064717678864,0.7019045047614952,2000
209.3400709672829,-2.3700310682603534,5388.548044461058,0.0743251785133448,1200
183.96978591699133,-2.8498362036882057,2572.8239329891003,0.3878508320204765,1200
211.86451337827532,1.1053619445915857,6764.232049495254,0.37894194249305707,1200
208.75637863110308,1.3104130165005063,7022.748606826189,0.21720036078886104,1200
226.57844474831478,0.10389100999066489,5972.704510815007,0.3253566929556909,1200
262.4002411076683,-2.3311574690693306,5743.210765984644,0.07692498260214418,1200
231.91567712099652,-5.959149709315837,4702.937372192529,0.13436686101162373,1200
195.18704114043896,-6.657832619656459,6178.505974056834,0.24695393944481797,1200
177.99936415494753,-1.0829544020880828,4526.423542009047,0.1414286755940565,1200
207.8700772656969,-1.117401435903261,8507.644076061286,0.20200389055972856,1200
169.47618183147537,-1.5054468059793649,2629.1584195909695,0.04986615583131731,1200
140.02406952985933,4.557626418308871,8054.6032722911905,0.249832926910858,1200
237.24140511026167,-4.522235794882173,6984.610381674911,1.874500415901423,1200
174.7148570495034,1.5393602568836842,5697.118758287469,0.15106062207995394,1200
227.17981747538443,5.496213805325536,7108.343774394604,1.8480012696249453,2000
214.97914266273833,-1.6524370352576545,2647.2395302994873,0.427999718337163,1200
208.08804913641185,2.041385575312747,10407.378750894428,0.39622319291207925,1200
222.4272178059222,2.1779813056953308,3238.8936069057127,0.2837270275087599,1200
179.91620752142134,1.8201924389402908,10853.83872876163,0.015482801664745761,1200
177.38382875187585,5.297614118809338,8154.610908129711,0.37212104381944455,1200
136.1668309009528,1.2053904149048635,6001.892648606602,0.7910300603974935,1200
227.83492896016423,-0.49981564380028287,7081.582713304124,0.7023469584443701,1200
244.8260226222035,-6.448447036146053,9209.583174319767,0.27018359300951483,2000
223.2218483098695,4.597814337713835,7326.725754540177,0.46172319988438976,1200
191.03336951769688,2.4778167028126195,7037.097799388991,0.09796070994654398,1200
237.70243847051273,-0.13318532857697568,2054.231113063187,0.10472293939004138,2000
242.59271567928,-0.8937132162464267,2429.6529808768505,0.34815758413565534,1200
159.31681225143532,-7.818984288533099,5079.2876146666795,0.002506147337682473,1200
189.0531986591734,-3.1557331407027602,10982.24018583231,0.2449927929855149,1200
148.62109499005422,5.016930018790038,3572.813790171481,0.09667523392640616,1200
160.64457445616048,-1.6851250290846713,4854.493324446543,0.8084900146843839,1200
236.6036247424977,-4.820388769739917,8039.211306232612,0.15407578411206446,1200
215.96975452559658,1.2451920495869233,3315.9578891259744,0.5602763970846586,2000
192.40305121848448,-4.387464303942239,2665.094950334343,0.32926438714913125,1200
182.3421197675674,3.9318709072162252,8160.071400156877,0.6353023556791939,1200
166.45298357522313,3.8356492334783456,3836.1210901725635,0.8109596775272274,4321
216.33468876647447,-1.4747522822642891,5158.828482597517,0.1181565099521852,5678
209.05063950578668,2.4261448434019592,6599.4948512845,0.8501328650564767,1200
233.51278063279986,-3.386630691925802,4803.95683835901,0.3551095717628445,5678
215.06236071500885,1.0565493278680855,8030.452397480466,0.25380012189551227,2000
218.6337641601723,-0.9263435026961355,4551.173012908073,0.4579726305019312,1200
189.86988833359166,56.571675787899466,6984.062175897536,1.0030152414238305,1200
185.01619526868743,0.34150007372436764,6812.631784607642,0.15626374340382954,1200
197.43780801875002,-3.1508169464470965,7432.921058395874,0.13720422160870033,1200
166.21210990229713,-2.1016967339599364,8128.887270497403,0.03687288735297888,1200
185.8120410991236,-3.0513382229585506,4019.443931542328,0.04232089486285924,4321
205.88713521185906,0.3102197131931719,9223.024226126076,0.6416191257601636,2000
203.67881388525205,4.767326991632584,2986.710601395404,0.753104594723306,2000
222.7083589549401,-8.40347624322189,2537.197383111625,0.707772477432131,2000
209.30530395617896,-7.843055163793516,4623.225186959526,0.12160088373216088,4321
210.9443759055448,-2.088120773985338,10799.0296247857,0.13690814044570176,1200
170.8027139713227,-0.6665885374364215,4142.349662412336,0.06385449659138782,1200
299.05209360956826,-0.10805482613782477,2960.669775446212,1.152909957308845,2000
190.80619197556115,5.669246769663893,6491.943231631221,0.5203888600610074,1200
256.890785790067,3.8807279703031576,10395.214940058122,0.22551095281856848,1200
152.13639519559263,0.6783195510633734,9046.711838255489,0.9940224734654197,1200
217.69440637185232,3.712711584268868,7862.270273266174,0.22445741513912632,1200
198.39437516851618,0.9905046140038063,3661.7875304778863,0.26855258125476783,1200
184.06717770992702,8.018665504503856,9833.88630735362,0.14803772601346613,2000
210.1498993573424,-1.1036938068305155,7258.293306512178,0.09338393021345175,2000
178.06047662883245,2.992003550668923,9697.986472097306,0.20313835344976416,1200
256.84459859528084,52.57333921018812,2979.3124809890887,1.1106031410455501,1200
238.11569510337245,4.590659746227981,3829.857544311443,1.283322039698071,1200
202.5194900917784,2.0022995100806065,3759.6545819082658,0.09715718824481455,2000
177.1740097637664,0.14684842832265538,2644.764648144006,0.8994288715988394,1200
224.18759672785907,-3.0757093728254667,412.28970520277653,15.655568378118172,1200
148.58154540272432,-2.4622720770697457,8582.965779185097,1.939286081243909,1200
153.0458933833841,7.52393760859296,6405.85124531352,0.4096037880495593,1200
170.78485565357926,-0.8085769807857315,9012.620146410394,0.939115370521903,1200
123.84913270269244,7.57770223622492,3810.740863668788,0.9187055241763022,1200
125.72933755835517,-4.560978459408045,2332.83167536705,1.1153538755033388,1200
229.57730100369082,-0.07573617438696799,6202.561586669076,0.6739509937325826,1200
182.4028467930287,-0.8283338863067704,6745.031083951304,0.27477404661720484,1200
203.86898370011457,-0.0925559449910507,7749.162608416147,0.2832266643376535,1200
187.42716437094964,3.4566448094465936,8679.704870289288,0.3825794545700217,1200
192.39620176497957,-5.121797038452573,8667.961019128028,1.0309656357348527,1200
164.5826718438082,-5.465260781216217,9730.682467430473,0.007189088591709581,2000
193.45452206200642,-3.7041174736027935,6074.861730187578,0.6441498558451811,1200
177.1485874622814,2.929760102355215,9219.439699167553,1.3339854061467733,1200
192.97415928025143,10.67193622060428,6781.755239958532,0.07663806871891926,1200
156.1295963480589,1.1649620314518763,4674.179608452992,0.49369291243296975,4321
201.86099617948673,-1.4466487427555037,3223.61294084552,0.2620417887318549,4321
193.81382996555394,2.366750562474679,10933.283175450937,0.9453928877765788,1200
179.06153023354392,8.449132949781774,5515.122652810275,0.32446659837805325,1200
240.32972538926845,-1.7179505848190932,10382.41155935667,0.15570041643546922,1200
167.44999357654865,-4.1164594874796165,2154.941655893595,0.01035978898429882,2000
189.40963821224364,1.6213208154819185,2521.045176352344,0.046576652248244706,1200
194.98918472102085,2.3330123724358454,5859.999570850245,0.11900098248089075,2000
221.83697413107092,2.059978168116939,4067.679375680961,0.108041383746016,1200
228.92982117576145,9.704832927226905,8817.266253111815,0.5472873891011271,2000
134.3694732225315,-3.1888936733597846,3567.1858642221123,0.7169269766010956,2000
249.02345943131184,1.855382061816094,9103.92250635745,1.2151442641650079,1200
236.719529154468,-1.6567072794989557,3934.8748073980655,1.2960588161307203,1200
172.0551637886282,-3.431440029403989,8843.217218371927,0.9217737303185483,4321
248.99442931485154,-0.2974785115431602,8533.637376736491,4.763744921895428,1200
217.25322273363554,1.8798340421813626,6018.531049518359,0.3880238733025733,1200
216.89635247506982,0.6016794921807775,3318.7555231401757,0.392554108089329,2000
183.2888322751444,1.084861648168583,9266.058356906984,0.5619293691072353,1200
206.78252793002898,-2.9757429010508027,3424.643053560011,0.10326223494529381,2000
207.43393564250442,1.9306567098802663,4321.469327771554,0.06546226152430823,1200
158.06654871924698,-0.6232230402615958,10326.04436926918,0.7959225290932476,1200
167.03807259635295,1.3671266036147562,8962.912812132565,0.1840291501236605,1200
176.9515105683547,1.1045753157184315,9756.68085016803,0.7110654223095507,2000
173.57576088652684,3.2557419172311053,10838.761707982148,0.2972241722686008,1200
219.4339409234016,1.4960328141384778,4864.156486289041,0.20286424912369572,1200
187.5397793539963,3.509886353988387,4668.791953151542,0.38882606263103486,1200
282.8071686216624,-1.1893280573337524,2348.526095294778,0.09475170659894186,1200
235.66549832078815,-3.317077189833367,9131.5420504164,0.30494628676836083,1200
163.1600940852149,0.5123280690246962,9409.765593434084,0.5717851387705286,1200
192.93976334986334,0.09189733897812653,7020.705141812326,1.5458410104670022,2000
197.38909068398516,-3.9669291898414634,3938.2588151832165,0.3742621637668372,1200
168.05599508390287,2.7939075938379307,7820.871132209417,0.1897427340871471,2000
169.64257013895553,-5.977618609307028,10633.066915640471,1.4250042425616187,1200
175.2924058008882,0.9805292824017844,9500.403902437656,0.2020051541165789,1200
201.97367582472216,3.978028747904216,2499.5505904697893,0.8370833847475233,2000
246.4309174435855,-2.6130389840040174,4780.554544776041,0.31450281438257455,1200
198.4783419160211,1.1119914201482373,8386.218324144374,0.8727324280243055,1200
209.32117451201142,0.8284358256331839,9628.302161522432,1.6655562346241874,2000
211.1351787528832,5.252204189848669,5679.0527759565575,1.0781975669512216,5678
222.48092962702293,-5.59653121748422,8180.583361985065,0.06349995120649429,1200
191.85107403038867,5.857930483439233,7086.775426542122,0.014451535208647776,1200
230.4736376629781,-7.887250097528583,5298.56692620602,0.0013833003059638368,1200
199.82684088280834,-10.078782422169065,10637.943344135192,0.22408216939790473,1200
204.67221024277933,0.9159752576308909,2248.490060985424,0.1440122533878352,1200
144.85699816573688,-5.604631375613835,7260.084881094471,0.8634716916434844,4321
210.58518010502397,3.749097589733373,2044.166763899641,0.18715000663192277,1200
182.91211371573016,-2.268617433850763,4372.01561755983,0.3514175820900203,2000
210.69025939262383,7.1876704024633415,3269.520925401972,0.018270022035845705,2000
165.18593976799383,-5.292175044437608,2133.8726784786936,0.09888277171267895,2000
208.2895556898681,-1.615575360575579,6923.808346133715,0.08020312798724427,2000
142.40741816626024,5.216457842409097,10822.607550376504,0.9658644577609728,1200
227.96024118415733,1.6957833455429863,3813.647140927099,0.6684105158856379,1200
163.52342443972037,-2.848595140123027,2998.344339463868,0.22816777188200568,1200
225.38319562565,-5.934540956486402,2185.3385976606223,0.07616100715617818,1200
169.6742178928247,-3.624623511255744,4513.669291153941,0.20394283366919322,1200
211.64744470824598,-2.7539445256641346,6558.738882967919,0.15347915267608672,1200
182.28475826725594,-4.676587925391635,4886.185772482335,0.2364168474371402,2000
177.9734906978343,5.129184297534003,6554.08641128442,0.2254418941378991,1200
218.22751976097447,-1.4300408171945027,8234.255127994404,0.3102112353235779,1200
182.03143675446074,1.2994170039238633,8545.311245184668,0.04489378817239177,5678
221.11916680333678,10.132851445862228,8559.176086573414,0.39780695169419467,1200
185.3359617149817,-1.4121378396065742,5062.397501939765,0.4197254881437327,1200
215.42414434199142,6.176531705681761,8905.790664744647,0.31861736298498183,1200
217.7439886922399,-0.06976401548487739,7362.925055813417,1.6773629824889333,1200
180.91023683106084,-0.6358248935363945,10209.903645880911,0.054106996406825536,1200
202.45225407471935,2.8197668565257157,2603.678098848167,1.2768605787314553,1200
194.94101823122696,6.031514971322842,7294.219004566028,0.094182573556819,1200
198.47935561753087,7.230259362642103,10176.326162193509,1.14940617430019,2000
218.97045485118787,-3.004556298975952,8154.519213251528,0.2736181505309546,5678
157.46993292553498,-2.5834578503770835,4868.930024693604,0.4999835973909651,2000
234.2647560951974,2.433174235773453,4137.2175790389065,0.5014217086150513,1200
148.24852152937638,4.031383307720533,4561.157241618919,0.2220286930121505,1200
183.0125600741787,2.299849566871961,6012.747855089369,0.5899146662213829,1200
199.3647875017494,3.8094901964092367,9704.546154175361,0.13341406169937559,1200
187.78398522893568,8.44837164207197,5201.216519721092,2.6432025157638708,1200
240.73111975383478,-3.669047628819033,9026.95147266143,0.15729311872729487,1200
214.0130383134914,3.3457417401506406,2668.221459011472,0.9262826694400061,1200
185.6996935590812,8.813560926784998,10578.074219719801,0.08237797640237135,1200
202.61521959326274,-3.866456220756906,6660.104295403519,1.1235900130387912,1200
235.06681073051922,4.184766985010189,3161.89707312011,3.589567228002836,5678
235.03547448729927,-3.402849164960675,6747.2981591190255,0.3879944020173027,1200
237.1698662689762,-2.324586618197859,9613.17984367378,0.9767294661302496,1200
207.8724745706013,-1.66682535429909,9590.217784175566,0.0430128263200079,1200
211.38237984946232,1.8661774470799726,7798.576487713949,0.17930186896663522,1200
195.2388946687523,3.759827773541018,4169.09247609508,0.62493248233904,1200
218.22892316181458,0.5737985981849757,3024.1303948744016,0.8480479777920237,1200
223.9570531776583,-5.716163694188974,2666.3874418061496,0.2417753351529223,1200
229.26396505977777,-1.096944647293745,8586.396716648605,0.17456665619438555,1200
232.2027607646492,-1.722981049982769,2708.531799311514,1.0248184734543566,2000
206.60425561876133,-7.42319755539734,5670.256487852788,0.5161900253053597,1200
200.85108079358724,-3.334806055109961,6904.73989394039,0.14426381724963874,1200
188.62835065705457,-2.8809224589860296,4483.052122088091,0.021732842730595715,1200
169.27932653598359,-1.3104235641169806,10779.755077239264,0.3883038568212414,4321
203.88724900319846,-1.9510344732894194,5897.304354272101,0.19376510113619153,1200
198.53812047373324,3.7234797927599734,8260.178640464335,0.5986197403627498,1200
197.6069585626638,-2.313520288913281,8310.688389470564,0.20693464564727562,1200
233.29973722395522,-0.8783693263984779,4289.270823400904,0.11239203355526885,1200
210.8220366475466,-4.176386774589915,9790.891322849568,0.3115766243735978,1200
203.82574902829495,1.5547379319016092,3222.918753310566,0.19550527198050735,1200
206.31774586048283,-9.12909354579463,3467.981675774306,1.6493205063360679,1200
214.38263010571285,3.4041851059277146,9429.52248857059,0.4623557018453148,1200
188.50777051285885,2.2132693096644993,5363.754147403429,0.2754062715948959,1200
210.8103578742004,-1.7455064250370702,9054.180902346681,0.3311763422446596,2000
224.55480439257013,3.9060168896650866,3203.923267105675,1.2071593947285455,2000
180.1856486018254,3.0112519979858616,5892.698102634639,0.6781057705442242,2000
139.45458196112494,-3.77908926957392,9263.72558274812,0.8464794585219964,1200
146.56726093667965,-4.006122639919175,5956.194820476276,0.10638881131764179,1200
158.41771005073616,1.9594382408971855,9768.383360368058,0.11642228950621679,1200
169.12795594100646,-2.669935594029108,8391.677985679951,1.6311969160481765,1200
164.05666208801588,-6.14323775903301,2254.472824690378,0.27289591671172886,1200
140.42754128183213,-0.5494562998721289,6465.369704376046,0.9629687417203844,1200
238.32309580526754,5.24584409279022,2873.663103168677,0.7510823300529745,2000
151.71498511234248,2.0862386751373716,4538.454582960847,0.26428069177851665,1200
241.94386690750133,4.2096961116814695,8515.05391227574,0.11839774207442554,1200
234.07068104644193,8.358284589175925,4300.955947275432,0.38045226884769184,1200
206.19058885570314,1.3013629069787724,4362.108707537428,0.14387306426892404,4321
207.0609718930362,-9.796148850220913,2035.3327140974475,0.022769848258883476,2000
195.16794628655174,-0.35418705802766165,3173.668035433033,1.3550401198842292,2000
211.876236930573,-2.416391156176697,4822.034878359811,0.2563311376391977,5678
232.10364446529653,2.1412151199403593,9325.298031939335,0.5888344049078158,1200
218.91921413093718,2.8587780381129932,4323.4570155661795,0.4871546809500593,2000
208.50854385837067,5.7231292874023945,4534.6795486103565,0.02798273464770642,1200
194.14327181351007,-0.1997660601056996,2688.617414409996,0.5219890317569276,2000
140.7953612972446,5.58908967388584,5127.411572250232,0.6273726353752334,1200
199.64347494187615,-5.998705897275189,3852.43995350351,0.03540850670864264,1200
169.85888171985806,2.68822737107001,3162.046652577439,0.15080096592549783,1200
194.2377244225033,1.6314751066962658,5528.979788522232,1.1055198852888417,1200
184.24336012257905,2.2573318330767465,8320.977243652136,0.6362610399225849,1200
237.95122572510542,3.948384508275743,7260.133625594877,1.5990970040135561,5678
246.13479143959785,2.4167414366878694,10515.22456490801,0.36723477371476826,1200
219.71871883565746,8.018273688328007,5439.877419599727,0.05241956012146038,1200
204.77547667370123,-0.38218989880762505,9503.187764143704,0.25618674381164586,2000
155.95328716903072,2.414003792119249,7850.074423499006,0.17958091179921237,1200
196.27713495598118,2.0703423248747406,5998.896395436917,0.40800876973208133,1200
214.39844999488523,3.969447321822185,7106.922119468313,0.07050340793920515,1200
233.80608020655566,-9.251114798410404,9851.82751193592,0.768109781942725,2000
239.0231374549802,2.059976873748278,6384.896365923016,1.0651172441283785,2000
216.52495294987304,-5.69771105251578,3141.9135116255366,0.160411560081394,1200
213.72126326919854,1.8169870663811405,2258.7399035521257,0.27363099826142645,2000
203.3658078838965,1.0141597720231141,4503.60007771772,0.3397753481630692,4321
175.86823373273552,6.288768785012356,3891.9419755679864,0.10981264956609939,1200
161.98655387626394,-0.800178074694824,10387.263353280974,0.22715004369942848,2000
207.49038823391837,0.9701130894766804,4285.449097628007,0.0991645127205168,4321
202.94527092499172,3.6609738181908424,6075.866170258374,0.35557209508140764,1200
228.98454869954656,4.689464975259489,8901.0646305962,0.06369294322931279,1200
205.86692822974274,0.8969514061345555,9001.578973049463,0.6018611131467548,1200
263.22396640424154,2.3156398164336713,7578.736201431169,0.11708283684620542,1200
186.83406716362663,-0.3774625547758199,9499.05600814376,0.14439879639454675,1200
264.54167275229435,-1.0131778759439962,7965.098506253123,0.13948286452431474,1200
200.08767356759807,-0.4484376921267685,7988.525925137266,0.34993917118186246,5678
247.2198341619212,1.3391770549660151,2262.443381989927,1.8377589588785355,1200
160.48176355319703,-3.138352463609313,6825.475637680494,1.7699929491287694,1200
187.70000392080752,2.1526931403933305,7555.622087375304,0.2461222970641905,1200
216.70725339489874,9.281822019381254,10111.428429287598,0.5461867105857683,2000
218.72215797546733,1.8800494353599737,4874.2009175301755,0.32175464644547064,2000
221.74951292246726,2.0942152540451735,6621.543505459983,0.20795753488214874,1200
205.40229204638248,1.6536093506511473,2821.8115762039088,0.4014460137406711,1200
170.9813027809654,2.8418605356135886,6282.218912892592,0.17113997031624925,1200
171.34281782125026,0.21431032967726332,3596.7399709164056,0.10648450145062809,2000
203.49635412287822,2.7602143207524104,9542.02460727236,0.2586797896217196,1200
183.1207067219852,-6.037681290347322,7122.986950532398,0.14093675352131105,1200
211.7473556388991,3.8601602848338126,3967.306733225325,1.7184184854595443,1200
159.58600532091526,-0.7028528246353651,6505.456029828568,0.30162228025497506,1200
180.27718379391638,-1.1369462428234913,5870.841257683296,0.6829758562892294,1200
262.04503644105193,-2.7114070031531954,3592.7582072929163,0.1820142516102956,2000
227.0662429893636,-4.275587669438317,5991.28791813853,0.6962466214999735,1200
210.33947974093263,-3.575820746660465,6209.776035015169,1.998390023892294,1200
236.06303536894893,-2.8007385487219474,4662.050077308435,0.7051883948345926,1200
228.79409342529198,-0.6917317122819143,2174.4807206588084,0.32390227772764646,1200
265.9393996193198,4.674349734450834,4908.941519013062,0.13195064397708797,1200
208.8786919798901,-1.715852466735697,4797.244841517491,0.15044483041876286,1200
154.40737302812283,-5.793972109088045,7714.670359876788,0.4199183136425607,2000
212.36835197305223,-8.186607352895095,2753.683458750281,0.3719997475026143,1200
209.48163583282118,-2.0011283632717447,10933.50063957677,1.0549783399492885,1200
209.04826786264954,-5.9065334629370225,7754.336804350883,0.02725442841230306,1200
200.5160117968444,0.8676569757637025,5941.639268428463,0.4081407279121692,1200
222.77100168500365,-7.980359298745377,2988.497135554836,0.05896045496810224,1200
246.0932122031163,-1.43034208349019,5540.259867087286,0.21152638144226538,1200
210.22706471543222,-4.51333890203632,512.4057903423246,22.283181398915946,1200
238.92827734504806,3.1223876628733316,4149.168460034616,0.18883857171033364,2000
236.45381895947543,-4.3227877813237905,7412.7541977932,0.28784301701669734,2000
180.04691412208442,0.5668711830693779,10116.14239596584,0.1228144400825182,1200
173.1813081982509,-2.832966135259257,7916.542741992226,0.9694486819618857,1200
193.71143498922248,-1.836306786028467,10622.214556172665,0.10224713533364839,2000
191.88555250849103,-4.323754647940723,9924.774619161235,0.28456615278378833,1200
219.20112207448864,-1.575913361329239,3981.241600123207,1.118234085804359,1200
211.78694011152362,-4.095036949261757,8073.324404037182,0.07935761830404496,1200
149.38715676069594,-5.127076112538356,10448.578508638147,0.0848504410098352,1200
190.2932092948983,-1.2299220832608704,573.1077231366467,17.782142662260224,1200
118.16475707895144,6.6283134680704645,4470.0699011273955,0.05549062542095848,1200
143.7556878052741,-2.827895813197296,5817.601067878662,0.9461655688278975,2000
134.37824987833022,-2.84708676775135,7357.163655725512,0.31311785998267505,1200
195.25583554228083,-0.47720155251754726,8616.791404855187,0.506868519533985,4321
178.78023462733356,-0.26034700390520576,8235.604798726818,0.8466396643044786,1200
180.34554158363255,0.6709813841972289,4901.378774575382,0.5480012430578876,4321
228.22039285900078,9.339433024802624,10278.43152892603,0.22635837875340553,1200
189.86376207180808,-7.848992350014547,10225.626332306729,0.20181772382945087,1200
134.05246390492513,2.1583559605572615,8777.490785602156,0.0892241432861182,1200
182.1082707456412,-7.6448917561005345,7918.534396660585,0.10162868080675785,2000
253.2743581656167,5.175599345025904,4402.532861939808,0.15277113709864223,1200
179.6247210265908,-1.1248438074397256,4803.248882377738,0.18972536645523116,1200
223.62392797232147,-9.619622910836341,5166.80841000245,0.1680138187118938,1200
197.5385762793623,1.7699954316662811,10017.448775586354,0.8799367443715691,1200
191.41424372972023,0.6422043373292287,7844.240498211679,0.2013826975827629,1200
262.2814432116654,-4.554681003170312,10734.661361365357,0.18109517054730148,5678
544.1829778163707,9.16191401596488,8283.699914927132,0.7599026489614934,1200
181.4281137568028,-1.1486193437511996,8128.4987153851125,1.0188953566359458,1200
167.13246318807506,-0.396888832768819,10313.792020547555,0.34351093629434715,1200
157.9284960466079,3.3668748146682046,2425.610997829738,0.2563492180061955,1200
228.9042474560482,-8.13073415157011,6026.641379451215,0.028686321064566953,1200
220.76090158356996,0.24202637002341557,2312.160487952225,0.017790629985598355,2000
211.01714089628288,-5.669864818051906,4947.590070396491,0.6554860965967783,2000
194.1378589176519,-7.1030154709643964,10684.762945108765,0.23964058241924885,1200
185.17538963040957,0.5077831587031677,4594.4199962907915,0.31012822579082333,1200
196.55325254032203,1.9805527113234465,3308.480074231355,0.6659753986208427,1200
187.4371319387219,0.7802721734700752,4152.695534495144,1.0809334045923085,1200
223.76581541142036,4.626735132752144,3579.029522317326,0.3674395092306069,2000
194.73770267934844,4.474874337571544,2166.5923818911983,0.43005428954618696,1200
219.18995242839063,-0.1985730705521322,3066.720429185755,1.1758102975253215,1200
177.87606669113757,-0.00994778479449921,9417.730241154948,1.2535263989921526,1200
235.38750405524436,-1.7877752786978924,10789.422814866384,0.07441349014039758,5678
236.08927372669055,-1.6006371330946598,3211.0399471314786,0.05167346224320669,1200
197.78257185634524,4.586992139214284,6668.027610780364,0.22579138550613967,1200
221.4594526128506,-2.7647759795882085,2311.2717997039326,0.3967294275048548,1200
209.7917033333443,2.5224445908521207,7506.642318880294,0.454833632688281,1200
208.25987471083408,2.8702426351019983,2181.8861162340067,0.3847357592733144,1200
200.64014978345676,-0.4696308662150347,3146.401600105414,0.35696654202179334,1200
188.04951846706928,5.557432232876346,2931.2726104355274,1.7633602049621842,2000
235.10430537649577,-2.2861149618189085,7346.23308399181,0.029645905616404494,1200
191.56472794678552,-1.0413036196292447,2609.3162945568447,0.05030164160901203,2000
167.08285065273685,-1.6449019971974332,4278.978658574715,0.4396321948102604,1200
192.66759072024962,3.8785923104426474,6277.494999867406,0.12770619161080965,2000
214.9634483843605,-2.3732472274128753,6659.053225012205,0.2495069894316848,2000
174.91443975366514,-5.369553075863463,2052.2214669469763,0.10863842720397927,2000
157.84154487501718,2.710360376914318,4864.243691529702,0.01956939139138815,1200
220.56158596905505,4.471533308516001,9304.516954116938,0.13336656789103207,1200
196.64168954828824,2.721805163750367,2996.7232727484843,0.008453063952869029,4321
186.51346574454143,-1.1166884027983064,2870.2464954123425,0.1432419698783286,1200
219.6077546470027,11.333357213500115,5474.603088680855,0.023532883634479806,4321
202.46251063775102,-3.3272230190726573,8327.958107265971,1.4562541390918666,1200
183.79309874531282,2.304628958171476,7066.861967608229,1.1048651038593382,1200
186.6917867002277,-3.531090242312651,2615.443078342279,0.08773381294185816,1200
193.84897853164296,-0.6491354948420793,10839.806706440106,0.4434342064875229,1200
192.2474616889801,8.777354567707192,3528.7959635238562,0.7387305258371557,1200
150.1734619591475,0.8242311044687446,9578.148290492747,0.4372925285206629,1200
187.70929191829782,-0.5869338964043979,8092.624479644924,0.2946862762101521,1200
446.87250238660516,0.8742581500400312,3202.8660371713286,1.178964157189833,1200
212.10972590569122,3.653798809019295,9378.991786229697,0.4607934072794817,4321
204.32736975372657,-3.239718232762418,5453.626450675663,0.03826707146906206,2000
134.83230993442868,4.177432788672446,2293.035659069774,0.019039194237256078,1200
218.43318070457835,1.4136080051584197,10486.450284380087,0.6888667849652532,1200
293.38948738245847,3.052374326551245,7419.283593624287,0.12627150603963866,1200
149.90123744480795,-1.7985591592950054,7733.976440377925,0.48573330068431847,1200
216.43643577631173,-6.731817326692921,7549.0428692409505,0.057688561467942705,1200
166.18127035261867,0.9137038548101271,3237.2230051988554,0.6013381053055639,1200
208.49615124380193,-2.3103235252915995,9992.544324440125,0.05941437457267219,2000
148.07595829816137,-3.358821551806287,8364.75182769198,1.3309759151841698,1200
183.60790826221677,-1.5795689491428373,10971.12548678442,0.2147390842262229,1200
208.58033000836312,1.3181122529216631,2761.3105525808214,0.19225653477445456,2000
180.7337007585317,0.7619129179582974,7445.866920375432,0.0008327829283064627,1200
148.21688466044154,-1.3611349160661754,2753.74896750051,1.251024048615811,5678
194.45971557798458,-1.2925137331767884,9719.147883484075,0.6324738874705877,1200
187.30173557361783,-2.29571015948844,2535.625051333679,3.3642272743514128,1200
266.0397198129412,-4.115974378956936,2608.7131370998386,0.29334701393824764,1200
238.5263736295686,-7.005858790444857,2763.951272416819,0.2826869648797845,1200
160.9179870072197,2.3662838226476377,4583.719590934507,0.7689823313545163,1200
132.4847853530486,-1.155577999933866,9402.059668205588,0.6408825552430866,1200
236.47893400589913,-0.7826019085846629,4784.973269578932,0.8431256192040467,1200
202.18820574430097,-1.295136276759399,7627.467492491678,0.12451063749666708,1200
148.55004781839887,-1.2128458352374465,3249.808196359771,0.24456712176379267,1200
187.02501963631892,6.829428093775395,7899.620727761792,0.05149779355576664,1200
207.6210773573159,9.003709463545228,10872.863571690992,1.0706077778509235,1200
210.80269016448264,4.171694429433753,2539.8250662045352,0.6670410279971654,1200
157.8811081245942,-0.15604116865309423,8266.461463664791,0.14574500819639577,1200
168.92082577060754,5.08922296229705,2735.967648309798,0.12066134600011386,1200
185.24240704800326,-0.07545607198351378,4468.110399892261,1.454204135719555,1200
213.3099866260458,4.343610920010515,7984.157018104163,1.189359041289903,2000
152.1058810011306,5.703236388038767,10903.893752797314,0.06327466462815967,2000
222.73038322897136,1.9171340723258183,8178.346549813954,1.1401164390959535,1200
173.93264746996167,6.956925085981389,4074.8222893215057,0.05345910505154706,1200
193.7353582131079,0.8551394307732268,6275.411378009212,0.8657257528712122,1200
174.21178231563258,5.726784363634388,8315.32608769416,0.17873254284262458,1200
201.40176953106925,-1.5213850927598551,4606.3017358713205,0.42819833503784765,2000
184.54798331705936,-2.604718068040184,6613.90462538348,1.8517887013265746,2000
198.6183227342461,0.7376020803344097,5201.6304930906945,0.216654025704865,1200
183.14592622729847,1.9408933011624998,8664.88801501594,0.74972906445309,1200
179.05106478441215,0.49385096174330534,7295.349779951299,0.413498232953153,1200
218.99349427885073,-2.4819324267324077,10191.041387484081,0.3816166973347378,1200
207.37602977941128,-5.045526280961781,2838.168955133925,0.7763890188908523,1200
195.257332050731,-0.1980091905234086,9778.200957959129,0.8131104999735329,1200
192.6419810367269,-0.9059464956898239,3856.661667379635,1.1144264638900816,1200
236.39309042485095,2.58030169052789,5267.4755295658,0.8147080981062123,1200
142.99803342891158,-4.4977191071614815,234.11651747220458,16.15089791231621,1200
228.7385070210037,1.9738323092239825,6480.48208938343,0.32374878123080647,1200
198.10320818385802,0.538472290908588,3590.9436410103854,0.022581186113538532,1200
217.8616531936203,1.042610778525032,8976.75366003315,1.212851645734303,1200
235.67458065670903,-5.36789961984113,5845.054589809522,0.8289273138732942,1200
183.91859667193202,6.800033255032248,10217.506921662069,0.737981609107411,1200
153.25057265773376,-3.7999768376406777,4811.509720168011,0.40807775241625616,4321
159.37572053927386,-1.0570259192946678,8586.822572309022,0.31747846267356333,1200
191.90478690363398,-3.9820492384560104,4347.541270268569,0.3279350027337129,1200
172.11868057065553,3.7782400829778133,10074.416677890382,0.1037535038806378,1200
202.6852355362612,-2.940830677049628,10141.831545386864,0.8335421616492849,1200
268.27995681313087,-2.580817842754474,7375.42066588901,1.7281595727153873,1200
225.22817753730607,1.1775412092154405,4345.782595493717,2.6398108006455034,1200
189.87573484515755,-3.740911946304448,4775.867991997019,0.2245258027992337,1200
210.51607106307853,-3.2602332225150583,7699.131478419322,0.05336190653794086,1200
191.48174632886312,3.5949455782136335,4119.966887151313,0.06784893991182063,1200
142.700273681627,2.010634825960582,5586.712326421484,0.2767266873553953,1200
152.61865830117694,1.4370911686389474,4309.307946286826,0.7460847900678721,1200
181.01732125939623,-4.351172897680158,7652.056095364029,0.057202882600349995,1200
217.85625629038407,2.179490839355612,8287.535300180672,0.5844415705009592,1200
240.82611877107675,-1.7845795731705647,9578.753456505818,0.6220665663984108,1200
208.33123079960964,-2.358151432795923,8711.648224718796,0.09285327598180525,1200
251.25587086061432,-9.38687007141238,2449.255893688276,0.6633370701892812,1200
197.79689565583803,-2.8888937924903035,4789.750284249858,0.5935505304627533,1200
155.3347042518964,4.518312944065444,2195.2671463374472,0.10189577585225026,1200
241.76594267615135,8.487772569552028,2878.0826624752126,1.1120136189689716,1200
173.50689710325628,-1.845085698008466,7596.709222897413,0.9363625830820315,1200
183.31553331472423,-8.079265623486798,3944.841733938698,0.843567182473051,2000
180.8886628111293,5.89124320984438,10753.561275598197,0.6580614330622032,1200
135.48472171556483,2.6067281386552694,10594.808833948304,0.465418004230207,1200
200.7209441797811,0.6317824703843907,3909.625994901132,0.34328409189198267,1200
183.7439232699002,-2.1510190721215077,7913.986597028895,0.8491050566145015,1200
188.65497763358132,-4.625863100911936,5594.311160951767,0.06905008253132001,1200
223.23212425717307,-1.4364159914152366,6316.139820229444,0.7250274329921732,1200
160.20711939007236,5.629159306475114,3079.275556575102,0.15529479068807742,1200
213.10702610654147,5.042122064778998,4512.448046109592,0.0790198534734966,1200
188.93118366316955,-2.019160069071516,8621.647856642972,1.8561130979044538,2000
270.18158273670514,5.779650900931718,8005.402046224736,0.6535272487891001,2000
218.62670206392886,-0.9131178660812187,5046.432487834518,0.8993655383089612,4321
213.32067202897602,-5.718032949453272,10358.034813907912,0.5959579141875012,1200
187.8792370726165,-0.5768872107578195,8735.782370481513,0.23223998781603736,1200
197.83424813906112,-2.062409374883597,2349.5170824640627,0.008027669098925145,4321
218.3944525694311,2.3765513412530024,7124.2987344511375,0.20469745413187193,1200
144.88185166211977,-5.3981830360782945,7323.849228425217,0.5686238119045747,1200
205.98457413682473,-3.818689395592302,9801.685537357382,0.4721027709144075,1200
184.0315866507824,7.921765904787587,3121.7681446984225,0.20983238766937207,1200
163.4181848159011,1.4522351247510903,10652.443044638754,0.037635467701427804,1200
244.16109930541973,-1.5177863933858962,10173.812371692631,0.07464677968676475,1200
194.99247150095542,-8.646753904834954,10113.699765625523,0.3055712072936946,2000
170.4108497263938,-5.2206896550955415,3434.9733010876953,0.042148164715032105,2000
177.30130256789738,-2.7989051654275774,6021.476594274557,0.3231110816193792,2000
186.8649864429748,-2.308239890441315,2028.59606789996,1.862175745847088,1200
205.96081505481726,-0.9803039515649455,3198.655120614888,0.42506863141222523,1200
243.30181950371582,-1.667350446869024,10726.029812927336,0.05967194062590869,1200
150.8107644842958,-2.8629530398156384,7162.219826503365,0.3771693100207577,2000
173.4833649022534,-0.9046591997669441,5311.094706050836,0.05549615791558044,1200
212.8619284450468,1.9612648981534704,6175.2460620718175,1.319505845998654,1200
225.4923104146182,5.650021952640649,8652.236450372675,0.5829759988998777,1200
202.19070967603145,4.7645235925384,6084.7551304986055,0.8616864430148514,2000
242.3446342814254,-9.517924449696062,3455.0589699891298,0.37891148882910397,1200
186.23275267872316,0.5560312694509475,3237.1557798457784,0.0533405509302917,2000
186.54756956370727,1.2223013116596373,6018.900742629567,0.17185771583337667,1200
267.72933944247234,5.684105715292132,8196.755705175015,1.0752376163425739,2000
254.2321356030838,2.303134424111963,6754.8153961116805,0.12775970408345833,5678
263.6654504684651,0.09717454712175852,9993.515512740902,0.17160374831403077,1200
158.52780706973766,-1.5735578335007392,9131.0118931549,1.2006720536662494,1200
192.5414795184578,1.2875209505640788,9899.983075697799,0.4523781259401014,1200
208.59745314781932,-5.201592980870346,8812.239812562093,1.1270731482526781,1200
216.86545250677614,-2.459895213674296,4209.588147119775,0.4208023950458116,1200
159.58365693585327,6.054486475164844,3332.875904797479,0.0775881455312498,2000
158.60252450226295,-2.2605060617461694,8169.26579640855,0.07324549126669802,2000
200.16708221526426,-3.0058939072062363,6380.027176546922,0.6259676439826192,1200
176.70817071817777,6.254522894047098,4277.2205739870005,0.059962417990702434,1200
212.98339530135019,2.3441011935234175,3151.140301941344,0.6965030799379867,1200
211.93180950314158,-4.579251824780499,9328.31353078298,0.764014504612446,1200
246.83517910897442,4.768881662584635,5969.204475396018,0.1470830717355539,2000
196.76887355894894,3.781254485103355,2119.1006414429366,0.07811597233930326,1200
155.92225700521914,-1.4074250893884384,2413.930975271319,0.4112105678826327,1200
159.3759079383903,6.48975951433581,2897.2138747625113,0.08769961648298505,1200
157.30434782641453,-4.352379033017835,10954.967086648816,1.2261109122203053,2000
246.85967492526953,1.5977233984393138,4181.679900008863,1.7782347326052166,5678
190.14734534757764,-0.45052012332142494,4533.957106657928,0.5731999895272228,2000
206.84603648057484,10.196159266565877,9492.928465596058,0.29838285752288884,1200
178.776632515233,-0.8585114316710925,2702.3771847065927,2.3298135369459745,1200
235.030680947527,4.557376930888312,9633.458833761917,0.8907332782548754,1200
173.2317453067776,1.0964744400695117,8886.235613834247,2.1391956079323653,1200
170.4449706574252,-2.99236102015114,3994.6349552631204,0.06122436770843648,1200
219.324686088775,-3.8943208504895206,5192.298319531359,0.18834617215040916,4321
217.61441939396008,-3.9363654121002702,5813.732711053764,0.7741118973816379,1200
527.0141131203206,0.7757935744577584,9277.812737525539,0.8158696162525774,1200
183.98534410505462,4.546399083563689,6930.415867213966,0.2301889619426745,1200
216.02753525478386,6.228948966331108,6407.578491227545,0.3488839943708563,1200
210.1940894700637,9.34844569738111,6143.099655470142,1.22078232396465,1200
208.5595084559331,-2.076828712662049,9485.032405482394,0.13468055189717337,5678
177.33087457752708,4.689439938555004,8144.133465894891,0.30276035340366414,5678
195.39775357674063,3.7029203608972585,3614.22709226955,0.016431679796770984,1200
198.10456426007843,-1.6891308971081795,10162.951104820666,0.21656552412452756,1200
211.23836448112763,-3.8779222064514367,4392.0606140878845,1.1456694181526252,1200
251.59546930102363,6.363328021330551,3661.572239054298,0.19554301062598625,1200
213.7128773401925,-5.390861167462026,8632.959316260301,0.45494279802220533,1200
221.0033153829702,1.2236434200809296,9101.903442471828,0.2004269237818296,1200
181.5392427161652,-2.276463566650191,6614.278267699376,0.7344751267975248,1200
184.1143120960973,-5.033201853784871,5170.563271017445,0.013817465482748797,4321
180.5282251159011,-1.7009272335903487,9368.941173004845,0.19504456477045726,1200
161.95926701650626,-1.2314979995062467,2065.969831027106,0.08006605711040508,2000
227.85251374716205,-0.10307505821836449,4668.333659497355,0.8525478415273633,1200
189.51028680952606,0.35375891359146927,9392.61825386008,0.37782171024753897,5678
238.4317266511264,-3.0574624124555307,2423.6017082729586,0.7391161110921773,1200
218.17975254847963,-0.22386577014233047,2998.6029578145894,0.8085236891311014,1200
181.93217804894937,-5.21071691081508,10000.535525121199,0.222063008798958,4321
215.1996861650246,5.329586756515216,4413.854446793222,0.8477439361005479,1200
221.12257077615416,-2.6972476663220086,7986.638773660403,0.9209183289413904,1200
229.94988424919106,0.5271114768847509,4966.132029578411,1.143052681578404,1200
224.22929967885986,1.5402336480932084,4104.7689639868,0.39533741536943445,1200
224.8780568494892,2.5288534256182285,3051.1540058247438,0.05785737741952224,1200
134.05742201054488,-4.608119324942902,9595.496428314545,0.09292340596994567,1200
213.79788280022447,-5.429320204792527,7082.626177273042,0.5386462167006827,1200
259.8886249420761,2.4924094771275267,7528.554484263892,0.3698993821445683,1200
205.70451027653937,1.0938036367356951,8791.261986856414,0.5379711017505914,1200
242.41857294587075,-6.222303756321721,5528.5999577104,0.5041942121095886,1200
211.2371039121411,3.718272125980481,9784.954583416467,0.17813615171746203,2000
186.93254165005584,0.11315190694427299,7121.733148595958,0.10197166252401227,1200
187.65039984041795,-0.3814556286463694,5292.073649755155,0.4774576695494937,1200
211.0791862791711,2.9869079796565505,9267.0405747549,0.1275792508415918,1200
209.10489544374414,-4.799605978304352,3290.400217961528,0.8755658365250458,1200
197.86275161042335,13.25508401571426,3929.526617606029,0.589377953815469,2000
173.03270153649856,-5.0680195849141665,5522.713217432417,0.04005704739966087,2000
190.90339100042806,-8.310417026636511,7128.418491507123,0.8485026599046633,1200
214.4083457847328,2.0300533063340853,4573.326922392927,0.29164076218576285,2000
183.13818854293615,3.065286474550378,3418.830346950028,0.1883916275576495,1200
202.9272341455065,1.657236602923307,5449.387878087244,0.4191564257187124,2000
223.47004572575852,5.852458586688621,8817.922965316426,0.030825379509641607,1200
216.42475890827225,-7.935699433697443,6789.302402177957,0.3912701513377744,4321
180.16742502634736,8.109545308334525,10253.729977813833,0.12074179577805416,1200
182.7858998921341,-3.5884500823845285,6953.284684781656,1.5836919187944287,2000
181.44507272535827,-3.6552243892995144,6819.785628966116,0.28535275127760695,1200
229.5567647942522,2.7357786967382505,4974.7143599010615,0.8559763612688036,1200
184.1181560166684,3.672206736827374,4064.3252320777874,0.14729863333936508,1200
213.4847521431914,1.4625681830604413,4187.210606745726,0.1675069208893332,1200
237.68989281413178,2.4908215698820797,7757.647978844317,0.10165979642440018,1200
247.0630979080741,-4.010136735875093,3919.144834685967,0.34654250808995946,1200
198.84514000300652,-2.9528972751593914,9759.243971670232,0.5433318111469316,1200
189.36194555191776,-3.2670954961403695,6345.041226208822,0.24802160666602152,1200
218.77079100836264,-2.1032560592218994,8469.152566320285,0.5269552007352815,1200
207.65194754701233,-6.859130481819423,7157.90489417897,1.1791581588707236,4321
235.95176723804673,4.874059034997382,3168.9978877557387,0.08650366093162806,2000
209.67242106804218,3.3640647856166863,4495.111841308155,0.6541191849278221,5678
263.23824135161954,-0.36049524271801814,7723.1452825244105,0.8686090767989479,1200
176.3271088069184,-4.626004889157271,6696.801713205922,0.0736107069454325,5678
175.80509795935248,-2.5342953645144317,6294.62007047504,0.48570466789015654,2000
131.18694162194737,-5.650468081760611,5882.374431903769,0.4691556096317145,1200
203.49531000132544,0.3359229523931808,10278.179204341774,0.34646326690968415,5678
134.76204224758595,1.817255346141875,6288.56522040844,1.0567066098145248,2000
236.59230066930505,0.7948406902368024,9494.646457590428,0.3659966744121664,1200
238.0512682057552,-1.668729854129896,6990.4440636028785,0.03394890683505482,2000
177.92702556995465,0.5242200825372466,2357.322305427361,0.40943586632671475,2000
227.84764158128252,-3.8753311213782498,7184.9990857423645,0.15952869396594058,2000
217.3476684948148,-1.326466473198312,7605.064970523873,0.47198198132940383,1200
183.8570300357068,-0.48250612505861956,8874.987732521893,0.36088852599535404,1200
207.57554458409467,0.07828286348217008,3227.4340008518125,0.05889480595457327,1200
196.6399687870743,-8.54970905245466,8748.50604867895,0.6860079576220648,1200
165.85809502446818,-1.0296360041986834,5254.475608776758,0.044234923807594854,1200
221.49769472479665,4.007775133553627,7258.184632282019,0.49083202913890084,1200
185.77741253664317,-7.255451147890328,4244.958338675809,0.09041488716565643,1200
266.2844450904495,2.7747205190440742,5131.642644901483,0.305862654970221,1200
218.65376068568722,-2.282126583038301,5992.096001187394,0.04493485458814577,5678
196.05962178987483,-4.843429632265501,5941.960600679093,0.07215359567786214,1200
193.43766561767836,-9.757352619945644,2802.695601809286,0.07785461841353895,2000
248.28152750640825,-2.6749987186038795,5531.686324329729,0.4345564033035532,1200
277.3264002084587,2.862163326580509,9204.406064827897,0.032884166088880874,1200
166.87354627845798,-2.7666617879047446,4480.054609994994,1.266213082243656,1200
167.08805698009377,-6.198922602038376,7681.0749203532605,0.4781908826022709,1200
201.22585664975048,1.1835823131353242,4323.529587882306,0.375421366056778,1200
189.9969564073455,0.9435489536089171,5196.664137365068,0.5996991113517832,2000
199.2655857242329,1.2552519762934191,6110.536828517473,0.06235613870745624,1200
180.16758909623283,-0.488070406072477,7095.061839906228,0.012506956042512672,1200
178.9392840699245,4.34077401196827,10487.81000993651,0.002234550847397108,1200
207.191030734573,-0.07385734711818934,4415.967159710928,0.04761265794381662,1200
207.53469003994755,-1.336504764537016,3239.6802388392825,0.040020054729547304,2000
229.37613423787153,4.536059557451032,8118.877059168121,2.621000207566143,1200
261.729307518344,4.869448702878027,7638.315751725101,0.5584395064737284,5678
192.71865205590933,3.57683039796325,10099.369408705032,0.7135222445214026,2000
217.03257159035942,-2.6945934743837188,3322.706413771839,0.8487951411791753,1200
157.00076214694488,-1.7118970159181621,3524.8468577123103,0.2246482689660363,1200
194.3265287880166,1.1767706366983512,5956.8089869141795,0.3864724524397145,4321
215.04563679209616,0.18722587746413252,2682.322567329088,0.18224137208205526,1200
208.28823531148618,-1.765112710035907,2748.0955105686303,0.3069713359486289,7500
228.64825638233123,-1.7504784882711408,8304.681665585595,0.44293692882421887,2000
178.2548222118491,-1.1594231311252554,3684.9167064906287,0.2501428760384217,1200
227.23482863005032,-5.785283366122438,2450.887664234872,0.43817914642632333,1200
225.28853265142553,7.698800234001637,9883.73546334276,2.605671220292241,4321
228.43412885123635,8.445177066914601,8204.199708690958,0.6071601658553417,1200
189.92327354886157,-4.728061035508144,6018.317074238996,0.5041447950865298,1200
249.38599875008725,2.2409114309995117,10906.002302353407,0.9678817117153111,1200
206.0319767634357,-3.7304593203837206,8928.622263147301,0.4675862315614629,2000
245.24551447121527,-2.4587325521131467,8877.911078708923,0.2718852675054257,1200
179.70836904092965,-0.6079110655874372,4168.673983155829,0.14034191844994592,1200
243.10843527433582,0.09270768085864134,2341.2972399532955,0.6836318968284166,1200
150.53820059769566,12.200081660217718,8729.547641520621,0.7798601185535134,1200
137.60495718177174,0.6593237295412465,8713.810035575942,1.5479023021205771,1200
175.4552007387091,-3.5507172104587172,5378.678993830319,0.15181264485695217,5678
192.7538456340071,-1.1732373012199933,3645.2110088421146,0.597606478436973,1200
149.27591536328725,-4.819609599168021,6966.365196481154,0.17119684359814,1200
215.29020758611566,-5.66518691043151,9041.887966532373,0.08770555423480489,1200
219.67789819893574,5.198760511042771,10185.75466182179,0.3366419610946286,1200
250.0199311497145,-0.9747436040456527,9458.430128124699,0.1734581727881476,1200
184.25002897902604,-3.4513503048956067,10464.094941773672,0.2407801772512671,1200
205.0469973832249,-1.2417119420761247,8241.107407082858,0.17170053361206078,1200
215.7129906180556,-0.8629570916595347,6234.767318393637,0.17860693707583558,1200
211.99086880263357,1.81352032684475,6620.03008484425,0.06106840734687903,1200
230.24216299964138,-6.271964087109013,7701.765208934093,0.29620811229681787,2000
217.4471504396179,-1.8395053035067972,3833.7538318590377,0.04821465477355667,2000
179.6523551085998,7.061977977405858,9107.69051592524,0.051420708851180226,1200
225.2951311343004,-3.608750048740234,10726.596468280633,0.03381204430335558,1200
199.78567009272658,-1.7110366433132425,10367.833703774473,0.20790533468522754,1200
207.32166065977339,4.1109515441188496,10932.988800943682,0.8433123259219623,2000
254.39795249601053,-5.294861938940607,8054.019216969597,0.07633820179435569,1200
238.3513710863251,-1.4563353193973554,6526.360085200362,0.7259368291080183,1200
221.26561467197456,3.040341302307517,4284.743402323731,0.003526691886678231,1200
205.44751791897983,-5.038198834176469,9726.029501908564,1.5511789221086931,1200
181.04338354895808,4.759718386529291,9300.594764466394,0.3754856469242705,1200
191.3643359038626,-1.794968104736906,5591.493573129231,0.16351385885516156,1200
239.34607895478257,7.981549188645219,9254.826929927345,0.2841354140844884,1200
148.23408044484606,4.282396423168661,3111.426585831792,0.4820084274591361,1200
239.3639530056181,1.2466117420646452,10518.054455181556,0.6667712972818536,1200
161.20348785588402,-3.01266147694048,9152.416582031088,0.052394855999511845,1200
207.95070864697607,-0.3218861727468017,6815.469909982526,0.8741330756747077,2000
237.23057208418678,3.3988739861195048,2709.538094215145,0.0478002998391115,5678
207.00415049397355,1.7363233696817961,7825.596226707182,1.6984671756481429,1200
160.40699540236372,-1.0062841437511434,7456.214081029719,0.45076670858651063,1200
252.72648123974977,1.7450677210835022,2008.3523623186275,2.2857713336081185,2000
224.55490813739448,-0.8610374320392263,2741.4172705942005,0.587865980938108,1200
217.26566399446344,4.153480844132339,4685.97308663223,0.547553493120623,5678
180.47348077197216,1.138248051015457,3539.0699948821066,1.958560583642528,2000
175.86111940293068,-8.523387485972357,5751.636247717188,0.2625980180106969,1200
218.7672741976654,-1.03003025662625,4509.040117836657,0.1687315868304965,1200
130.76127337676692,8.870940258491917,2481.960942683656,0.20426371549194808,7600
161.6551757472184,4.479535124906488,5305.009487358553,2.0947784531896945,1200
207.37885277391018,6.039762527473202,9791.267273588956,0.048598045535282755,1200
224.4015379824237,2.7145472753944615,2990.0896953032766,0.09052938309130923,1200
191.43986972777606,1.2851545175871033,8124.696647480108,0.14948351723664194,1200
160.65934524605643,-6.0499769455280585,3793.1581783840006,0.8910224176344657,2000
165.03362590628868,5.952061294237938,3117.78357144612,1.2443843843747229,1200
209.5072219773536,-2.0409901895559748,4756.2680810903985,0.013428220079130932,1200
180.46959406446626,-5.327074719348942,7101.557674064675,0.3858425904258185,1200
244.94599735519955,7.013842840349975,7400.676054595669,0.9553286321933421,1200
250.8849938049622,3.6142496918191327,5668.212604462889,0.46576080937641295,1200
166.19127351315592,1.4286860659103044,10667.276753907341,0.42850781636262875,1200
187.49057451472177,-5.599159943235992,10061.027807847384,0.19740377707372125,2000
243.17600553184235,-4.678324217000752,9602.855304933724,0.4400438173126926,1200
175.7567633730457,3.953166487094224,3042.7855304549366,0.32366673492419257,1200
200.23709331752443,10.34138392044689,7065.205893750552,0.12533487619306932,4321
179.63733207403894,-3.9211029623163376,2028.472793955037,0.01312926399999039,1200
214.22338683219417,-5.465834018734091,4592.610631308065,1.108170414089078,1200
250.65675000052585,2.903843641323433,8977.5419910926,0.6447657289174468,2000
202.53832104980611,5.9442718264659,5125.041958903382,0.12475093632252572,1200
221.44349278867466,-3.3127758625739783,9681.187757134574,0.04064464894693679,1200
201.892569799313,4.775824811205055,10660.740491151631,0.304980061163708,1200
200.35231647949726,0.4119396925152864,8783.401109952494,0.3012790261466948,1200
194.65870314750381,-5.699170525944882,6028.790508020878,0.2928407501887241,1200
217.40450820724158,0.6819217912285607,7043.210659473075,0.7763153235094498,2000
210.48697546038323,3.324336650701699,6414.308853025633,0.01873811944155783,2000
182.40795350904156,0.36332281056918964,4932.570291182492,0.015982695861887965,5678
169.57590845082262,1.4986611987658554,7300.209222472367,0.42610737272166116,1200
202.5506114878489,2.2184762649688063,8078.032518792391,0.4818089750666699,1200
227.2454267668269,-2.4625004700164213,8822.188078258492,0.08757288196363852,2000
276.90048309292496,2.35290759763637,8123.898810752071,0.9686869494149304,1200
193.83182659237468,1.4743970909837865,3857.272640314694,1.0419024287277383,2000
195.40079980359116,-0.40918178370431896,3331.410337483375,0.17672428567731546,1200
203.88379220983416,-2.648824107147436,7079.515472715984,0.0603288549296084,2000
196.1135696173988,0.8172722859592997,7941.941055168685,0.11254346309554673,4321
165.10461627903507,4.507347339375099,5163.024710672456,0.28217648230898507,1200
220.52916950894175,-0.6940751139229286,10716.879245455431,0.8193316904093245,1200
221.05678972314797,-1.2349633928074093,5820.827820864952,0.21591896425311555,2000
164.04759420628378,7.383734671994666,3572.123649137389,0.7121525429315059,1200
202.65639144685608,2.03288970258383,10726.645119862347,0.784188394397394,1200
200.95494638302824,-1.5963194954751556,7310.336598079601,0.05728909064638894,1200
218.70144198836212,-4.353430517643522,3008.868547230255,0.3796476915348416,2000
209.29176077692358,1.5326563782074933,2566.0028791918967,0.13436333580556617,1200
184.30250253064173,-2.5938992238644705,5922.342738900303,0.28249663230485633,2000
226.88032156893314,4.666429150700002,8358.427576832175,0.3661890567809205,4321
226.2101183942739,7.317346652118347,6568.361654930496,0.5641297248945125,1200
158.4602620228486,-0.8220735364658346,9649.14248278874,0.5963988036414786,1200
157.62033410226582,3.8180355319319648,2073.339308764599,1.1198716038839367,2000
206.35911564960378,7.138353292751047,2208.560051799552,0.1169513964628047,5678
185.23697239027953,-0.519564402360387,7120.988086389991,1.2701377409297483,1200
238.90989074309715,-1.496668092805275,7029.758690547219,0.08907875845468899,1200
206.0253296174765,2.670260447997809,3722.007490465672,0.21653529168096386,1200
246.01920257991537,1.0192735890739408,4332.837018000964,0.059480507617997024,1200
182.17463897255047,-3.727401723145843,4709.726536974322,0.21708578845666446,1200
179.4597047635938,2.1015091000768225,3515.656274269506,0.08933153740301399,1200
197.81394708901234,0.8868769193261031,10559.897105807959,0.9306499428768081,1200
240.76593479267018,1.2345830471244505,8813.664398511013,0.38991172122148987,1200
218.0068907008262,0.36561755690289416,8265.205744671031,0.08497032740203847,4321
244.0926502231662,-5.407187833359987,8097.959744102701,0.9018838427004445,2000
176.44401436194494,2.1990199936037946,9909.656562381306,0.27685319870329855,1200
169.46861776095346,5.206969810393218,4419.517758130859,0.2505485901330095,1200
188.05386150277005,4.457445391689348,8403.715562823223,0.9861583771940037,1200
218.65878652219038,-1.8911394122258713,5748.111329116093,0.298281584297538,5678
234.1637561040715,3.3896884802283975,2743.481981674606,0.4815138421007214,1200
205.36584534858102,2.6058357559455914,6409.761566692691,0.4892529953232321,1200
179.73497646016014,3.2821554613965325,5228.086390345601,0.06373032270556116,1200
163.58604029489845,3.8171925592382627,6343.247048699415,0.6404064354596624,1200
171.35412146217215,5.156359966179478,8833.624862325376,1.466320414458395,1200
226.7712991857906,-3.4730366697527972,6494.678244502388,0.04053451678167955,1200
172.839893072194,4.493736334968669,10437.728813735082,0.05332057301720781,1200
178.9442955397438,-4.950551938101701,4107.288711773287,0.2755017374370041,1200
183.62019434518228,1.5920488304990716,3660.917880073159,0.1834337289812312,1200
218.46253803680574,3.4016385293279443,7546.377634656476,0.49185312364758005,1200
162.15653351322288,-0.520448923503562,4386.753331779451,0.1037561520309001,1200
182.58938977193097,5.428188427066165,6997.41940622879,0.11592864868046929,1200
158.78675700747002,4.315530546234385,8020.985538141173,0.6618777420875993,2000
204.3852771144775,4.261253269566572,2982.9972514180217,0.12473305106848293,1200
181.90506220842448,2.005126735822717,2463.3941982955143,0.13602376323397739,1200
188.97926365476414,-3.736081457875749,6420.008733670308,0.025715317034416377,2000
190.0360821646076,-0.0346281447434461,7038.876056732716,0.9520039485300887,1200
187.39859372715912,0.005362357693016184,10598.343702364407,0.03273546567774251,1200
189.51658238866713,4.368438928224268,5200.47935120027,0.5948375839751305,1200
205.83095639574196,0.9694869116261585,5107.150837385663,0.01032971564319203,7600
160.46456230900444,-5.649434222911026,7484.86750249682,0.11582401697697636,2000
231.95152939186258,-1.961592045205981,5588.266775351705,0.5760254356327462,1200
202.69572161734942,5.876678491051188,7875.360506537086,0.49142189771842687,1200
215.18115214563693,-0.7495024111075709,4875.390500687288,0.042927698950583966,4321
173.1155257551879,-6.919296327890795,5228.400949618925,0.8382149708965291,1200
180.83551389203504,-5.3321279420662195,5688.442458570793,2.264530313755132,1200
216.58276997360733,5.3618158469817665,8515.312934034424,1.3605765225640927,1200
185.46262056898772,-0.34980089181915175,3345.6776089078558,0.09748735711763397,5678
163.21095136958706,-0.09587842299289745,6704.672385602198,0.3686394908716864,1200
273.9340434056822,5.259438800916066,7720.875291415285,0.06906120601198407,2000
145.2612971945776,-0.8965423956891978,9612.616902625867,0.08420433355922481,2000
203.07028048445162,1.934711323925548,7477.137655384501,1.2238302699575843,2000
217.29840491887626,2.100982402937797,2386.388856290864,0.7229821443813768,2000
221.95522340998647,7.215755521045642,7996.828280263488,0.845207969955668,1200
169.99057117818018,-0.483022936951849,2033.4749956522023,0.49063212219127167,1200
251.72166884956525,-3.056815314379336,4195.835125237418,0.7734013988782146,1200
170.074175675519,-2.901028294404194,8717.497491892958,0.8665941364293873,1200
171.65832147361195,-5.806066041651719,8787.839251384295,0.35728824121056585,2000
184.19428991385453,-1.0976935176753737,2333.3995304225073,0.6590182158165826,1200
235.62849695896813,1.9379153660446822,10044.014616352555,0.4217764384667447,1200
253.89349301172564,3.7197145777651563,2757.6786795646904,0.42480378562299487,1200
193.6877115389584,2.720067206869765,5068.145745037694,0.22106895006344401,4321
225.93758598977794,8.48495460691473,7614.434986303428,0.6067082208147885,2000
194.41327920443524,-3.284432965540938,2378.727917663488,0.30689688528610143,2000
170.5409103648166,3.846672005829323,6554.673515951466,1.1624504211034294,5678
242.72352606204436,4.691391290879515,3865.771403727781,1.1829291608989276,1200
154.63471283254324,1.9532821718757596,6258.690278018851,0.7808181723490467,4321
471.2185438502658,-0.8335620981490611,8354.910094891316,0.08617181509476828,1200
220.75110496822495,5.562548093009954,6473.780245557732,1.056386407359528,1200
207.65403190838634,-2.798589150566757,2314.3806953133612,0.39364995762103683,1200
205.6778057770621,-4.673598830510016,6636.497100218547,0.24872131440641346,1200
215.3140310584469,-1.399508350159434,10212.606989742953,0.011755336212456122,1200
165.10119648165053,6.575477859723966,7163.864609824477,0.7197482428913522,5678
173.51652535088712,4.086085935608803,8794.442669909302,0.17270874225030372,2000
175.8818922329668,0.20549278159308945,6272.219244621395,0.5830003370771291,1200
224.33179498947936,-2.707353021281875,9699.409885030997,0.9177519329731921,2000
166.83445205176588,2.6443933806425384,7665.378994096604,0.23855876603539108,1200
222.18328834774775,0.3799921945202131,6837.865406556538,0.48850916204973577,1200
201.37097311645533,-2.8001538154914094,2758.100794871662,0.4816106622531536,1200
224.39462308099803,-1.8210893846539922,7710.045840389978,0.32353481120142946,2000
242.7071977135633,-4.640704070368566,5704.352564356035,0.1973099777039252,1200
184.38566793225556,-0.033888302578158114,2719.817324152482,0.3107389150555883,4321
219.71443416800562,2.886575001063704,10198.386327274593,0.4547279950666617,1200
238.08968435116145,-12.493817242849298,5642.720879984157,0.4417302436113027,2000
243.55793356081546,8.376465886642269,9689.141870813251,0.3114707913475172,1200
192.86623223095688,4.498030779570347,9127.360124272946,1.4392242098824148,1200
163.4422502958009,-1.5432256301639107,3737.436824731554,0.833195497896771,1200
204.33514687723408,3.787981616926392,5202.6265716707485,0.6244734943297506,1200
203.47424003738865,2.7538916482788016,3000.4807562473543,0.2003005369758156,2000
188.71733289352014,0.8336255902618689,7346.96699627483,0.5983880780117472,1200
211.63082348122356,-1.406053449759129,7803.242996478343,0.1722934768021064,2000
182.4840659850934,-4.244709398730898,10135.596416429256,1.0851446032930032,1200
179.44645687919885,1.54546911014766,3975.340676024399,0.27465670368841777,4321
176.2926201324202,2.9565631308900384,4335.34192209653,0.24591176919587412,1200
132.45781301162938,-6.453146660821806,5272.370966145983,0.4627774190281294,1200
159.27611343957926,6.385190891951225,7957.397782241059,0.30211015612714,5678
219.45624940057942,4.578147527586152,9708.761011763738,0.06141062475460035,2000
208.30685145522781,2.369265813268878,3496.171715315866,0.013630977152391283,1200
209.32646945451444,-4.3554902483333136,7693.5471341023995,0.0375631711603262,1200
219.83810877031385,1.9030387421060537,9003.619906034786,0.16946577802578627,1200
182.02457074380405,-2.8358592945301764,3832.7064976380098,1.4721361012472511,1200
246.4702670364964,1.3169624309692969,7394.7038044048095,0.4260817488007987,4321
172.17078937527427,-0.10454800843200449,3446.8498584677345,0.5139238049446513,2000
163.4459266714673,6.430604850951983,9755.452125652759,0.3385608809317543,1200
192.47814004451024,-3.2441426016120465,7032.319947970727,0.14954432855885127,1200
192.90506792894072,3.476993473369995,7312.56442700086,0.4641882814101895,1200
224.96335898629218,-6.832041586849476,2978.315376824293,0.14161369607440585,1200
204.99026272414073,-6.09901329395385,8093.835149156483,0.2812102212587308,2000
234.43555934994754,1.7406094882702507,3542.2871309875054,0.11070635950102939,2000
209.5440397135974,-0.2131720313265311,4479.229483972115,0.6534126636166072,1200
157.80174636278954,-2.740102731676548,3678.1735904867996,0.2734075778500441,1200
200.79559697480042,-0.46966340355719766,8911.33060158959,0.42712769949993556,1200
208.28574002224818,4.992724397861582,10319.201874301085,0.7787461049960984,1200
206.46876004794797,-3.0487697332352512,10765.04058877977,0.3864699063929153,1200
201.5276311711494,-2.051410099455801,8215.463557744773,0.3623071553741721,5678
205.94033743234687,-3.8328079828566555,3207.49450796409,0.7025904915120698,1200
193.45334331303158,2.1317988937008305,5162.662760323933,0.006751061548033295,1200
174.13143028661256,-6.835703633712497,10956.546146808389,0.3309389398908497,1200
202.35390985718084,-2.396150653592194,9171.46660726619,0.9204163294959667,1200
200.14074628375894,4.331336675353266,2920.7445407679015,0.44119107022966625,1200
169.2338245388927,2.600171097188366,9109.033777524695,0.18639496199508554,2000
212.9391389188541,1.6123950566320318,3259.073701229194,2.308985700915457,1200
191.9985652796404,0.6434034631520134,7524.650694863563,0.49111080424823655,4321
155.02844556561584,-4.523834943897786,10149.334882625662,0.12348852647865911,1200
220.73873718335176,-2.798126823449058,5789.674599317863,0.27962380364145717,1200
150.25706800934074,8.263268130134422,7791.6503748426385,0.4922634373292492,1200
137.16197818419687,2.2538257276147413,8066.7985446055045,0.18886765123231242,1200
209.36702547964603,-3.9040851402469094,9607.17308642845,0.45179212912195277,1200
186.46514844758278,8.667354246307179,9537.965566590454,0.24654594062743748,1200
520.0933866807322,-2.5742857708318714,3582.6966561979643,0.4908533878645759,1200
217.5106174640846,-5.776102912065273,2537.865089583589,0.2885634176507867,1200
225.30543218770273,-0.7247015185362304,4376.33590180652,1.1711531226215826,1200
196.99958369272113,-2.3012930043806206,8308.09153079871,0.7489601909165565,1200
184.8435421400668,-3.139534768138193,6040.394339517092,1.1994051441592815,1200
194.60268724100268,52.13439044132684,2576.462500775793,0.3715308220237073,1200
166.1964808528485,3.337492906064236,5251.65441586727,0.6347141939978075,1200
257.320365096516,3.702449132172213,7695.608408709304,0.4886051339680046,1200
206.84023098684924,-2.9692641589589424,2608.2428560072467,0.8837195668295234,1200
197.49216698228864,4.194996984251337,5697.473832128349,0.4638571993577891,1200
265.6825359046942,-2.7788255610968453,9614.332352142741,1.9940836348454116,1200
151.34390666500352,0.6298772814456479,8307.540125514164,0.12053810536478028,2000
220.515084810121,3.0389138579230877,4021.9790359205977,0.09218747976346169,1200
183.9826656258121,-3.266845236251598,10740.988633354,0.023084397936709185,1200
230.570660186098,3.4426434488318485,7952.959629204989,0.04784382063106439,1200
176.03201105948358,-3.9930370311619847,10509.178228729854,0.7390147622250829,1200
228.03564459348803,-9.616905000345938,7289.800125916352,0.1406464948597916,1200
192.3514681359284,4.607360357247892,5781.935624894833,0.29723663393178607,1200
200.24242913491918,-1.1910517033775425,10567.16999246088,0.05319595735659208,4321
210.58893284443113,-2.905535692097656,4014.537706461741,0.11561022094109774,2000
184.41041494764352,-2.0391425668103014,10481.000221499553,0.13362202382598412,1200
159.72194193037444,-3.1698246158846413,4927.4529884865515,1.4415513014662524,1200
194.12711618225745,-5.1501011204904765,5752.537757940074,0.2734223870361963,5678
148.4103428520648,-4.717775813491419,10012.893458317116,0.2847275444545805,1200
184.52388549981225,-3.204389547154422,8167.962962261064,0.37385278131115773,1200
208.2826342000414,-5.010838080365699,3976.0272744185104,0.19598183506566824,1200
181.35759278362116,9.24601489327471,10940.53527180385,0.13406004562546614,2000
202.1698705532923,0.6974917718957655,9190.46736666634,0.8276408076274572,2000
175.49432565785955,9.67901010183631,5690.826175627975,1.0965754337775118,1200
148.35561059712307,-3.3513410318416104,2659.0246100087984,0.19508425601007562,1200
172.04307554363365,2.1031952528452136,3219.2180558171713,0.758566350513855,1200
162.62618736366375,3.1316281140141276,2735.1381404995723,0.18415270118855692,1200
234.2527435998547,4.368701686493429,9907.501823536877,0.8652268516026493,1200
198.72235668560182,-6.451356653138283,10008.08115787214,0.40630128471702104,1200
153.51200705844596,-1.9342601868379652,9590.170616159707,0.17243960701503946,1200
173.33287923903762,3.070143010450482,9623.4952939637,0.4891021794759068,1200
169.1134867285594,3.463729728521432,2301.7208461462433,1.1894944798913398,1200
163.05357765438336,-0.8858199190535614,5846.139946800589,0.030696890877902297,1200
174.11710654197844,0.6112444004355071,9987.740087057333,0.22426755349038746,1200
178.94482834235595,-3.8311147625126325,6277.593989194528,0.19555442853421207,1200
216.44226243176834,2.358819154134069,7436.142649852525,0.14234270545510266,1200
219.6797869727571,-2.558056691996467,9187.360869448385,0.04644502094399685,1200
188.32686078508647,2.144253358880429,5927.746248347277,0.1193706360008195,1200
199.31833354923418,3.2222883932918593,3061.6609115258334,1.4746563570723896,5678
248.57209040441364,-1.536186622446178,4419.018140079643,1.4312896631677479,1200
235.12854736687913,-0.4283968852049716,5991.681547817332,0.4150068866938893,5678
191.03225609062196,-6.078982581267424,4213.465170728599,0.44155751048801073,1200
153.01780234131886,-2.166146148098539,7266.112378525319,0.9617892624201794,1200
214.1278645796488,-2.5665050254078645,5314.6654577287745,0.3711099797117747,1200
156.40996473951685,-4.0619818274630735,2398.3653594864327,0.24441296752056987,2000
234.44717723603773,-2.501724814305842,8768.546188803222,0.17034954116666734,2000
187.66831887397512,6.414919981083592,6042.304984378488,0.23798883731327397,1200
219.4727754247522,-0.8313803403280162,5290.890035934193,0.04982270597424324,1200
162.34837477091486,-1.0389913143189207,3774.1650121960824,1.0072996180573313,1200
214.15035177992618,3.3662979095331247,9624.68402042349,0.22012441787811574,2000
170.12334368797764,-0.060858981566733784,2401.2636687413346,0.1214543076654623,1200
183.64464938826302,0.01419542887469662,5175.953955173067,0.9580332150075076,2000
235.52130544438447,1.942239221842355,6380.233190745607,0.5279081187139125,4321
221.08225989918904,4.2589678518050444,5061.549740526615,0.034802240080177765,1200
226.6019599152895,4.442814136899263,10542.423755615455,0.8218595254903278,1200
193.8638617325915,4.5483654893995356,7774.0146370694765,0.7186479969339117,1200
159.34050309807776,-8.284501223156235,9217.825009059014,0.4105602510079552,1200
186.36036876176092,3.707812741287635,7763.779923173213,0.2323375568054867,1200
199.33982596785927,2.7000504413094437,2442.8073600889593,0.4157954519481002,1200
152.2463682876131,-66.17740189051325,3932.890206015956,1.4163769428263553,1200
228.3659844872318,-1.0610832594289092,8745.354819065193,0.13087330408361417,1200
199.27400195486103,2.535960233760679,7622.6760510361055,0.05300777053302209,1200
190.4494542003928,1.2261515865645032,8908.203760972763,0.6326230378299166,1200
226.44488100963633,-5.2176465648348715,3539.0542051550256,1.2873491393583971,1200
214.1589035158431,-0.23335032906313868,3953.962927797055,0.02276866740132193,2000
196.21273288787788,6.112733405269742,4074.610670082112,1.219196545073589,2000
184.4242466377094,3.2650205784027855,7329.069261051163,0.16926526110875456,1200
245.87646741136078,3.1776541818430366,5966.619088998121,1.0566622936483692,1200
188.45588977061482,1.5893481978039492,7943.595342965058,0.05694363049602967,1200
161.0100267892889,-1.4401572091573935,3081.3455715137225,0.0012792847886608902,2000
220.5683267152862,-1.8758524848298919,8337.163619986299,0.17838035824184603,1200
189.35413292319822,-5.3950101448253704,4483.668563442518,0.6035553568949152,1200
165.76435767756192,3.9229962150417457,4044.24896749956,0.14526123658620943,1200
186.47142214487434,-2.6820593454477346,6831.641031009934,0.4455136673554817,2000
221.13903473324353,5.484522826404053,10775.376076175731,0.39215110859473934,1200
244.7016792175529,-9.512926196635817,5074.010297728304,0.39914872575483007,2000
176.23379198941157,-5.12299648003848,3635.536583491762,0.0537275734333449,1200
193.0616982171403,1.7058918670118113,8656.675275626636,0.5613926307667476,1200
222.8434816964827,-7.423536038227528,2279.9265052056885,1.2793260802719344,1200
194.37621142354308,-2.45406644930858,9264.808588136495,0.3235554912228741,1200
169.13062014169742,4.374307405534358,8399.912916197376,0.039224100046620324,1200
206.7203406365221,-1.5477852955302287,4862.2300419037,0.1029645266224294,2000
224.1335644101879,2.1936821711613654,5847.553883330538,0.9871241317725734,1200
228.7917354500848,-7.012166581857067,2522.9106375056836,0.4527703787691284,1200
164.11958277289366,-0.505305764148609,10065.620313367119,0.06284451405179753,4321
170.7839571605586,4.670900822602407,7619.964812674266,0.3480039706895945,1200
263.92958246355033,7.548189448715218,4643.053451917376,0.28333013139278773,1200
253.39685892386393,0.14037673923728325,8995.620121752954,0.924252267060215,5678
168.35419797842928,-1.1627877244015363,4303.201617111883,1.2298021940279196,2000
198.0356205714491,5.273995788496967,6516.559942764531,0.17616174959008998,1200
203.0117733010974,10.092460966805579,9130.570262996855,0.31083699657292746,1200
178.286292285809,-12.272701705624428,6809.62263597166,1.2370806464047719,1200
237.78698868426042,3.365026274374963,10033.80201413116,1.0940503770371919,5678
183.7785584428707,-0.32736393486440435,7106.244425932896,1.0853733525560392,1200
225.2579846437916,3.3694495017274697,8806.74071306637,0.6472224074818047,2000
226.9642119406003,5.919670584797692,8310.59579014729,0.5648799731568561,1200
194.93284740290648,2.9972837374618093,9969.141965892955,0.10245439819309944,1200
182.55213947708154,1.7430810961857115,3798.9389454312213,0.6423030172562106,1200
227.2816906736333,0.0021515565912617394,2835.9130026559315,0.3106163196855031,1200
177.54588824362222,-1.306681981704863,9909.027427733545,0.14010998952558407,1200
171.35076571691624,2.4306795214766344,8273.877055107114,0.06318972563896628,1200
264.7460105430363,1.0001057866743945,10879.34042079014,0.0574248069471548,1200
183.31129191815106,0.5501597191466511,8687.416086511934,0.5013207039871914,1200
184.63426805196252,9.026381228044007,4005.384412428127,0.5395635975883147,1200
175.32260220185603,-1.0152323296621135,10306.818847265366,0.005935794086085957,1200
176.87109906993007,10.005462157324823,10526.518429589205,0.46771938400778623,1200
216.14097017673785,-1.2687539122302567,10398.822995080553,0.9609796051304524,1200
210.29694591025992,-0.017597646011600156,2112.9912313503783,0.08136905627469466,1200
202.36250146092422,2.4948799933980363,7654.334108789938,0.23715914998081333,1200
208.979440805406,-0.7791034202318702,10528.923934967077,0.40640434656978225,1200
228.23387868894537,2.239865337916528,8068.105064174323,0.3980759855219296,1200
222.72451590107002,-1.0092384239236196,5849.988969080376,0.7864607441158226,2000
168.3115387520865,3.606280928658974,10116.988723032206,0.5281081661965061,1200
238.77552415385344,-3.036095305623109,5009.763056972597,0.5821432519311047,1200
171.3062448773623,-0.19476407068762638,7098.858275388068,0.011529982863659687,2000
203.1000327335376,3.4837541114535835,4260.022253811179,0.8374159835761367,4321
164.2179744570255,0.14130072218642944,3393.559829249154,1.3557611252470942,1200
165.670619576374,-1.8791674644217269,3287.9257363957136,0.08203404566829615,1200
171.82252388681437,1.0760131943847109,7657.877730697491,1.5753763315476332,1200
175.2044955306598,-3.251276848767687,3506.3519833623595,0.03586865587141226,1200
178.68364070464938,1.1300022218788341,10367.344811146662,1.805044971433998,1200
205.37838598469042,4.59627982560773,7785.402195174793,0.25577089063749336,2000
205.10835382723673,10.714563751880904,5007.7381004692215,0.37379158677580865,1200
235.6161808037404,-5.7333986656209825,6364.203100170702,0.32579925843179175,1200
236.10354716126108,1.2826817742676504,5893.039430341603,0.17450861230001646,4321
166.84328354403556,-4.007516666567442,2778.3217972504603,0.27787020662535505,1200
229.54582405095397,-2.6356025080367056,8167.804153993436,1.718281531794994,1200
203.41267655369694,3.3273687009972934,9280.872195705519,0.09576484688378425,1200
158.50521581928854,-3.4712712244746804,7282.566340221683,0.29249870947337886,1200
525.5039911525481,-2.871311115781209,7391.448771915031,0.10518274643009574,2000
201.85192589133248,1.4376798332047502,2114.3588721978113,0.32226063633355545,1200
174.2141709525582,-0.8252725931946232,4987.915849429079,0.9482251254702712,1200
191.5000887787542,-1.325055413386087,4307.956244452115,0.3008855002574057,5678
178.5964393879428,-1.0755177922367158,10637.358022761659,0.18866032137652242,1200
180.44350222458493,0.7951064605282507,3188.195652040249,0.07421046564314282,4321
227.91749581809398,-4.151738368031573,3822.013689275427,0.6458313096553492,1200
180.2180451785478,-0.4314818088012252,6494.279071158564,0.7584648518287022,2000
169.96659130016417,0.3736321343973845,3965.860714548501,0.28537046572679076,1200
171.52365900139858,2.7015703264426043,3924.953684272264,0.6330921954188868,1200
223.33728337382976,2.6945769386968963,9762.786663349034,1.382702377669126,4321
169.17551678391683,3.829926288935211,3062.9670149008844,0.9749227098237149,2000
213.51769864805783,-4.29843700229184,7617.556560427504,0.09655960170828458,2000
156.98330598822392,5.23871099146635,10399.661799519483,0.11054329556702326,1200
220.05259914509256,1.3363827307702776,2291.5592435819526,0.0256875517825574,1200
254.43141443775215,-3.614691715531653,4251.317126371896,0.07105917771974504,1200
203.0145886798196,-1.038534364683437,7156.902977451305,0.1664401654002902,2000
239.90722752358334,-2.9267476014100766,3048.8709809143165,1.5759504421686477,1200
180.825317337573,1.247290860390957,7345.3005394395595,0.07607971392527496,1200
161.53521658736204,0.19137693702094766,5893.083203063108,0.1948665418990618,1200
209.88656003253075,1.192059731462998,4889.447532254055,0.07367629983745723,1200
223.50664918714753,1.5723347839544526,5661.296137735895,0.0625641416549597,2000
158.66892162246137,-1.4622961739826035,9938.68762399485,0.337588910574554,1200
178.03557050288788,0.9820456054573419,7670.156980945786,0.18242886570615316,1200
202.84194596489564,2.3985916183683993,7806.754132654022,0.6976991973911523,1200
207.5487537394684,-5.974649122953113,4684.530679931614,0.8368201449015695,2000
198.25338668933762,-4.058308703809371,6698.2227586532,0.7924962475447809,1200
206.84892419624043,5.84459798055293,4379.296125558227,0.24694862287298802,1200
211.65547515809945,1.2872947566482078,2103.582735860651,0.253733631349887,1200
151.02002188632457,-0.33075491113887756,4887.10613630408,0.5091971230411095,7700
185.3009587958484,2.4718197706260177,9571.542156817473,0.18727655682116276,1200
183.77720875735605,-1.4741617648860204,9616.476956358867,0.41227677340627955,1200
185.72492130449515,0.5898625828166978,6785.084707042573,0.7582052631737085,1200
169.3521643869079,6.6613091705329595,5956.906648834746,0.01892031308535953,1200
173.19883034346083,-3.10461957935082,7438.125599558421,0.010685120519580043,1200
182.57936307188734,-1.248910989881626,5451.940640987615,0.21540234429823574,1200
165.13569193756206,-6.7630662317850865,2895.548115083423,0.32109344651749544,1200
199.8442960916548,-3.5380854097829104,9607.956797236278,0.2902453376458064,2000
224.85390277795707,2.536511847779516,9670.629830532711,0.13328827714794098,1200
205.24372010103284,0.2978056342889691,5055.894086779698,0.36425157809847025,1200
243.6060088774632,-0.7474529944863689,8661.026385109655,0.5493512056623151,1200
193.96018988767074,-5.732716380530777,8468.117438290701,0.009612556809390809,1200
171.1151820606883,2.2104099554588545,2379.565152874197,0.8591906313531876,1200
196.06467665153372,2.20652986114911,8291.462825897597,0.3719142006588456,1200
177.00941374315514,-2.9703324099335053,5962.476807617278,0.2455632197293576,1200
206.6070102160936,4.171230561442342,7173.203899961898,1.1028550717329526,1200
156.7711978989099,-0.053011575029921806,9704.503829476354,1.6014314805379208,2000
249.05903400840884,-2.233343782648775,8135.128654137601,0.13413051547630234,1200
239.043975148669,-0.08556173044011244,4240.6642922812425,1.053310221008836,1200
180.46334478538733,-0.009027381170958167,6230.631660654019,0.06666991347479018,1200
207.6113642572302,-3.7682897907337964,5871.232036266457,0.16019897012575154,1200
196.09969748185898,7.9350753636021505,10299.584865005929,0.6235207187695044,1200
230.83775168750648,-2.3386277293394784,8817.61702688111,0.0470302159992381,1200
256.6799982302407,-3.3624773697354122,2421.5202384449794,0.10894390030837603,2000
212.28973814744762,4.752951673194732,10784.92699812064,1.4160567197673626,1200
228.58961642791016,-0.6810973172909706,2190.7779640061335,0.8296511719176376,1200
223.674503698245,-1.1518070086482455,9848.692763834862,0.4077226936178504,5678
192.94512354767565,-3.1539303929400515,5208.118842258004,1.8148863483794253,1200
168.95778850403823,5.242898090329362,2697.097827562172,0.8879632758745547,1200
217.56057964964387,4.462351344601858,2600.7094299900473,0.2462908392487198,1200
204.6887345817388,0.37486026819439255,9276.063726886805,0.6688090372971426,2000
228.8957516086141,8.237983082995507,5103.655643852324,0.3608639591041481,1200
218.5294155502207,-3.321523487444581,4077.334348770058,0.3764930317050378,1200
174.89738936067704,-2.580737476130894,8815.477158331367,0.9537994299362607,1200
200.62287377609303,-2.9115568789560284,2731.3211943590104,1.5850706433857369,1200
181.94837300184554,2.3736219678964914,4580.33017345523,0.06308817038010892,5678
217.11442987031762,-0.5581238355034935,4161.34439434309,0.5593968271700951,1200
179.90709073037885,-5.121543461013296,4759.909578859908,0.34012237855584926,2000
250.23804700851406,-4.32534462754354,4024.8548755031943,0.35847596625829997,1200
225.14746374768146,-4.813645378900054,3753.4805259252516,0.011901110065363495,1200
194.8528848268191,2.9600737235100785,4881.54557343011,0.18710325971144187,1200
225.2500465497103,4.178143207544255,6135.5176819141,0.07949814860334935,1200
164.8761559908213,2.6460702143252908,5144.871615693488,0.05698406155799636,1200
192.78463799337507,-1.6259156685170566,10172.859835832085,0.011977368747755755,2000
154.5161889261472,-2.6415024349121383,10939.046354930984,1.773431496258259,1200
175.96550130007617,2.9963825261473334,2720.269188066397,0.7300341560788475,1200
169.86767159772626,-1.3488083658513759,5786.215565290799,1.1966550762728119,1200
196.86706212041494,-3.846862523915089,3123.076343793623,0.37625326461948616,2000
247.8410101172534,6.847549405316209,9401.256100928862,0.15128246438920587,1200
248.36057841172342,4.585300790355812,8409.146113018636,0.1028427732753015,1200
199.00346068755263,-1.1254171219800082,7854.061086593276,0.08162327374292969,1200
138.9410196368607,4.49833029728722,4425.4948971939375,1.809858791215791,2000
207.09595615241707,-5.7527294980139665,5754.938040221851,1.0591940331326088,1200
205.39646772688164,0.5635746051807915,9863.597168189506,0.1632871658763551,1200
233.7599338193652,6.927888012217556,6239.769564493983,0.327388586313121,1200
234.39598634408588,-3.95411670144287,5236.805253358546,0.5564343164606943,1200
169.86863686310937,-1.2387887563994142,8603.82131746141,0.23698401012464954,1200
147.09907041879646,1.6163342603110735,3125.8839133728416,0.06543221378789978,1200
183.86292566125465,2.206271467605098,9804.38396034704,1.12541399504264,2000
222.31392651199357,-2.6687017651861797,6330.286448019853,0.23382880950130566,1200
223.05709303747048,4.178407423946045,4698.276231831604,0.7794671393327713,2000
196.18141266810522,1.206590554885026,7230.860071526021,1.073908240556974,1200
173.69447160095345,-8.491971921509988,9632.943287354992,0.11930289803543341,1200
232.172677319794,9.130803389257402,3163.0821271969326,0.33496617961339337,1200
155.11432099425326,0.9542991557100586,3914.7145073595393,0.4338867252417408,2000
179.95026672625806,0.7196911107658925,4448.416755929829,0.14342268207589284,1200
149.46950971864518,-4.313673186973677,7956.247269732901,0.04975981133857184,1200
179.73392168249703,0.3366332797720785,7724.735971288133,2.0413435864430336,2000
209.53415296077097,10.829644874347219,3119.586891516591,0.9545310444210942,1200
207.70454051022506,-2.563278901928168,3429.3578208655763,0.09838183379034228,1200
90.47722224200557,5.976493053968938,10678.71326772871,1.1418298420059814,1200
191.08399289734595,4.904284242328855,7776.242629353931,0.34749658186918564,1200
197.79040275865066,1.9756219817721397,5162.17869393555,0.9029524109049498,2000
165.66086219316392,1.4864228311860022,9374.9412729629,0.05571319606876313,1200
222.95285909271448,-2.9955526307753235,3401.948321063807,0.13027481610929387,1200
191.28349627849354,-5.125702932645703,9433.769486312529,0.20976285717463578,1200
188.13443960429603,6.418513126937402,4691.6179342538235,1.3669477473162435,1200
184.30576656012806,-1.8870696900649973,8789.83816403227,0.4206262608656729,1200
174.0822931250992,-0.3930537720568151,6538.6320960862495,0.186992418768976,1200
181.2875741006899,-1.7429781769641164,2164.6616047697617,0.45192648511557665,1200
198.6948899923106,1.2870912764010154,10857.047430755973,1.460385975896532,2000
276.4987659148533,2.987591292046284,8905.82292505097,0.14093780639165468,4321
246.16227868172732,4.201408543065159,7058.044144058019,0.06510013525298507,2000
222.79018015079265,7.735015163712193,6553.477826670724,0.9485232419023918,2000
161.18926634470205,5.592965092930114,6469.7000825324785,0.291203067132978,1200
216.82278922340646,2.5680554957948862,7287.013438397124,0.19308984167492185,1200
174.28881406809774,-5.850364771735227,4551.600436734965,0.4304920105638067,1200
192.11724126769693,0.5176995727604545,8593.7880319998,0.014859908014125423,1200
185.36906375152896,-2.2349182297362704,8423.89135361671,0.2544937299280297,1200
232.14330878901876,-2.7573697935878614,2033.6909756691243,0.30629841525975837,1200
203.91819348780902,-2.7283742619207842,9327.777230050924,1.1724319087761352,1200
249.34256807970917,0.6894250336705122,10303.149366050717,0.3953167918807403,1200
218.81384233748582,-2.9608193174925193,10027.220864572468,0.6541503823001765,1200
218.4446910524979,0.5981925822812496,4771.039808304944,0.26944772641196274,1200
222.3343533543949,-2.832306972134146,4086.041025197352,0.12688590877972625,1200
251.37517137434367,4.552701957225586,9990.519026333859,0.5367084696619575,1200
270.40170591142976,-4.0307213283019525,4789.073508011566,0.2096832363422287,1200
183.97850538048937,3.7034656812728204,2073.6871122923153,0.009763993103074424,2000
235.40314468109568,-1.1719094669844452,8212.556779635637,1.8701913816306204,2000
175.62599734956723,3.973369475498764,5458.406475054271,0.7310573278433465,4321
257.330164137013,11.023047840388811,9610.038218678179,0.028783573556194923,1200
201.70501759748296,0.6199700771323308,5468.456915231229,0.1405166119410765,1200
245.32624576813478,-2.2973674927424175,10507.44996317139,0.17421960781239204,1200
249.1405676616935,3.3509838053135415,9078.393296209317,0.4013714662379526,1200
185.35434061170022,-4.89015304563156,5267.325466612014,0.17096669319483201,4321
177.77024640554276,1.9077098169539748,7958.577724413388,1.2114338280049426,1200
194.9055135672954,-4.877036244742071,10889.4544235792,0.916585403801119,1200
187.29913035876123,4.5838982532671855,9518.076810412143,1.439027658655847,2000
227.4165336402134,-2.597228019647029,10384.863926689639,0.24291103171082726,1200
178.61170442073148,-3.1352309852203817,8810.475937226029,0.3454568208628182,2000
170.38102008124702,-0.3157872410363039,3281.4928827556023,0.13210237556958904,1200
215.09479187266692,-2.251810895991046,8172.5599717629,0.3060064673944358,1200
227.66790893754768,-5.247789749278276,7765.088989221603,0.6360284438535662,1200
173.3373153954519,2.529594494366804,7733.464996446126,0.4557985238009566,1200
220.20655134525646,2.4611935437202868,4353.456685788275,0.3541734147503352,1200
233.3996236925438,2.21270209778685,4646.858447504876,0.028418247118807756,1200
173.4059279781103,8.58467390339679,2745.850033705233,1.197870804792239,1200
207.8145514782522,2.7719154473743783,7566.414849027211,1.004307681458391,1200
151.41337324341447,0.3863935527941287,5820.701187910081,0.17287979467648867,1200
182.35874046363543,-2.127444674132208,3529.9146471107897,0.8968922844004787,2000
216.10731401365743,1.5612618582090323,4446.1202899340315,0.4040019950060468,1200
197.9587046706069,-1.4116401430342178,9749.814292122412,0.20814519525362474,1200
212.16578279655556,0.4268296683168712,2408.546022214246,0.07837727158533087,1200
244.86877008125526,-4.926463826595444,4096.701940265911,1.2561475887774274,1200
218.48750908113928,3.8695221377320896,4526.953715810458,0.048578412245590986,2000
149.54218639290517,-0.052968261718222096,10403.417887317943,0.4215726521780889,2000
192.13503598025423,0.3807872402337219,10187.249956533044,0.6573262695439006,5678
158.52072518276518,0.9681722149174727,9349.857221597525,0.11773042843914694,1200
254.02728709196083,5.675662429212354,9771.932913191202,0.08124664728490945,1200
126.50070530201712,-1.8728175156736013,2587.9368142768385,0.8172172416206988,1200
216.29031234667914,5.427827521929039,8672.626048504866,0.06378841604708446,1200
213.04349599992622,1.6188446565422232,4949.369298433598,0.5924190267278735,1200
165.33195884691037,-2.0851680768224656,10541.394124205854,0.29078631520921716,1200
174.40094630487815,1.8592345878791459,10978.688831451142,0.3244666891117777,1200
208.99316386183884,4.622615355766539,6165.850762718159,1.521773994915264,5678
197.59476828056373,-2.903052929062512,6098.278838083628,1.014021761737984,1200
171.6519180973747,-1.7750790956860063,4959.902977492747,0.19558961407857794,1200
231.3556681357759,0.5117045444842374,7914.234328201061,0.455141482863462,1200
218.38545299348317,7.105690730981156,5847.73153106899,0.8490534318186265,1200
150.34214676186542,0.042467519320353815,3232.9336669006548,0.13837749190083978,1200
235.28954135852905,9.650087856959036,4773.7867918915945,0.7362391752937257,1200
136.48303877680084,-2.0664781066753073,3954.2671696729963,2.0379189509067572,1200
165.572410687947,-1.326841641117115,4252.973781112052,0.19230834714014527,1200
211.07832425832106,1.8424171748108478,8494.872290407402,1.6837209839341438,1200
216.98429866576734,2.744046959676945,7210.023900078837,0.02973300646344895,1200
199.57004130604992,5.818499211557268,10053.995672814533,0.4820716553171349,1200
202.82501106693917,0.04738424699180991,5910.973482785893,0.08553757107919302,1200
177.6528795514265,-5.156420714830841,4069.614790867292,0.9648772075809059,1200
195.87264238210528,2.0662001914772063,582.3833770148312,15.479106252872997,2000
196.96826915200054,7.577880598459429,5518.479709284155,0.1262862614750527,4321
235.503224540188,4.556318650181557,8462.755360856932,0.45394629853250085,1200
200.37249763517752,5.096875890987818,3794.4335249541787,0.7757724484620729,1200
211.00705110038612,6.8907417520593555,3123.4064250652673,0.36254666445837413,1200
176.32729921349784,0.12776473645943345,9851.769975878342,0.4662984827710408,4321
234.8194694601307,-2.7972392518069493,5550.005672886947,1.5162160397657052,4321
228.16385272068882,2.3174495995375892,10713.580557452375,0.28013423475074817,1200
242.38977961047522,-0.8992244156755674,5617.954979712631,0.7968651168059296,1200
173.69341556994232,-6.212715768581072,7468.380666430755,0.046522634199495025,1200
144.79772750760193,3.1093717477401217,9829.139300156176,0.9310275390543505,2000
218.58028589023067,6.1482456261640674,6135.059847542285,0.07965216981619644,1200
209.22237663495198,7.002116742054887,9172.739639731466,0.15539317282289644,1200
213.45230766443026,-1.6452241829652283,6791.722433880761,0.9858854477673953,1200
197.59857773025712,1.156580928597946,3462.639910486132,0.7111660966430947,2000
169.88062102072317,-1.4042644413279934,8794.077096515422,0.0039638945641651945,1200
232.40648142256904,-6.880353718060412,7547.002852691262,0.04727744788590098,1200
195.72186818598416,1.1909667015218683,9564.103745303168,0.7058661169436709,4321
217.83727602398645,3.29495441504175,10697.620611021845,0.688949939241887,2000
188.02951029351868,-2.1814044539440958,6525.355248222401,1.6161564395086663,1200
175.45806640482928,0.08908696760524379,5930.58504526126,0.25767100214402766,2000
194.15079570756214,1.3663987595533742,2628.732441895181,0.5374594225516356,1200
188.90855475343594,3.1381296523287263,4707.474647969743,0.039088023525298304,2000
188.4995902660584,-3.846022396251882,2981.4027541726064,0.0452278442404457,1200
231.30653767009517,-0.18321029460944524,3645.2116548331005,0.3578094878747852,5678
161.7954176177815,-1.7407630023677207,3165.180593868544,0.05410566421551558,1200
202.201488432338,1.4904727869118202,6032.748321938188,0.28761737393111103,4321
151.4435880996425,-5.845128895583028,2482.6935857000485,1.4900704374580542,1200
212.36258839248865,2.1961089521258916,7146.8213116065945,0.014665630171369366,1200
214.70224240859292,58.34625697378558,6411.899837919676,0.3133404998016245,1200
224.71961610193105,0.43015815593042894,5110.728742488447,0.13772823318924463,1200
181.33159254688067,2.9637420101461136,2821.6810394814142,0.41142820131925256,1200
181.46171431838218,-12.169491527712916,4341.26326633056,0.04031205172074795,1200
192.2183359431152,-5.033113776065668,3262.400395961399,1.1457329151063231,2000
233.25313224347724,2.724559329314703,5870.553907375891,0.032977349561639516,1200
188.83928464317182,6.14059912827153,5127.775529649422,0.03221805339917985,1200
203.5234385102205,-3.3846147542084988,7585.525038346313,0.6153684429639945,1200
181.5520038895755,4.606039036236812,5481.064385262436,2.059371739898453,4321
252.69361170361384,7.4849304745831216,3555.559496429355,0.21712269480951144,2000
163.0853553366818,-5.007645022565377,5847.812676324122,0.37655579609630685,1200
182.5892132434432,2.5351909571777695,6473.150309883493,1.1683727273359945,1200
216.16385343171578,7.875905003460719,7809.799501083932,0.2409465329780969,2000
201.80857165079425,-8.241242309396874,6564.228996762452,0.20351862350909639,2000
171.29949841044572,3.007882624467817,2964.8529229284172,0.33935347871797744,1200
237.75943265316488,-5.291705407708424,5909.822873393357,0.5775454411602375,1200
168.19435902786097,2.095950744210313,6440.079274275871,0.11912816843777962,2000
195.8349580957297,2.7119086548369107,7010.2649122508055,0.38623593953100643,1200
242.46627729332644,-1.895958460076114,8653.020959502952,0.009561114495137234,4321
204.8400829337804,-4.769601816118544,4946.645621493821,0.051676730675049506,1200
209.13358800564703,0.5176421123157582,7744.396654677895,1.5424476106900793,1200
232.49923945773713,-1.5897508822296258,3883.4157418672085,0.022618092893930467,1200
191.54238707456105,4.093600617316168,8571.43505430039,0.3182438378796954,2000
220.12205503429408,4.645309304112535,3958.486407129507,0.4723895734790499,1200
236.09967254604626,4.948977020612173,5885.601839556146,0.36949344106098964,1200
212.48849600769773,-5.870037148315588,5182.295511602419,0.667810178476763,1200
219.16503265969283,4.997177338314591,4353.224254989302,0.6347634459136707,1200
179.17135946755346,1.519765079418104,10880.1078310082,0.8832239225859377,1200
188.8783575155491,5.642275392151444,8638.729750382143,0.0386238155723612,1200
228.39269458246292,-0.19093791999380133,7726.967159617879,0.05360981762388847,2000
251.57655447253376,6.07233953544826,9400.004912563905,0.11750454205941044,1200
214.55998858356685,-0.6864812656952567,7864.475220158327,1.403605636113708,1200
224.24548120584694,2.5701652924734817,7316.66761528402,1.6841653025814003,1200
190.10255383405993,1.1787558645314788,3855.4502607689806,0.9701791664522594,2000
210.83349835839607,-1.9403158316353628,8128.639049120513,0.012528477824039404,1200
193.0538356114817,1.416748428981411,9375.002095001259,0.4749865585722247,1200
182.56197539464145,-1.7598480881614416,2783.0111959439646,0.11615906154916142,1200
184.75696324293605,-7.251614889674227,6838.453620212718,0.05824617901669936,1200
211.70264902547797,1.1615900692932062,6196.344471956492,0.24511344258017848,1200
150.84928866039732,-2.796220892994605,8092.749313567244,0.5548340369259416,1200
161.01541470131838,-2.585450474290146,7807.198746005091,1.0333091397611027,2000
177.08133591575333,3.181866996586848,2041.9131327816638,0.2855666975758381,1200
203.48231660988318,-3.204350305090849,10659.51191767131,0.5560654267895206,1200
182.58632661015915,-1.0366640363907413,3697.537246236824,1.1453596184192476,2000
272.3465363625121,4.820731707364423,3872.4222354209696,0.010129228864265658,1200
158.92419490925388,8.403856823759707e-05,4150.287729098762,2.830307785099745,1200
174.42635341071957,-1.8425921853071536,2376.602359579193,0.09441598374978555,1200
145.17350159684264,-0.8315673349293298,7723.286111594693,0.00013634765404208182,1200
229.82561210022564,0.3552373205433001,4544.14085521296,0.13989269944843247,2000
172.185321335349,2.2365216513360755,8047.148676653736,0.11091335829408411,1200
170.081366516778,-0.8167590866361124,6907.870951466947,0.8707619062341385,2000
210.6840540025364,-2.215790490791642,6896.819869074099,1.0716089882084263,1200
229.03070791416002,-6.936768722077676,4851.6902842,0.308725171693307,1200
146.64397365927215,-0.8380223013398373,8544.05804873994,1.9541569377368944,1200
241.9591579291693,-2.16557045228788,10242.708552352544,0.6667575121343218,1200
200.32815727717488,-2.5591837199458687,7927.777960610047,1.738999413104841,1200
269.1441630290508,-7.0902467075278555,4907.303718501151,0.1811348388102009,1200
179.65387704908858,-61.453418072626555,7178.278282755666,0.23572451727752586,1200
236.75473858858544,3.838206569906435,2568.0001300076265,0.0158375088612489,1200
207.7482423068724,-0.8070641632882692,3766.695022176429,0.5486141019924335,2000
179.21534752070787,1.7667581005551978,3493.751082143116,2.1769522924833824,2000
198.08456936894416,6.368143632805136,5299.404064147422,0.4390745777998443,1200
210.56332873108244,0.8772754947606275,7653.061404328124,2.38175933708275,5678
177.73720715757673,7.415998560632273,9652.676236121299,1.0290752375334795,1200
175.99225835555154,-2.422937665463532,5197.344672872796,0.047666815086618346,1200
215.36104210947002,1.6040087443777553,6786.8030928975395,0.5314506387353417,1200
207.39977075151654,-4.1937712466439825,10826.74939274007,0.7298555901193133,2000
175.29989681878672,2.286941994933684,2846.0725459369705,0.3534670824124807,1200
166.19297049207458,-0.7347765938691676,3816.233245062071,0.7981718701975911,1200
131.59323369991623,6.9033164559924725,10164.896845881547,0.07795470967767705,1200
185.29635409212193,1.724150552959905,7649.673368387219,0.32002950558205595,1200
191.38350133988345,0.35680863118537687,2860.0662837271607,1.8874841252472305,1200
227.42604908126674,3.9195645961384424,6665.698300178462,0.09326230879473676,1200
231.48248664133803,-4.089504276706074,10704.02311109835,1.5118563536965632,1200
235.86708402682387,2.4718871006950094,10557.091056223404,0.33784295528433606,1200
197.7158770249537,-9.741190708842328,4911.397993482766,0.501139111797622,1200
175.0209484431709,-3.2551715165847837,10572.236629376715,0.1462384676494746,1200
240.2379697322983,-3.2478635859827705,6190.391850830373,0.89570284454858,5678
168.44336275877782,-1.1622668250033128,10601.339876482967,0.8623392819056132,1200
156.98764061590114,-3.8365200415282357,10462.527241129405,0.11875542855746427,1200
166.85390314234343,-6.773949093386712,6984.2694200517235,0.5400668962032228,1200
190.12861886498155,-2.32492589193337,7220.98559916801,0.14194570759604896,1200
177.35113655589714,-0.43882951339881293,10799.011685181662,0.5402782170751672,5678
189.1623070403338,-2.2664331680028535,7645.957231549723,0.5867078122441065,1200
243.81844149191056,6.104920187957311,7152.733980953273,1.7369542536726932,1200
173.85420829549864,0.4530246968497086,2673.3253107899804,0.21982471704853207,1200
163.5813718479177,-3.3037254036127206,7543.720068243449,0.17784416171769266,1200
171.14621158798684,-3.582953270603243,10078.546479468976,3.415729786711121,5678
192.08120285995832,4.41149713714402,9020.789628068444,0.5752926153013165,1200
191.24992363605614,0.1880783047039082,2549.48423415833,0.28489239363985375,1200
177.961772087872,2.9949635932196275,4770.756049718927,0.21306919923859496,1200
172.5316999793604,7.920114491352128,8545.885964813177,0.556891752409277,1200
190.87360900946214,-6.099919357713001,9615.592385719514,0.4093204675030719,5678
92.24727908181481,-58.19997398521786,6721.710702999622,0.429042586562747,2000
203.1585657876755,3.9540286428577613,7132.260592395473,1.1611048016228456,1200
173.84191638036148,3.3418077345045365,10026.15372052373,0.06166085945472078,1200
213.09341028012722,-3.402212305525304,2283.5474390171275,1.266623024164723,1200
146.09725823743338,2.9413238156283534,3376.583461685224,1.0876728280536412,1200
216.841617704363,0.02991023272677534,7423.9445479402975,0.6009461494462701,1200
171.13340143470447,0.36395393696928624,2389.4015214494475,0.17666032634422157,1200
207.5703760993782,7.813512462191672,9240.392900529121,1.9532000742535016,1200
186.12002567136176,-2.568876627451203,10665.108959593508,0.3890889596571385,1200
184.66902132359473,5.084625570790267,2364.4662545167803,0.8762805608438338,4321
192.46257025252444,-4.2860520784033636,8474.902791929413,0.6915619403055295,2000
164.55995113288702,-3.466758837069554,9219.026574551017,3.160399871245847,2000
198.7730675232583,0.1456023346930719,2886.954227778224,0.16298716993889484,1200
210.4149555628059,6.882900518033393,4543.1664252418395,0.19372239074622163,1200
199.1942647020152,3.5927184942373827,4434.321554962671,0.32080825813067876,1200
148.71679793135394,-5.436824600849938,7808.393616753866,0.006553865389958189,1200
156.8835176614357,0.7507568128560635,10970.377919862318,0.10413642319241477,1200
197.961970656563,-4.420353846194987,8526.171147413232,0.23952055904768457,1200
197.30768669167327,0.6435534716323142,8905.201424471561,0.7778441066245203,1200
246.733949120962,4.035399475920629,9679.814910516166,0.5247626512772137,2000
194.04085220618725,-6.769341751440047,4757.4196324189,1.8705250784394385,4321
258.07922841307686,1.0314720955438668,10203.494046965601,0.16836256701930474,1200
184.81202540456795,4.1382633856294015,8221.93022485221,1.0559486021256503,1200
194.9970268298311,-3.117119576370547,10218.642051017256,0.04416889594591868,1200
196.26818881630072,1.5619241077138262,9310.256360902016,1.2138218017905498,5678
189.87445971720456,-0.021053171239823455,7005.330943724342,0.1361554188724773,4321
221.99534672662423,0.5651759569100026,10395.177319000824,0.13635550613920788,1200
207.70753684868492,0.21358921942381306,8957.635828850296,0.1344111764491742,1200
217.66587504874303,-3.982358160480083,5469.68171140899,0.2139830255254184,1200
184.00410148365796,-2.4907616297626305,4302.424230032483,0.19863595055604347,1200
209.48155275833346,-6.3204043431340615,4909.700703965767,0.3631125786750286,5678
181.64548179602536,-2.0086506102681403,7064.6697563430625,0.36649172769490035,1200
175.25620187960993,-2.725432507459851,3190.655685136656,0.23072025506603674,1200
219.92704493934116,-4.4565820770694025,8813.779998018234,0.622518945654999,1200
221.13093425980253,-1.0702665276806742,4462.4570627726225,0.13755471440916242,1200
253.0721067652112,-4.119039217370237,7733.688996390381,1.380584838845518,1200
200.19612013337584,-0.7848208948403039,10938.37910436188,0.8216051457656474,2000
218.64585642142464,-2.774479298244554,3260.8332203258706,0.2452056326372961,1200
167.38667542882996,2.2939503122776146,4424.608768084123,0.45252690000132434,1200
207.97981973145886,-3.1262965630243724,10038.15481949765,0.6375591359241267,5678
189.30489772095405,-3.0624952572819226,10398.20650722638,0.851359357987152,1200
176.3079812293234,-4.95344890630861,7831.379730055729,0.14851486578257672,1200
181.25281469722594,-4.666766324192544,7236.982240391691,1.0763272776913688,5678
196.57352879630724,-6.370060748180823,10176.788634834807,2.390018409242326,1200
224.79028332190646,7.926801281493671,8383.553860265205,0.39052739659889935,1200
230.4450992099981,-2.8840836455338357,4360.1175948073615,0.6847644078135653,1200
220.48480321162236,-2.4852943194926227,3433.197429521293,0.03662656347165878,2000
258.9656336122792,2.4165195173075205,8501.60732453653,0.6818235995516254,1200
233.0292029024885,-0.9160192344580043,7434.096641724482,1.5876894715774574,2000
211.38551151170154,1.7375581182287254,10405.250848137708,0.6469780916345874,1200
222.46505047225546,-5.171191946179548,2058.347961912592,0.194376052656039,1200
201.76486032994305,4.523507604796696,10525.013998489296,1.395896818734783,1200
199.67696985021024,0.047464560278335316,7575.618659948157,0.2152009253111845,5678
172.31177011436841,2.1575755933643754,6719.383391622947,0.09058249159009277,2000
225.5430267379522,1.7217959844948376,5825.482293023035,0.1954089837702409,1200
194.05884609942777,-3.937581568062985,4059.6219974893907,0.48097327711385146,4321
196.4873749188839,-2.5065748640272725,7523.016909860989,1.07695156153793,2000
201.7873606131546,0.6232122507035961,4173.820625996913,0.21461356967622253,1200
216.53447018668362,3.370537768640346,2434.0734698896977,0.27688153847610136,1200
167.72201994321824,2.00206838238262,7637.449528086899,0.5980181573622338,1200
185.26610942762338,-0.10863237636640724,4056.7559539330923,0.01517561756859162,2000
169.67616753372306,-1.6322622110213814,2580.4289522355225,0.9867676086048318,1200
179.93425129472627,5.982649091684207,7161.101669449477,0.07676445476978029,2000
195.7003322756313,-3.019390826282573,9398.06330417381,0.09773276295298966,2000
168.30206348833235,-1.1303297158880017,7423.524079112743,0.31088729760580963,1200
189.00220268623818,0.10099757804812758,749.6794503173821,22.72558138339554,1200
189.18452108756017,-4.56134593813573,8977.91506274875,0.6493241245904146,1200
174.28738628699315,-1.022595816933687,10586.197759447457,0.23920183432995357,1200
222.7084307192179,-1.4544340478709585,6120.839251908293,0.3536978639562647,1200
222.46835417857585,-3.6205949691318566,7419.5943381985235,0.9440837578586692,1200
225.99612647887326,-0.30327583636863126,5030.729439703227,0.01344310674936322,1200
133.94381079536092,5.1214500311364795,6153.139683339588,0.09382271369961905,1200
228.09248128578352,3.1040208355833845,7540.769872441396,0.17509069276249561,1200
198.9678345628771,3.3299827222797003,8823.929914900255,0.09617180667150094,5678
164.04031101120856,-7.327263931801449,6151.20843969264,0.12397134972095171,1200
266.46930081227936,-2.353276405397356,2032.008289761674,0.216558659218256,1200
173.69862529213125,-0.18128360860514467,7785.279553974826,0.028708682818251823,4321
164.9446081407959,1.7953200131794198,7820.647589081571,1.1322463342850857,1200
228.5916040326195,3.831253398454129,7511.183951338681,0.815100455327725,1200
183.21686768378802,2.738286208469591,10755.196324738568,0.6826451650682714,1200
208.46806238253532,4.553650109961276,8468.69869344652,0.060253467037965004,1200
172.40725099654043,-4.778255424190664,4451.983032760714,0.002174285428037862,1200
145.78591343646934,-0.5494214305511459,6295.159288787335,0.0379291554020548,1200
233.59570952591858,0.38591078578215837,5947.072237727427,0.29997615545477974,2000
238.16534135629388,-0.07588688137620396,770.8168403223398,23.473421765503282,1200
221.01682576536325,0.5557187134049134,7488.871264675104,0.509884007200158,1200
223.84232622048617,0.6302739016409574,5942.218964746614,0.020331244987740794,2000
147.06901610716204,-8.459808965378315,9991.316978713665,0.3785174814760288,1200
215.081664656635,0.5765394291491728,2304.90294606277,0.08617530232906974,1200
164.2475455997827,3.9442123213566016,5689.103129482091,0.7068815085911802,1200
218.7899260318125,-1.7091528858832485,9739.109164689417,0.034033593385448375,7600
249.08101278428683,2.8918766707474006,2210.1861834728447,3.5693132609660556,1200
181.84652886850935,-2.688437924396287,10194.254574448218,0.33448237074556997,1200
207.2326623136849,-2.9160599536785194,6177.13690001424,0.9364250237040476,4321
214.8919664509782,0.006753496552563087,8040.8917305482055,1.0590330285984837,1200
198.45763938610392,6.015560063751012,9137.793679213682,0.32640362579993765,2000
184.3933799777718,4.556010108143818,7428.299248249182,0.020716712445690254,2000
214.10225813689436,-2.7799039688900202,2567.1466215848677,0.20326259423027102,1200
171.438421313495,-4.128338286996016,7002.828798899115,0.9771333203551329,1200
199.5542133793978,0.0023841084849956975,3015.2082649069957,1.1103812964551296,1200
234.56444259938016,-4.886571529429129,6340.961566408118,1.6315827653636674,1200
196.2430586109811,0.33578973671159723,3017.768627550511,0.14549427611249643,2000
233.54300148520852,-3.146404532666997,2359.062453665262,0.025787542932130245,1200
265.0443518202179,8.658519743373963,2694.5983319000707,2.1853082672230597,2000
161.0397195925751,-4.177237386738259,4122.347346678786,0.6526421764139673,1200
193.14007991647293,-2.6474498684977537,5222.198542193264,0.19081571828768393,4321
169.45721853112326,-4.161640691191083,9650.766004622954,0.9391166465422172,1200
198.51852730924358,3.1564443532098525,2294.0914226827626,0.037401233849596593,1200
204.918938483116,-0.6413207808150087,9139.85298696929,0.13562656483957033,1200
170.79895094246564,3.6685452636625926,2688.8686431558426,0.14535417357530248,1200
198.15885227183608,0.6258294079077363,10121.724206060191,0.050748277052889,1200
501.9010935609647,-3.0096627731817858,8561.888195994648,1.9598583551315867,1200
163.26039488446858,2.6347205407295093,7742.580150083701,0.42610251459391135,2000
227.3231111306777,2.4698381438195693,2275.3836340975536,0.12282948786964251,2000
192.8322195959869,1.9508721236928412,7960.0729663789225,1.6162326416915098,1200
150.474796012839,-2.3132958618834127,4114.952281083451,0.1271328031751006,1200
284.00815175279,-2.8313162292906973,9572.214245714396,1.2367926790797805,5678
134.9308295476846,-4.1231226286554605,6652.385943366989,0.03700921087367439,1200
203.66887916676995,1.9873023082320926,2440.0099310913,0.23048591283397074,1200
242.29440924308784,-0.20785162567312876,3933.313059731051,0.13224655903967641,1200
188.13911143477316,4.098567811788606,9292.82278015701,0.07443092935647941,1200
175.85886750142936,-0.11939498515533778,2300.0685746931817,0.3224879799315995,1200
172.72844521298546,2.3171674040093886,2607.534237021348,0.2168037426127364,2000
209.29371226823253,1.7741294574599842,9139.510850196748,0.06655122083525918,1200
210.22826385953235,-0.010373854503849934,10749.911876370936,0.5197628720406748,1200
255.26721097224146,-2.74416115273724,8298.92059956662,0.9012363153232209,2000
243.5091866494627,-4.895211313959195,2034.492190501812,0.21425999464784803,2000
221.39169818540563,1.1552301006654169,3346.8539522710507,0.46894570618792475,1200
169.1549103820961,3.2371753079926537,2908.089910309026,0.01671066664612209,1200
153.70111359341632,-2.134238513624741,3801.4304572775827,0.30383756600311135,1200
165.60825342310355,10.457941868082038,4661.809939161147,0.1242403687445271,1200
200.57078764473363,-2.384725070462803,4862.948535832972,0.059991755032480235,1200
218.071351966577,2.920969058896238,10530.673940354838,1.194797502531524,1200
488.0909657908864,-2.8386513265732978,3493.8013865466346,0.45985708461505875,2000
175.22303269520265,-0.8247570299291045,7991.088640069244,0.1525232069319559,1200
265.70262859945166,2.3364193130190163,6236.183677101955,1.7147401489028429,1200
201.93775838671706,-4.264873721292667,4462.45246419435,0.0321086636266394,1200
241.5436687024565,1.119999247003957,10083.933663646618,0.32575663996132637,1200
236.80239640401842,-6.3562106123201225,5320.597840524277,1.0413920432807047,1200
235.00187891770543,3.325900244892188,3640.333590496058,0.674897026306481,1200
186.76457897792247,1.3268416619727674,10262.839023127073,0.11085107429935814,1200
183.51996573686424,-12.086788285850488,2871.707938199547,1.8263474809482767,1200
187.98238940714018,-6.118287261581944,4572.888071113521,0.6964616188782153,1200
273.13362060642254,9.528217746345053,7890.9542455558,0.2592356361006883,2000
175.56272890908377,-6.595273781244024,9707.419914964674,0.10199425270372016,1200
177.29571880128353,-2.23857142833617,6747.759125982004,0.2540976302259225,1200
164.78877298160282,2.3027928812114866,7525.650038626208,0.22831253292403506,2000
188.41736782154095,-3.8768472459871757,8754.09435931106,0.09242502204850729,1200
208.66357005751794,-1.668030251828281,3943.8253059454573,0.909401690741553,1200
231.636276905897,2.531768494796204,7544.192879697985,0.8054836659602563,1200
196.98673270773847,-2.9864403172883938,7661.214449502796,0.5180129423098753,1200
165.00661711661144,3.893157773605836,9720.417882073882,0.18398483821759323,1200
156.08637366361978,0.6482424418134759,7804.097922313649,0.3819728440324409,1200
199.43178743120447,-0.11096002336970709,9338.694546295532,0.32208703488377644,1200
175.60799222129003,3.348631850246317,6118.211160021123,0.7102024333544258,5678
200.02638022642284,2.248034297538858,9507.843876220564,0.06516812781577175,1200
149.60614503868294,3.311067618290287,5035.1830152967195,0.12538388025550198,1200
233.6664965026214,-5.36701843712221,8142.951489492483,0.2562707190822475,1200
242.56319003672607,4.092290616233983,6157.586637841507,0.3489930064852761,4321
214.39768082318125,0.899520990700944,5650.397403364903,0.592251082227371,1200
192.06724123311494,-2.314677067857752,6068.408941376963,0.4466971425383225,1200
225.89581516317145,-0.4703273494944227,2890.5539934938697,0.8294613047712037,1200
192.8290186548715,2.60807774780849,4447.343729006015,0.7230778468546285,1200
212.90159829047772,2.086171438096277,4316.659709121542,0.2158042577235318,1200
183.28209027645747,-3.958274709109908,9182.40833900456,0.008844259235098167,1200
218.36339232125684,1.468535613247774,10614.368079910118,1.3372934281897766,1200
189.20997575322136,-2.9653095751427596,6174.019897630189,0.2807909992986018,1200
175.31040129629724,-3.18820972465034,7258.72960302629,0.04594193174761189,1200
178.11128361737192,0.4744364115075002,2179.7605612120374,1.0846544938717733,2000
178.5957418865275,7.158037884691316,8719.03051518224,0.2928461327866313,1200
180.25367744646627,3.752880034889302,2326.3815219852836,0.019798251991522124,1200
199.59838979106786,-4.284935359949496,7014.945107925011,0.784305586646733,1200
222.26344347193796,5.529906431267056,6777.1646217200605,0.6546520123590125,1200
157.80699727313106,4.423459625222591,6660.165303923271,0.14723229282008882,1200
126.17242727559632,-9.391632981187598,10776.647106467168,0.09122016991415742,1200
186.3775848436122,3.2630273489699384,8320.800293006727,0.2404741548152975,1200
191.78313928830624,-7.181656852958768,9012.061313070753,0.37146832234486477,1200
207.8218188455448,-0.132358651877091,5382.34671162609,0.5707177021363,1200
230.2966809597414,-2.6656880363287376,9663.993709249575,1.4366936834510444,4321
204.08425943329513,-1.385614375785121,4293.344198767827,0.026497105872604145,4321
229.15662316379587,-0.5758721838200003,4174.483191935609,0.12698313900767488,1200
201.2721463269803,0.8598720489376458,6970.962838021471,0.8028750854820669,1200
142.79488702965443,2.0375880225790493,8010.550345999802,0.3079479487141227,1200
187.5574302308055,1.4575189101223713,3647.8718570482097,0.6478113874356061,1200
192.99664974159074,-0.9225494539046469,9681.674201632812,0.21148986937679484,2000
196.11626447575125,-3.148494605223587,8829.544093687124,0.2760082075416818,1200
225.40976126973533,-0.45747827006542885,6624.683136647527,0.23597246349902484,4321
213.6448046398001,-2.6789700092507043,8256.2473170685,0.28073686287801153,1200
208.51697097311512,-0.03292910849998538,9711.574733949048,0.5983182460438331,1200
196.3006111204652,-2.8917971316208178,8841.627755639423,1.7593881887548761,1200
202.4279506366,1.44292461467628,4058.4805925647297,0.048470060169010946,1200
186.92579634031136,7.359969996221106,7837.023956730109,0.9208721306169025,1200
190.22705355128824,4.53834279114642,4656.404680019785,0.09083933708857268,1200
143.40789967916442,2.4894607665360367,3590.980013528073,1.0957128191372922,1200
232.93119599476137,-11.712886029237588,2572.5942821930294,0.04228350518344988,1200
195.7317475869654,-0.4092247678369896,2766.123658239991,0.9907501068217779,1200
218.8451326649683,-6.492276952646207,7488.9899691595565,0.05239217705056883,1200
157.53611949641018,1.6818057447751384,6241.633193550844,0.9523295482426992,2000
176.67620334601358,-1.3577474376233158,6191.0842236896915,0.009646082923546701,1200
177.82594500799905,0.8998584876266545,7539.034995784236,0.1056834006773269,2000
530.7175638682218,0.43070103719613584,2114.206093925744,0.10713562599128575,1200
209.52599882679553,-3.2926275384051347,8462.692756331275,0.027095707133211147,1200
216.03099385136616,-2.124852089431952,3640.4759075303764,0.2665500922546087,4321
193.94724914628662,-1.962191201394877,4504.719987825512,0.52746660083351,1200
184.65287766260133,-2.6631625831047465,4489.182276927555,0.19183281314333425,2000
230.831835143069,8.323128415343433,2752.336691948308,0.02066916133433711,1200
185.0153414291155,-1.1573982866861723,10697.235230022072,0.16322183993806733,1200
257.5358491234846,-6.803571463887475,8341.660752311334,0.6879811758083485,4321
275.57478612937626,-0.5964140503388844,8255.892388640628,0.9811734057724444,4321
140.2380959932981,-1.143874831263428,2247.412660047142,0.25843864647843695,1200
219.19419401895803,0.622434757360193,8951.406331502152,0.36191406916896296,1200
211.41577150961902,2.74523589870368,5136.326538346571,1.1246787443808381,2000
169.23058537075298,1.8143502863308076,9660.673804833183,2.554933507562064,1200
160.9044155440942,-2.6448615727693987,8659.916792589029,0.14928637618811655,1200
206.22201809556836,-0.5391480289989263,5702.432543332301,0.3032810407101042,1200
161.59993319483763,-4.559430077166234,4594.436485625336,0.4811368763583503,2000
205.7345060973468,-6.020858341759415,3100.5308564188417,0.24824151756314464,1200
221.24279193743925,-8.38757536419237,9756.031712551776,2.0607450833149246,5678
258.10228319017756,7.2222369911382,3653.1022844951567,0.4393240026951879,1200
206.49830814957542,-0.8455427420820195,8427.785695566155,0.3222344119203441,5678
205.78166536231882,0.5586655008835228,2852.279873374691,0.0069686468887968055,1200
219.45582042312648,-65.78003901943312,7202.0064418371285,0.013411590560584535,1200
182.38968668121936,-1.1203906509432633,6649.736241065845,0.053169710005613886,1200
202.67281867941207,7.66430334815521,8070.248728652711,0.20996464252123082,1200
223.75809827196002,-1.046958015326411,9804.656996021586,0.2638427438868372,4321
191.06916151414066,-2.090143107544973,2734.104369437554,0.35984424223469824,2000
220.60692898966474,1.9329215559987505,3343.332067612987,0.30808755699713286,1200
213.09936154099086,4.834860503357805,7281.338530526241,0.33984210749036203,1200
183.84986692091542,-1.8695495185407822,4750.37095339502,0.13028945105899817,1200
227.64072018058746,-1.180280358644993,10252.527884122024,0.10121142992870465,1200
203.43913569679196,-0.24473672163264582,5068.003478678791,0.9214313210174541,1200
209.91350906959877,-6.439460902780852,5545.737465171704,0.8799971369330132,1200
212.2009486869352,-3.1843678700209237,6269.038845155564,0.3317114257661369,5678
222.75330916963904,-1.9546039802732136,5875.25447136756,1.0670943411463036,4321
188.3162461102777,0.28989156400120053,2463.036677510553,0.40332912733089005,1200
181.04201943520107,-1.6913626729281899,5931.3533970809585,0.7323280603984605,1200
200.325153407088,-6.321183010994569,7688.400270510297,0.011966645894964389,1200
183.12583636155705,0.19259342819828124,3747.2454348477277,0.3976009010882701,2000
138.93980659787513,-0.07046731779919785,7099.646405081641,0.3436482878995988,4321
150.87612302350232,3.2846792074328155,2512.39138179817,0.06746869918301412,1200
221.53943401802033,-3.2629490751432746,4764.4434048576095,0.25751342954176876,2000
194.93971133937566,5.881336152988112,4517.428256582962,0.12075037666009328,1200
186.74761988247215,2.9652252139105246,5419.814476283065,0.5204923956939022,1200
205.23123898184178,2.224271535249724,7622.393528689383,0.2350215646618609,1200
224.6587776667336,-3.833703938157547,9566.80006707795,1.1369095374172689,2000
210.42498157970078,-2.9832936652201467,4803.046547898641,1.5008692722819645,1200
243.14208702439936,-5.87570062187671,9059.449724537171,0.33165752761069145,1200
141.74692983404452,-0.5366135717723701,8038.598195997331,0.405290654820877,2000
217.32215748416712,-1.3270868173107948,5460.7157014879685,0.5215385795508304,1200
216.75414767951463,-0.8612207844076728,6691.055268562857,0.7083815702794972,1200
197.75377764037452,-0.9735182741206937,6757.578494910124,1.0277951391332774,2000
232.59242376557074,-2.3880150378822504,5055.254572605776,0.1199554614068067,1200
204.69641279637932,-0.6733354024830164,4037.3199802541085,0.373539797411887,1200
184.98478138131532,1.732317952153688,9294.122817230374,0.11011598877327401,2000
228.2124486726694,-1.850461893136514,8756.997744123284,0.44662224062884137,1200
150.3288775296645,-1.1713600822079488,4028.0297595202046,0.10094750734478082,5678
221.16818100092746,-1.323812829400059,5532.637330615171,0.22930323490625557,2000
211.60841597359519,-4.452546512462598,3076.8087997865723,0.36737209302148394,1200
214.78211854875357,-1.0262828872984084,10057.756342531571,0.2304513078442882,1200
211.58887756558167,3.3396217082885653,7675.270888165862,0.45431311295499077,1200
266.83780216813847,7.412927590186652,4306.832196230742,0.5961225899379343,1200
192.06487041041083,9.007635994740362,2854.2912738274235,0.6129334128260674,1200
213.17135647873818,-0.1426229943579198,10252.106515646708,0.0854903252168217,1200
271.7823290007777,0.5005264388236396,9967.403923109076,0.11318123151664479,1200
172.84627288697416,1.9633048593902318,9406.514733573997,0.11710323237928363,1200
208.64259060953594,-4.210048952225197,6126.22822892643,1.088787196420886,1200
209.51454893262135,0.3930311059783674,8288.286987076575,0.3490808921161174,1200
209.5021070357006,4.093505981383664,3459.481661100778,0.7109632235457677,1200
205.02295630499432,-6.442313437043806,3174.0553010028284,0.9468091228646233,1200
202.98195028987917,6.6947770876210235,8898.90130261749,1.4901443759496578,1200
169.74000270604685,-0.6491535681554583,4999.345086986665,0.029090729884945852,1200
161.77666599132215,1.7065508966984255,3271.725407536945,0.18300352192385513,2000
177.12234809419357,0.7877301482562222,3776.470308464168,0.22212172362495117,1200
212.53103707992943,2.750023382538536,5745.999287692777,0.16316391709020284,2000
184.77750387936385,6.716973090774625,5643.357119356311,0.2843145543773496,2000
186.5481534972623,6.492633762284971,7455.967136091418,2.4261769706297205,1200
144.19669473717354,-2.5987262804287163,6111.705010588001,0.08283343630070092,1200
168.7625080110992,1.9692030167676078,4622.613105775441,0.4501788860083251,1200
212.7754220531606,-1.6443565923270267,2341.6396627470535,0.09960878511102085,1200
194.07933245292932,2.885878243026012,5458.815175527221,0.36632260039974973,1200
248.11342633167868,0.13866162122493547,8134.87478676015,0.6802869739863987,1200
210.70712726066137,2.0059733722686817,10801.163912858201,1.0250237573820593,1200
261.2797242296907,5.336353237688184,4972.3159174582925,0.0553366047683512,2000
202.96309634493142,-1.838470841582061,7588.821901372526,0.9204566986789572,1200
164.11530838360096,0.9681187356059361,7548.840423588155,0.2597028949196375,1200
209.97873865317356,-0.6172375402936697,3262.8384106564117,0.20468897431108488,1200
161.55470077745414,-0.44182241219175383,9773.840782376534,0.3445436941367325,1200
186.68939671129647,-7.920442394036461,3543.364305788512,1.3425409712687517,1200
202.15539310068718,-10.418986764600948,2311.200931025533,0.22754770376478148,1200
